file_name,pesq noisy,h4d5 trained on all,h8d5 trained on all,h12d5 trained on all,h24d5 trained on all,h48d5 trained on all,h4d5 transfer on car,h8d5 transfer on car,h12d5 transfer on car,h24d5 transfer on car,h48d5 transfer on car
SNRdb0_p298_225_100,1.394729733467102,2.87593412399292,2.3182752132415767,2.8385617733001713,2.996304988861084,2.7959938049316406,2.7213611602783203,3.281437873840332,2.785075664520264,2.660057783126831,2.5557386875152592
SNRdb5_p339_212_100,1.7809107303619385,1.7246956825256348,1.9554266929626465,2.3525257110595703,2.7797985076904297,2.433910846710205,3.430753469467163,3.526170253753662,3.3436281681060787,3.5407936573028564,3.542217254638672
SNRdb10_p299_278_100,2.0544118881225586,3.540313720703125,3.2647981643676762,3.586951494216919,3.58182692527771,3.7242023944854736,4.0186448097228995,3.888939380645752,3.927494764328003,3.8929696083068848,3.856346845626831
SNRdb20_p306_358_100,3.8276889324188232,3.6153368949890137,3.5759613513946533,3.4388818740844727,3.835260391235352,3.837016105651856,4.057415962219238,3.997179508209229,3.9143083095550537,3.817869901657105,3.780563592910767
SNRdb0_p335_049_1043,1.1869595050811768,1.6482539176940918,2.1198947429656982,1.715126395225525,2.24428129196167,2.3136765956878658,1.8031466007232664,1.9088699817657468,1.7669706344604492,1.9500527381896973,1.9158552885055544
SNRdb5_p298_056_1043,1.4161447286605835,2.0204322338104252,2.0615971088409424,2.2317452430725098,2.143468379974365,2.342676877975464,2.034684419631958,2.1261429786682133,2.028404712677002,2.1644151210784908,2.25390362739563
SNRdb10_p343_018_1043,1.5706193447113037,2.4061427116394043,2.7400505542755127,2.6268646717071533,2.9469339847564697,2.830163955688477,2.835301637649536,3.0767590999603267,2.908186674118042,2.9738473892211914,2.92254376411438
SNRdb20_p339_213_1043,2.643404245376587,3.149366855621338,3.50166916847229,3.498033046722412,3.8020966053009033,3.917003154754639,3.4940662384033203,3.722309827804565,3.7209258079528813,3.78235387802124,3.831125497817993
SNRdb0_p360_313_1064,1.3330237865447998,1.5192902088165283,1.4280763864517212,1.516082763671875,1.8712358474731443,1.9480116367340088,1.6342225074768066,1.7877035140991209,1.8673806190490725,1.70719575881958,2.0598723888397217
SNRdb5_p339_212_1064,1.1791907548904421,1.3986337184906006,1.4111615419387815,1.5024899244308472,1.5119116306304932,1.6087384223937988,1.4009562730789185,1.6376810073852541,1.920461177825928,2.161853313446045,2.459611415863037
SNRdb10_p343_366_1064,1.3541043996810913,1.9839519262313845,2.0108919143676762,1.9630956649780276,2.0517411231994633,2.481155633926392,2.113802194595337,2.1776723861694336,2.3065922260284424,2.4368538856506348,2.619141101837158
SNRdb20_p246_135_1064,2.7120897769927983,2.9455654621124268,3.159548282623291,3.1382160186767583,3.357234477996826,3.6009416580200195,3.45190691947937,3.4162113666534424,3.2300262451171875,3.6041202545166016,3.744328022003174
SNRdb0_p299_251_1066,1.384906530380249,1.7166485786437988,1.8081007003784182,1.7363277673721311,1.7435157299041748,2.680680274963379,2.42724084854126,2.80103063583374,2.621509790420532,2.962352514266968,3.0393872261047363
SNRdb5_p298_185_1066,2.3694615364074707,3.4965689182281494,3.358849048614502,3.222095012664795,3.3570127487182617,3.315443754196167,3.0582447052001958,3.3572590351104736,3.107435464859009,3.283708095550537,3.3485255241394043
SNRdb10_p298_343_1066,2.3159780502319336,3.2892425060272217,3.331043243408203,3.388458728790283,3.489905834197998,3.5064523220062256,3.15653133392334,3.3053433895111084,3.1489741802215576,3.3982419967651367,3.5675830841064453
SNRdb20_p343_106_1066,3.71468448638916,3.709415435791016,3.593921899795532,3.350013256072998,3.8934500217437744,3.8223721981048575,3.884305477142334,4.072308540344238,3.5611629486083984,3.794602155685425,3.794013977050781
SNRdb0_p299_349_1084,1.247016668319702,1.8146955966949463,1.9193394184112549,2.1696596145629883,2.16579818725586,2.398927927017212,1.7373695373535156,1.703036904335022,1.878697633743286,1.935529947280884,2.0234823226928706
SNRdb5_p306_119_1084,1.2362115383148191,1.6567330360412598,2.0828075408935547,1.879965543746948,1.908205270767212,2.162638664245605,1.7177433967590332,1.6989967823028564,1.7320172786712646,1.8845329284667969,1.80629563331604
SNRdb10_p303_344_1084,1.6506993770599363,2.411322593688965,2.5828266143798833,2.4748966693878174,2.5882747173309326,2.474374771118164,2.40891432762146,2.40575909614563,2.276733636856079,2.0411043167114262,2.3215606212615967
SNRdb20_p281_227_1084,2.9818272590637207,2.753937005996704,2.796925544738769,2.821732759475708,2.54611611366272,2.635395050048828,2.7015221118927,2.906134605407715,2.6427135467529297,2.8044471740722656,2.745575189590454
SNRdb0_p281_449_1092,1.1020544767379759,1.637317180633545,1.4245779514312744,1.682975172996521,1.7476758956909182,2.4377450942993164,2.232120513916016,2.3717989921569824,2.083240509033203,2.3552944660186768,2.549537181854248
SNRdb5_p281_440_1092,1.750754952430725,1.9770888090133667,1.918006896972656,2.0199120044708248,2.0407681465148926,1.9851019382476809,2.2299609184265137,2.2231669425964355,2.1771481037139893,2.0032606124877934,2.00934100151062
SNRdb10_p281_218_1092,2.421714782714844,2.8921523094177246,2.8722362518310547,2.932238340377808,2.958106517791748,2.629128932952881,2.930187702178955,2.87382435798645,3.1689574718475337,3.140122652053833,3.0700719356536865
SNRdb20_p303_018_1092,2.8025145530700684,2.9432806968688965,3.1503748893737797,3.422071933746338,3.265777111053467,3.6817545890808105,3.882600069046021,3.9819819927215576,3.759762525558472,4.0496811866760245,3.842337846755981
SNRdb0_p281_262_1100,1.6116825342178345,2.310272693634033,2.6273159980773926,2.5692269802093506,3.05755352973938,2.948709726333618,2.8006317615509038,3.0033833980560303,2.72393798828125,3.1628758907318115,3.024425983428955
SNRdb5_p306_319_1100,1.7560502290725708,2.7461724281311035,2.6739342212677,2.5645983219146733,3.0103631019592285,2.6477625370025635,2.837775468826294,2.959734916687012,2.6116793155670166,2.844377994537353,2.671507835388184
SNRdb10_p306_199_1100,3.022725343704224,3.572699785232544,3.6137754917144775,3.4704189300537114,3.768327474594116,3.7395808696746826,3.853327989578247,4.003828525543213,3.791104793548584,3.8072991371154794,3.6729521751403813
SNRdb20_p299_147_1100,3.849230289459229,3.523118019104004,3.7613239288330083,3.7663695812225337,3.9496426582336426,4.00808048248291,4.2815494537353525,4.191144943237306,4.107512474060059,4.234950542449951,4.0681891441345215
SNRdb0_p249_244_1150,2.265552759170532,2.7256224155426025,2.986789464950561,2.9527060985565186,3.0666489601135254,3.079725503921509,3.2756471633911133,3.3180277347564697,3.0598576068878174,3.126237392425537,2.9363067150115967
SNRdb5_p281_448_1150,2.352034330368042,2.512341260910034,2.582642078399658,2.6967129707336426,2.6998190879821777,2.782632350921631,2.9482929706573486,2.774113655090332,2.993497133255005,2.9924819469451904,2.9084243774414062
SNRdb10_p335_406_1150,3.1322245597839355,3.573702573776245,3.1005065441131587,3.5908865928649902,3.828036546707153,3.852861642837525,4.115931987762451,4.125746726989746,4.12020206451416,3.9534616470336914,4.046223163604736
SNRdb20_p303_120_1150,3.821747303009033,3.1975209712982178,3.7417397499084473,3.631248235702514,3.672697305679321,3.2393441200256348,4.0826921463012695,3.962294578552246,3.8446743488311768,3.996836185455322,3.428589344024658
SNRdb0_p343_260_1162,1.360882043838501,2.3198282718658447,2.5576212406158447,3.03537654876709,2.47249174118042,3.335702657699585,3.1322727203369136,3.382496833801269,3.1391992568969727,3.393229722976685,3.534636974334717
SNRdb5_p246_224_1162,2.539851427078247,3.3553478717803955,3.401618003845215,3.3546600341796875,3.491013765335083,3.6219286918640137,3.599055528640747,3.832434892654419,3.5634701251983643,3.7970180511474614,3.7640366554260254
SNRdb10_p281_007_1162,3.551970958709717,2.8326187133789062,2.6049299240112305,3.054556131362915,2.813446283340454,2.7146680355072017,3.1797657012939453,3.220122098922729,3.142390251159668,3.206537961959839,3.0156641006469727
SNRdb20_p281_446_1162,3.976475715637207,2.9064638614654537,3.2149469852447514,3.3228111267089844,3.3187143802642822,3.1578600406646733,3.821391105651856,3.837601900100708,3.4289028644561768,3.7480015754699703,3.194856882095337
SNRdb0_p251_212_1164,2.0518937110900883,2.0832948684692383,2.594792604446411,2.7548253536224365,2.520853281021118,3.066749095916748,3.1641342639923096,3.4388182163238525,2.953781843185425,3.5483715534210205,3.3015894889831543
SNRdb5_p281_403_1164,3.1574480533599854,2.528735399246216,2.7390024662017822,2.7118306159973145,2.2977404594421387,2.5330331325531006,2.7703840732574463,3.0739223957061768,3.1326663494110107,2.9452030658721924,2.8046875
SNRdb10_p281_007_1164,3.69956111907959,2.802504777908325,2.444145679473877,3.0896358489990234,3.0129201412200928,2.9901840686798096,3.1427092552185063,3.246934175491333,3.4768567085266118,3.392343282699585,3.080726623535156
SNRdb20_p360_263_1164,4.233476161956787,3.1796157360076904,3.3698427677154537,3.288663625717163,3.185940980911255,3.1168153285980225,3.5901720523834233,3.8124265670776367,3.819952726364136,3.4841554164886475,3.0932314395904537
SNRdb0_p360_161_1171,1.2521231174468994,2.054309129714966,2.326224565505981,1.9899511337280276,2.07342791557312,2.5514516830444336,2.6380560398101807,3.091726541519165,2.742640733718872,3.199501276016236,3.000985145568848
SNRdb5_p298_288_1171,2.234330415725708,3.192224740982056,3.2986881732940674,3.3885161876678467,3.60733962059021,3.645139217376709,3.461866855621338,3.5261154174804688,3.4576811790466313,3.412192344665528,3.453330039978028
SNRdb10_p303_344_1171,2.4129793643951416,3.4148998260498047,3.540714740753174,3.615805387496948,3.8215258121490483,3.6575298309326167,3.8580052852630615,3.989101886749268,3.813898801803589,3.840735912322998,3.8601231575012207
SNRdb20_p343_087_1171,1.7972753047943115,1.7866111993789673,2.089933156967163,3.2928292751312256,3.8957092761993413,3.81953501701355,3.74870491027832,3.910408973693848,3.668845891952514,3.740851879119873,3.883902311325073
SNRdb0_p306_246_1174,1.1625406742095947,1.635732889175415,1.9760587215423584,1.5414468050003052,1.753252387046814,2.3171916007995605,2.315279960632324,2.597484827041626,2.470036506652832,2.928492307662964,2.840980529785156
SNRdb5_p303_130_1174,1.3282840251922607,1.5495257377624512,1.6451117992401123,1.6066713333129885,1.6263594627380369,1.7385193109512331,1.7814204692840576,1.7060399055480957,1.68259596824646,1.7413759231567385,1.7147253751754759
SNRdb10_p251_104_1174,1.85050904750824,2.8425981998443604,2.703580617904663,2.8576948642730717,2.6994991302490234,2.701364278793335,2.8943555355072017,2.919931173324585,2.856534719467163,3.1148383617401123,3.040287494659424
SNRdb20_p251_024_1174,3.532744884490967,3.365617513656616,3.2581157684326167,3.538923501968384,3.6085052490234375,3.3671963214874268,3.706644296646118,3.817873239517212,3.58135724067688,3.679774522781372,3.4546434879302983
SNRdb0_p249_269_1186,1.2701773643493652,1.755774974822998,2.00559401512146,1.841796875,1.7005255222320557,2.169754266738892,2.0161168575286865,2.0264220237731934,2.0012688636779785,2.2664146423339844,2.177645444869995
SNRdb5_p303_220_1186,1.5945615768432615,2.7847814559936523,3.0814666748046875,2.821253061294556,3.0183544158935547,3.0834646224975586,3.130629062652588,3.2344534397125244,3.045464038848877,3.228878736495972,3.0716931819915767
SNRdb10_p343_341_1186,2.005075454711914,2.768132209777832,2.9547195434570312,2.8912148475646973,3.69068455696106,3.811326503753662,3.683637142181397,3.6430683135986333,3.518057107925415,3.802390098571777,3.8773210048675537
SNRdb20_p306_139_1186,2.0498180389404297,2.361649751663208,3.2873177528381348,3.4337329864501958,3.5659754276275635,2.520435333251953,3.6892485618591313,3.96851658821106,3.656818628311157,3.8715121746063232,2.647877693176269
SNRdb0_p249_024_1195,1.1257774829864502,1.361542582511902,1.4492144584655762,1.4623831510543823,1.649225831031799,1.8612275123596191,1.4530806541442869,1.5338224172592163,1.4270751476287842,1.5266768932342532,1.660539984703064
SNRdb5_p249_255_1195,1.4236717224121094,1.6277081966400146,1.9622822999954224,1.8582229614257808,1.859678149223328,1.8165385723114011,1.561751127243042,1.736361742019653,1.5649588108062744,1.6562656164169312,1.8208192586898804
SNRdb10_p335_184_1195,1.3760764598846436,2.1162080764770512,2.5754878520965576,2.315338134765625,2.892951011657715,2.9722139835357666,2.235928773880005,2.410447359085083,2.2778115272521973,2.4214353561401367,2.9484281539916988
SNRdb20_p306_119_1195,1.957371950149536,2.9397714138031006,3.292679071426392,3.213264942169189,3.2859086990356445,3.42373275756836,3.273731470108032,3.522528648376465,3.3738555908203125,3.3722167015075684,3.505131959915161
SNRdb0_p246_227_1205,1.291032075881958,1.6757792234420776,1.6047284603118896,1.7443103790283203,1.5673441886901855,1.914397954940796,1.5595157146453855,1.6640722751617432,1.6594595909118652,1.7796888351440432,1.6493685245513916
SNRdb5_p303_074_1205,1.3277803659439087,2.067941665649414,2.0731077194213867,2.242720127105713,2.2449018955230717,1.9997453689575195,2.146639585494995,2.1548569202423096,2.121929407119751,2.1762564182281494,1.9104654788970947
SNRdb10_p251_050_1205,1.6646292209625244,2.4765088558197017,2.3943352699279785,2.48317289352417,2.5463621616363525,2.6379330158233643,2.3617711067199707,2.332477331161499,2.398411273956299,2.4723381996154785,2.4749929904937744
SNRdb20_p306_202_1205,2.847897291183472,3.1954059600830083,3.2094593048095703,3.2339658737182617,3.191309928894043,3.3028414249420166,3.262888669967652,3.292403221130371,3.3087007999420166,3.401437520980835,3.184147357940674
SNRdb0_p303_087_1221,1.10260009765625,1.349068284034729,1.5927354097366333,1.3336842060089111,1.6324964761734009,1.4979588985443115,1.416161298751831,1.4989495277404783,1.462759256362915,1.5056231021881104,1.5313067436218262
SNRdb5_p281_151_1221,1.580232858657837,1.8112071752548216,1.8184139728546145,1.927245140075684,2.1885952949523926,2.446658134460449,1.8486957550048828,2.0521981716156006,2.0621652603149414,2.0923447608947754,2.472792387008667
SNRdb10_p281_313_1221,1.7762792110443115,2.071351766586304,1.5672063827514648,1.798140287399292,2.415842294692993,2.1812095642089844,1.8664960861206052,1.98958420753479,2.0470893383026123,2.2129693031311035,2.1310498714447017
SNRdb20_p306_133_1221,2.339925527572632,2.9494869709014893,3.1483192443847656,2.8558249473571777,2.675004482269287,2.9800701141357417,3.0013730525970463,2.9744174480438232,2.9802515506744385,3.125868320465088,2.980188608169556
SNRdb0_p249_125_1228,1.7184652090072632,2.25148344039917,2.5075433254241943,2.326892614364624,2.7348744869232178,2.7056596279144287,2.2665011882781982,2.351503610610962,2.3483073711395264,2.156147003173828,2.413506031036377
SNRdb5_p249_340_1228,1.7268776893615725,2.2539899349212646,2.8196492195129395,2.74409294128418,2.912791967391968,2.968196153640747,2.797505617141724,2.9567387104034424,2.651777982711792,2.7679436206817627,2.8521041870117188
SNRdb10_p343_389_1228,2.0204567909240723,2.1490800380706787,3.2594289779663086,3.2831199169158936,3.416393280029297,3.44439435005188,3.3634932041168213,3.559088706970215,3.4110291004180913,3.723060846328736,3.507481336593628
SNRdb20_p360_005_1228,3.3964972496032715,2.6019551753997803,2.426570415496826,3.504141092300415,2.756383180618286,2.9581530094146733,3.767303466796875,3.434241771697998,3.760939359664917,3.391392469406128,3.3219692707061768
SNRdb0_p339_389_1258,1.5094361305236816,2.3126087188720703,2.510065078735352,2.5507726669311523,2.577334403991699,2.6417005062103267,2.584045171737671,2.5138189792633057,2.516981840133667,2.7655248641967773,2.665533304214477
SNRdb5_p251_270_1258,1.5297498703002932,2.388836622238159,2.4258711338043213,2.372154712677002,2.6022236347198486,2.5372352600097656,2.483245849609375,2.6044180393218994,2.3138816356658936,2.7289788722991943,2.7983744144439697
SNRdb10_p360_191_1258,2.790135145187378,3.2945537567138667,3.3628444671630864,3.0549304485321045,3.5120258331298833,3.4379978179931636,3.319201231002808,3.3671176433563232,3.364537715911865,3.4801926612854004,3.3848140239715576
SNRdb20_p306_086_1258,3.1065397262573238,3.251265525817871,3.262026071548462,3.3750312328338623,3.473735809326172,3.2557082176208496,3.757436513900757,3.5964365005493164,3.5054852962493896,3.696192502975464,3.7683684825897217
SNRdb0_p360_243_127,1.143230438232422,1.2381991147994995,1.4394773244857788,1.2130136489868164,1.542699098587036,2.147943019866944,2.0636839866638184,2.686147451400757,1.92058527469635,2.3286521434783936,2.8254413604736333
SNRdb5_p343_204_127,1.2920818328857422,1.5624345541000366,1.6049849987030032,1.7361249923706057,1.5788559913635254,2.372853279113769,2.2570602893829346,2.9674711227416988,2.0780177116394043,2.818059206008911,2.5680179595947266
SNRdb10_p360_275_127,1.739499568939209,2.3101494312286377,2.640700340270996,2.7381482124328613,2.90310001373291,2.8622758388519287,3.1111724376678467,2.8837926387786865,3.027585744857788,3.2854344844818115,2.954383373260498
SNRdb20_p249_139_127,3.2539958953857417,3.5358917713165283,3.389803647994995,3.4312753677368164,3.62695574760437,3.579096794128418,3.8408935070037837,3.8269202709198,3.5241396427154537,3.902138948440552,3.8642828464508057
SNRdb0_p281_305_1276,1.273157835006714,1.7590718269348145,1.944186210632324,2.1564629077911377,2.0751519203186035,2.316378593444824,2.236074447631836,2.3366196155548096,2.284653186798096,2.660339593887329,2.5259928703308105
SNRdb5_p298_282_1276,1.930610537528992,3.000107288360596,3.1425042152404785,3.2672913074493413,3.17699933052063,3.463366985321045,3.383996963500977,3.476011037826538,3.3271770477294917,3.4144108295440674,3.6472887992858887
SNRdb10_p299_307_1276,2.5450284481048584,3.47720718383789,3.529359102249145,3.2754697799682617,3.4891085624694824,3.4886553287506104,3.8602588176727295,3.808085203170776,3.8672127723693848,3.9319095611572266,3.877161264419556
SNRdb20_p306_137_1276,3.813051700592041,3.5767619609832764,3.5604665279388428,3.5371286869049072,3.4971418380737305,3.541264533996582,3.935710906982422,3.95479416847229,3.9829423427581783,3.966086626052856,3.4974901676177983
SNRdb0_p339_320_1293,1.2924857139587402,1.6019141674041748,1.958350658416748,2.098219633102417,1.88434100151062,2.7070081233978267,2.545007467269897,2.891148328781128,2.717702388763428,3.149037599563598,3.10024356842041
SNRdb5_p281_151_1293,2.0187821388244633,2.6083662509918213,2.7827556133270264,2.6067707538604736,2.803879737854004,2.884119749069214,2.8946874141693115,3.0047495365142822,2.9322831630706787,3.0236854553222656,2.995651960372925
SNRdb10_p306_284_1293,1.6016275882720947,2.267180919647217,2.4004125595092773,2.212040424346924,2.6535019874572754,2.4436676502227783,2.6599740982055664,2.8032760620117188,2.5009708404541016,2.8651773929595947,2.7816050052642822
SNRdb20_p299_386_1293,2.3694541454315186,3.518937587738037,3.4166524410247803,3.1364905834198,3.751444816589356,3.5255885124206543,3.9483256340026855,3.8390426635742183,3.697183847427368,3.92387318611145,3.924280643463135
SNRdb0_p299_287_1297,1.2065647840499878,1.9328234195709229,1.7468506097793581,1.6913281679153442,2.13625717163086,1.9694492816925049,1.948096513748169,2.003626108169556,2.1814224720001216,2.0563342571258545,2.3157124519348145
SNRdb5_p249_024_1297,1.4080287218093872,2.3517236709594727,2.6044089794158936,2.5257737636566158,2.577531099319458,3.0103321075439453,3.103655815124512,3.2349438667297363,2.9298915863037114,3.3028724193573,3.1836147308349614
SNRdb10_p249_262_1297,1.6663451194763184,2.728972911834717,2.9334092140197754,2.6963438987731934,2.985369682312012,3.0485897064208984,3.2253925800323486,3.471421003341675,3.4182567596435547,3.54422926902771,3.5804100036621094
SNRdb20_p343_090_1297,1.56607186794281,3.3277246952056885,3.2534389495849614,3.3614809513092037,3.370969295501709,3.120790719985962,3.6903781890869136,2.3361530303955083,3.604169607162476,3.658583164215088,3.4460091590881348
SNRdb0_p299_093_1310,1.2690496444702148,1.5377665758132937,1.8700045347213743,1.7277450561523438,2.02981185913086,2.65480375289917,2.2296481132507324,2.9234998226165767,2.4362151622772217,2.819874048233032,3.059860944747925
SNRdb5_p360_387_1310,1.7520184516906738,2.6030490398406982,2.69187068939209,2.606508493423462,2.795506715774536,3.063628673553467,3.08444619178772,3.1537044048309326,3.105940341949463,2.977130889892578,3.058532238006592
SNRdb10_p299_396_1310,1.7764787673950195,2.671450138092041,2.7323873043060303,2.9141948223114014,2.8768389225006104,2.907434225082397,3.2747817039489746,3.3602209091186523,3.247283458709717,3.4799957275390625,3.2996139526367188
SNRdb20_p339_392_1310,2.7476511001586914,3.470496416091919,3.258989095687866,3.4041211605072017,3.4730899333953857,3.733520984649658,3.877262592315674,3.9505300521850586,3.6264162063598633,3.95737361907959,3.9531252384185787
SNRdb0_p299_300_1324,1.622042894363403,2.654125213623047,2.027971744537353,1.863858819007873,2.179161548614502,1.96111798286438,2.6672582626342773,3.0113320350646973,2.82061505317688,2.615283250808716,2.603215456008911
SNRdb5_p249_132_1324,1.6894826889038086,2.67350172996521,3.133965253829956,3.110503673553467,3.2254014015197754,3.248896598815918,3.414859771728516,3.5259482860565186,3.2189855575561523,3.3890326023101807,3.3377764225006104
SNRdb10_p281_181_1324,2.7435071468353267,3.1696887016296387,3.483919382095337,3.448476552963257,3.432331323623657,3.111550092697144,3.699987411499024,3.6306657791137695,3.593348264694214,3.617061138153076,3.488039493560791
SNRdb20_p360_018_1324,3.4186935424804688,3.1713054180145264,3.1362881660461426,3.5745129585266118,3.4121489524841313,3.068322896957397,3.847236156463623,3.658519506454468,3.901339292526245,3.8599457740783687,3.337874174118042
SNRdb0_p246_172_1334,1.4515116214752195,2.3414082527160645,1.9480388164520264,2.589547634124756,2.811350584030152,2.646805047988892,2.491316318511963,2.88106369972229,2.9158852100372314,2.8658249378204346,2.972930431365967
SNRdb5_p281_296_1334,1.6022560596466064,2.898172616958618,2.8927397727966313,2.9238464832305913,2.6696510314941406,2.9524986743927,2.913288354873657,3.2511048316955566,3.1827483177185063,2.9249844551086426,2.9962310791015625
SNRdb10_p281_440_1334,2.7469701766967773,2.470829725265503,2.193454504013061,2.495867729187012,2.353886842727661,2.239673614501953,2.5869295597076416,2.476468086242676,2.453622817993164,2.215775489807129,2.1685900688171387
SNRdb20_p306_115_1334,2.497016191482544,3.352774381637573,3.4286868572235107,3.3388044834136963,3.5159666538238525,3.5811862945556636,3.8482630252838135,3.793917417526245,3.6113710403442383,3.8793301582336426,3.4527835845947266
SNRdb0_p249_160_1355,1.4058377742767334,2.3974609375,2.553900718688965,2.5803098678588867,2.4443390369415283,2.622328996658325,2.9475226402282715,2.980646133422852,2.675281286239624,2.936635732650757,2.8127212524414062
SNRdb5_p339_110_1355,1.7219877243041992,3.1182568073272705,3.3726820945739746,3.2594783306121826,3.2027013301849365,3.365381956100464,3.8399174213409424,3.722033262252808,3.301255226135254,3.4290311336517334,3.7000696659088135
SNRdb10_p298_300_1355,2.916661739349365,3.192213773727417,2.9654128551483154,3.3724029064178467,3.1638824939727783,3.320491313934326,3.412848711013794,3.0237140655517583,3.2654628753662114,3.353382110595703,3.3372619152069087
SNRdb20_p246_260_1355,3.803003072738648,3.5911691188812256,3.525828123092652,3.6150290966033936,3.69831919670105,3.519883871078491,3.945510149002075,3.889842748641968,4.005384922027588,3.8910415172576895,3.6117677688598633
SNRdb0_p246_227_137,1.2743897438049316,1.7021384239196775,2.026110410690308,1.7810769081115725,2.117145538330078,2.0598959922790527,2.1623647212982178,2.121876001358032,2.2411043643951416,2.209939956665039,2.2511060237884517
SNRdb5_p249_208_137,1.4362061023712158,2.0642452239990234,2.0827853679656982,2.303973197937012,2.3302552700042725,2.4631330966949463,2.484745979309082,2.580960988998413,2.502403974533081,2.70793890953064,2.5150957107543945
SNRdb10_p306_111_137,1.7995102405548096,2.644417524337769,2.91707444190979,2.844223737716675,3.1264128684997563,3.343094110488892,3.450291633605957,3.217254161834717,3.6085495948791504,3.617895603179932,3.6189789772033687
SNRdb20_p335_096_137,2.440972089767456,3.3422870635986333,3.438231945037842,3.50562047958374,3.099742889404297,3.800791501998901,3.7244372367858887,4.011504650115967,3.803828477859497,3.991899013519287,3.952610969543457
SNRdb0_p303_203_1425,1.1829912662506104,1.6667044162750244,1.6958886384963991,1.918771743774414,2.2546541690826416,2.026376724243164,1.7797465324401855,2.0464062690734863,1.8363258838653564,1.8601137399673464,2.1782240867614746
SNRdb5_p299_024_1425,1.4834121465682983,2.3006532192230225,2.4628124237060547,2.469793796539306,2.62314772605896,2.7811543941497803,2.4086484909057617,2.619568347930908,2.547699451446533,2.609480619430542,2.910807847976685
SNRdb10_p299_247_1425,1.8788670301437376,2.74951434135437,2.8625614643096924,2.724495887756348,2.7889883518218994,3.0758273601531982,2.710515022277832,2.7746167182922363,2.740638971328736,2.897528886795044,2.970472812652588
SNRdb20_p303_120_1425,2.975520610809326,2.9916000366210938,3.5024623870849614,3.366317749023437,3.4087493419647217,2.937830924987793,3.685935735702514,3.850900411605835,3.2753593921661377,3.836946725845337,3.1629478931427
SNRdb0_p306_147_1435,1.226933240890503,2.0445594787597656,2.632591724395752,2.463287591934204,2.657655477523804,2.537816286087036,2.514296770095825,3.081282615661621,2.9518053531646733,2.5551793575286865,2.923121929168701
SNRdb5_p335_259_1435,1.890748620033264,3.0703816413879395,3.229793071746826,3.3020739555358887,2.639798641204834,3.532275676727295,3.7619662284851074,3.9573180675506587,2.5903148651123047,2.8238348960876465,3.740731000900269
SNRdb10_p298_162_1435,3.1416893005371094,3.525101661682129,3.2712135314941406,3.5236215591430664,3.8277399539947514,3.6111421585083012,3.819685220718384,4.008008003234863,3.7525246143341056,3.9218866825103764,3.7962372303009033
SNRdb20_p246_320_1435,3.983903646469116,3.468052625656128,3.629745960235596,3.669212102890015,3.7248210906982417,3.5963854789733887,3.899477481842041,3.8888134956359854,3.96410083770752,3.8430838584899902,3.6921775341033936
SNRdb0_p360_131_1438,1.2505288124084473,1.4646421670913696,1.451393961906433,1.5476205348968506,1.521101713180542,1.7051856517791748,1.6409254074096682,1.5601112842559814,1.7352416515350342,1.5978741645812988,1.7904157638549805
SNRdb5_p306_018_1438,1.4351260662078855,2.3708174228668213,2.68174147605896,2.5282323360443115,2.606816291809082,2.749006986618042,2.460758209228516,2.584218740463257,2.5236990451812744,2.642770290374756,2.5709731578826904
SNRdb10_p306_219_1438,1.7365539073944092,2.552962303161621,2.826838254928589,2.6338250637054443,2.6459994316101074,2.723883390426636,2.608660936355591,2.7560155391693115,2.623697519302368,2.809731721878052,2.8543810844421387
SNRdb20_p335_043_1438,1.9721139669418333,3.174646377563477,3.2173516750335693,3.3778316974639893,2.734689950942993,3.283501148223877,3.6188161373138423,3.515022754669189,3.4088382720947266,3.7541615962982178,3.5807762145996094
SNRdb0_p343_291_1439,1.3443291187286377,2.1518535614013667,2.616499423980713,2.3343281745910645,2.498227119445801,2.7538831233978267,2.5029008388519287,3.118401050567627,2.342365264892578,3.0038166046142583,2.966519832611084
SNRdb5_p246_278_1439,1.957700490951538,2.9985804557800293,2.9515810012817383,2.7322545051574707,3.0512235164642334,3.1434628963470463,3.0583922863006587,3.1387958526611333,2.9117095470428467,3.134107828140259,3.4357855319976807
SNRdb10_p246_235_1439,2.685780763626098,3.1579685211181636,3.131206512451172,3.053849697113037,3.2967045307159424,3.080068826675415,3.2853102684021,3.29530668258667,3.2380475997924805,3.25907564163208,3.293511390686035
SNRdb20_p251_283_1439,4.043325424194337,3.638014316558838,3.567063331604004,3.5685038566589355,3.6698181629180913,3.6633129119873047,3.968048095703125,3.892222404479981,3.7885608673095694,3.846773386001587,3.6460440158844
SNRdb0_p303_005_1441,1.5266845226287842,2.2699167728424072,2.708128929138184,2.650718212127685,2.938523769378662,3.0285553932189937,3.0595102310180664,3.3459596633911133,3.02333927154541,3.2010905742645264,3.131075143814087
SNRdb5_p246_135_1441,2.4801878929138184,2.7193119525909424,3.200336456298828,3.272490739822388,3.2643563747406006,3.6338164806365967,3.3705766201019287,3.655474424362183,3.485219717025757,3.7073945999145512,3.8394367694854736
SNRdb10_p246_240_1441,3.665133237838745,3.551377296447754,3.4218769073486333,3.2773797512054443,3.7156147956848153,3.444910049438477,3.7859783172607417,3.8429150581359854,3.6723899841308594,3.795512199401856,4.0098137855529785
SNRdb20_p246_095_1441,4.081246852874757,3.2361862659454346,3.5627477169036865,3.546006917953491,3.7592544555664062,3.8428118228912354,4.100958347320557,4.018159866333009,3.987441778182984,4.1123552322387695,3.7417030334472656
SNRdb0_p246_240_1495,1.788618803024292,2.0233604907989498,2.4904260635375977,2.4708330631256104,2.6610867977142334,2.4343056678771973,2.3911261558532715,2.4921681880950928,2.743489980697632,2.2953319549560547,2.665646314620972
SNRdb5_p303_046_1495,1.3386335372924805,2.236400842666626,2.015697240829468,2.247760534286499,2.2823736667633057,2.2726521492004395,2.257573127746582,2.2751002311706543,2.298057079315185,2.2368056774139404,2.3583672046661377
SNRdb10_p298_019_1495,1.7511765956878662,2.206421375274658,2.664618015289306,2.62728214263916,2.7973670959472656,2.737330913543701,2.7460739612579346,2.618717193603516,2.7559196949005127,2.776891231536865,2.531362295150757
SNRdb20_p335_161_1495,1.9777249097824097,3.1705214977264404,3.408315896987915,3.3567829132080083,3.440859317779541,3.5027015209198,3.314649105072021,3.5136775970458984,3.3729825019836426,2.2389841079711914,2.259753704071045
SNRdb0_p299_381_150,1.324496507644653,1.6382051706314087,2.397402286529541,2.398037433624268,2.585835218429565,2.7797436714172363,2.6110832691192627,2.9180908203125,2.5796496868133545,2.8994429111480717,3.044031143188477
SNRdb5_p246_271_150,1.6118605136871338,2.168349027633667,2.327662467956543,2.3685519695281982,2.6661438941955566,2.7173123359680176,2.5294363498687744,2.774598360061645,2.650000095367432,2.669016122817993,2.9092202186584477
SNRdb10_p335_360_150,1.7398042678833008,2.632873296737671,2.9823756217956543,3.1651527881622314,3.1855216026306152,3.4548957347869877,3.5038623809814453,3.735262393951416,3.376866340637207,3.7284727096557617,3.708776473999024
SNRdb20_p298_047_150,3.090444326400757,3.1810088157653813,3.0636022090911865,3.141066074371338,2.9844810962677,3.0278117656707764,3.5986385345458984,3.7081482410430913,3.4549961090087886,3.686650037765503,3.4315922260284424
SNRdb0_p339_265_1507,1.153139591217041,1.5590616464614868,1.324979543685913,1.394268035888672,1.9132333993911743,1.4838756322860718,1.6985265016555786,1.4349448680877686,1.6179652214050293,1.357865571975708,1.9685330390930176
SNRdb5_p343_267_1507,1.1835083961486816,1.4989798069000244,1.6271796226501465,1.7316838502883911,1.7345421314239502,1.9813858270645144,1.6804349422454834,1.7524948120117188,1.761544108390808,2.1241455078125,2.244690418243408
SNRdb10_p360_112_1507,1.1679091453552246,1.2516443729400637,1.34178364276886,1.4546830654144287,1.496138334274292,1.9677656888961792,2.2154037952423096,1.7618331909179688,1.7829484939575195,2.524386167526245,2.448763370513916
SNRdb20_p303_300_1507,2.4936094284057617,3.121872901916504,2.9602391719818115,3.1302030086517334,3.2906997203826904,3.375027894973755,3.4923341274261475,3.62929892539978,3.350526094436645,3.4459199905395512,3.556758165359497
SNRdb0_p335_085_1561,1.1038862466812134,1.3201954364776611,1.4446532726287842,1.386471390724182,1.6365337371826172,1.6175907850265503,1.388272404670715,1.7431867122650146,1.4441434144973757,1.8670001029968264,2.036294937133789
SNRdb5_p306_218_1561,1.1507574319839478,1.6557037830352783,1.7221708297729492,1.831392288208008,1.6087180376052856,1.8988690376281736,1.9550938606262207,1.9559550285339355,1.86341392993927,2.0948526859283447,2.175079822540283
SNRdb10_p298_264_1561,1.7833049297332764,2.774348258972168,3.0018367767333984,2.745537519454956,2.438293695449829,2.8804452419281006,2.6723721027374268,2.818110466003418,2.6262011528015137,2.81816029548645,2.9840378761291504
SNRdb20_p249_125_1561,2.510473728179932,2.967116594314575,3.100847005844116,3.1065330505371094,3.2332439422607417,3.114473581314087,3.157989025115967,3.30062198638916,3.0530900955200195,3.1452867984771733,3.046504497528076
SNRdb0_p339_277_1563,1.304806351661682,1.6550774574279783,1.6682070493698118,1.6216936111450195,1.8796298503875728,2.142017126083374,2.016387939453125,2.325234889984131,2.1019244194030757,2.321730852127075,2.6760382652282715
SNRdb5_p246_210_1563,1.6673827171325684,2.112682342529297,1.868902921676636,2.1324079036712646,2.2366008758544917,2.5140063762664795,2.0275838375091557,2.224518060684204,2.1085190773010254,2.224128246307373,2.8001410961151123
SNRdb10_p335_141_1563,1.58058762550354,2.2765417098999023,2.75032377243042,2.2949323654174805,2.449960947036743,3.2409818172454834,2.5849852561950684,2.7113258838653564,1.9759888648986816,1.9598228931427,2.3935036659240723
SNRdb20_p339_340_1563,1.727261304855347,2.583836317062378,2.9279539585113525,2.9084668159484863,2.9742765426635738,3.3501660823822017,3.2119340896606445,3.307753324508667,3.1765618324279785,3.3222641944885254,3.4701917171478267
SNRdb0_p303_282_1564,1.257274866104126,2.3457419872283936,2.68178391456604,2.8393521308898926,2.951183795928955,3.0146758556365967,3.0957438945770264,3.2468976974487305,2.8497653007507324,3.031060218811035,3.0556368827819824
SNRdb5_p335_182_1564,1.4237849712371826,1.9974966049194336,1.9568989276885984,2.1715104579925537,1.949948787689209,2.085226058959961,3.1239023208618164,3.2407851219177246,3.015877485275269,2.4022386074066158,3.1151463985443115
SNRdb10_p306_351_1564,1.6690680980682373,2.1199960708618164,2.7074413299560547,2.9318771362304688,3.2849352359771733,2.327767372131348,3.297105073928833,3.2923529148101807,3.3887968063354488,3.4194424152374268,2.883362293243408
SNRdb20_p339_182_1564,2.200653553009033,3.735065937042236,3.63193154335022,3.6946823596954346,3.7106480598449703,3.887184858322144,4.1555395126342765,3.980270147323608,4.097099304199219,4.188873291015625,4.138808727264403
SNRdb0_p335_048_157,1.1540460586547852,1.4141545295715332,1.696021556854248,1.4919321537017822,1.4980392456054688,2.1592586040496826,1.807482481002808,1.6853216886520386,1.8226220607757568,2.2750012874603267,2.399577617645264
SNRdb5_p303_220_157,1.2068250179290771,1.622357726097107,1.703105092048645,1.8036348819732664,2.1990201473236084,2.210418224334717,2.021901845932007,2.319275379180908,2.1960623264312744,2.362590074539185,2.3335111141204834
SNRdb10_p360_342_157,1.5747554302215576,2.2882654666900635,2.8345892429351807,2.775344133377075,2.8662023544311523,3.1144912242889404,3.074907064437866,2.9847898483276367,2.9260282516479488,3.1776342391967773,3.235027313232422
SNRdb20_p246_311_157,2.6002449989318848,2.9550275802612305,3.00400710105896,2.8879964351654053,2.78273344039917,3.1922490596771236,3.200991153717041,3.223484516143799,3.114720344543457,3.2575163841247563,3.2221994400024414
SNRdb0_p298_120_1574,2.3053693771362305,2.9721641540527344,3.258630752563477,3.0348188877105717,3.386341094970703,3.441809892654419,3.298513650894165,3.636228084564209,3.430139303207397,3.5261483192443848,3.3816442489624023
SNRdb5_p303_202_1574,2.614890813827514,3.1211652755737305,3.237786293029785,3.099745750427246,3.555756092071533,3.3922405242919917,3.731287240982056,3.869757413864136,3.3884880542755127,3.794843435287476,3.3216712474823
SNRdb10_p343_093_1574,2.0930647850036617,3.548679828643799,3.606752872467041,3.6621723175048833,3.823662519454956,3.8803832530975337,3.9160344600677486,4.080491542816162,3.847434282302856,3.8757646083831783,4.057481288909912
SNRdb20_p249_203_1574,4.2982563972473145,3.6881194114685063,3.7201933860778813,3.839310884475708,3.521571159362793,3.59610915184021,4.165100574493408,3.955888748168945,4.1119890213012695,4.104543209075929,3.709223508834839
SNRdb0_p251_136_172,1.1685138940811155,1.6207507848739624,1.8265931606292725,2.1460888385772705,2.14453649520874,2.0116357803344727,1.831266522407532,2.1160907745361333,2.1491746902465816,2.3069636821746826,2.3899619579315186
SNRdb5_p303_083_172,1.3712695837020874,2.5486505031585693,1.982137441635132,2.561964750289917,2.6246538162231445,2.742867946624756,2.919963121414185,3.16357159614563,2.993834972381592,3.132563352584839,3.2854251861572266
SNRdb10_p303_288_172,1.7129361629486084,2.60339617729187,3.0244133472442627,2.678258419036865,2.99446964263916,3.097615957260132,3.2542219161987305,3.2864224910736084,2.9614369869232178,3.416480302810669,3.4091157913208012
SNRdb20_p251_327_172,3.160033226013184,2.807944297790528,3.070443868637085,3.018279552459717,3.3170266151428223,3.285776376724243,3.4848129749298096,3.7630290985107417,3.3317170143127437,3.567384958267212,3.6821138858795166
SNRdb0_p339_046_180,1.7052325010299685,3.0514018535614014,2.848066091537476,3.0072569847106934,2.694046258926392,3.1896800994873047,3.345148801803589,3.328399181365967,3.3379158973693848,3.3456294536590576,3.5124204158782963
SNRdb5_p360_143_180,3.178720235824585,3.5930426120758057,3.7078452110290527,3.561000347137451,3.732426166534424,3.7936160564422607,3.6022191047668457,3.553240776062012,3.5225811004638667,3.686070203781128,3.775780200958252
SNRdb10_p281_375_180,3.66416335105896,2.5888586044311523,3.1267809867858887,3.1075932979583736,2.9291422367095947,2.9247078895568848,3.056583404541016,2.985563039779663,3.3192379474639893,2.8848543167114262,3.1897666454315186
SNRdb20_p306_319_180,3.899858474731445,3.345202922821045,3.49544358253479,3.2066478729248047,3.559828281402588,3.289703845977783,3.607588529586792,3.6718204021453857,3.4971377849578857,3.445848226547241,3.095455408096313
SNRdb0_p246_271_183,1.3258979320526123,1.9682121276855469,2.135871171951294,2.372157096862793,2.2270221710205083,2.3746812343597408,2.420363426208496,2.63905930519104,2.4983973503112797,2.6794469356536865,3.034898519515991
SNRdb5_p335_182_183,1.6285306215286257,2.088146924972534,2.310126781463623,1.9989254474639893,2.0294506549835205,2.0385198593139653,3.1938788890838623,3.173567295074463,3.206023693084717,3.21926498413086,2.524054527282715
SNRdb10_p339_095_183,2.18655776977539,3.1365106105804443,3.3372604846954346,3.3261182308197017,3.5641384124755864,3.789605140686035,4.0280632972717285,3.926088809967041,3.9215054512023926,3.6254396438598633,3.906403064727783
SNRdb20_p246_320_183,3.2372424602508545,3.3767976760864262,3.5523176193237305,3.693772554397583,3.7877702713012695,3.658279657363892,3.859511852264404,3.90006160736084,3.8996829986572266,3.880401134490967,3.7389965057373047
SNRdb0_p281_037_194,1.7836657762527466,2.2976884841918945,2.3372397422790527,2.555079936981201,2.564547061920166,2.635493516921997,2.825261116027832,2.6225268840789795,2.67976975440979,2.5215167999267583,2.4916441440582275
SNRdb5_p343_140_194,1.5999612808227541,1.876997828483581,1.650959849357605,1.623518705368042,1.7700567245483398,3.4644103050231934,3.3215556144714355,3.4887688159942627,3.2830138206481934,1.9591368436813357,1.7814936637878418
SNRdb10_p335_146_194,1.9666423797607424,3.025277137756348,3.2221174240112305,3.2527980804443364,3.0551273822784424,3.373834609985352,3.515749216079712,3.481447458267212,3.482671022415161,2.2887303829193115,3.612882375717163
SNRdb20_p335_106_194,3.7434520721435542,3.667493343353272,3.5983459949493413,3.735331535339356,3.7736406326293945,3.6177010536193848,4.214281558990479,4.159458637237549,4.011204242706299,4.102427005767821,3.953500986099243
SNRdb0_p251_356_212,1.0884076356887815,1.2832605838775637,1.369868278503418,1.3545948266983032,1.3676583766937256,1.4469400644302368,1.422817945480347,1.5184645652770996,1.4631450176239014,1.7165008783340454,1.6090657711029053
SNRdb5_p343_049_212,1.3040401935577393,1.858965277671814,1.908474683761597,2.0062623023986816,2.0001060962676998,2.1863439083099365,1.8583033084869385,2.469573974609375,2.0902199745178223,2.3086419105529785,2.720118999481201
SNRdb10_p246_278_212,1.40572190284729,2.303518056869507,2.2339437007904053,2.3152284622192383,2.499064922332764,2.652653455734253,2.6338372230529785,2.782112598419189,2.611079692840576,3.0600049495697017,3.0083718299865723
SNRdb20_p303_344_212,2.246671199798584,3.0908706188201904,3.348992824554444,3.123442888259888,3.406101703643799,3.353878736495972,3.630713939666748,3.6576039791107178,3.415467500686645,3.511040210723877,3.58858323097229
SNRdb0_p303_288_272,1.256800651550293,1.961635947227478,2.2991960048675537,2.0502550601959233,2.2955873012542725,2.653764009475708,2.562570810317993,2.705368757247925,2.5533034801483154,2.7436952590942383,2.8133461475372314
SNRdb5_p335_071_272,1.606040596961975,1.903515577316284,2.207382678985596,2.217244863510132,2.218314409255981,1.912921667098999,2.902116060256958,2.6109001636505127,2.4479167461395264,3.271671772003174,2.372955560684204
SNRdb10_p360_255_272,1.956756830215454,3.0194954872131348,2.830968141555786,2.7271087169647217,2.4262583255767822,3.0128018856048584,3.056416749954224,3.40738296508789,2.9903736114501958,3.1209812164306636,3.177406549453736
SNRdb20_p299_302_272,3.2098031044006348,3.752915859222412,3.826611042022705,3.659990310668945,4.076438426971436,3.838862419128418,4.1517419815063485,4.133875370025635,4.048349857330321,4.022994518280028,4.098161697387694
SNRdb0_p246_255_274,1.1168720722198486,1.4254980087280271,1.453099489212036,1.555339813232422,1.6914583444595337,1.8729572296142576,1.5172914266586304,1.7587623596191406,1.4338598251342771,1.5347946882247925,1.7904820442199707
SNRdb5_p281_455_274,1.2821540832519531,1.6749165058135986,1.5035675764083862,1.423505783081055,1.8602511882781985,2.2340450286865234,1.7812540531158447,1.8786017894744875,1.6560531854629517,2.0352699756622314,2.05517053604126
SNRdb10_p360_147_274,1.5721495151519775,2.12879490852356,2.4244155883789062,2.2949793338775635,2.567715167999268,2.4660515785217285,2.252617835998535,2.395031213760376,2.44862699508667,2.4478087425231934,2.1482701301574707
SNRdb20_p339_241_274,2.2910444736480717,3.085878133773804,3.105064392089844,3.427466869354248,3.445560932159424,3.069780111312866,3.188081979751587,3.465068817138672,3.102245330810547,3.2442111968994136,3.3803207874298096
SNRdb0_p339_074_307,1.237683653831482,1.7768275737762451,2.353599071502685,2.00747299194336,2.2368874549865723,2.813471794128418,2.50425386428833,3.09268569946289,2.8059935569763184,3.0637307167053223,3.0653600692749023
SNRdb5_p246_315_307,1.9820289611816408,2.6366000175476074,2.779439210891724,3.077817678451538,2.891176700592041,2.856792449951172,3.5199434757232666,3.3650820255279537,3.5281860828399663,3.685739278793335,3.5777492523193364
SNRdb10_p246_352_307,1.90712308883667,2.8623602390289307,3.07608413696289,2.7994039058685303,3.164353370666504,3.116788625717163,3.2275400161743164,3.301713466644287,3.4529731273651123,3.7267003059387207,3.5872035026550293
SNRdb20_p339_061_307,1.931586980819702,3.584416627883911,2.6936686038970947,3.629748106002808,3.720636367797852,3.8056731224060063,3.963158369064331,4.042281150817871,3.9721071720123287,4.0464491844177255,3.941104650497437
SNRdb0_p298_287_309,1.1794304847717283,1.4758529663085938,1.7095131874084473,1.7511475086212158,1.965158462524414,1.9754495620727541,1.8337112665176392,1.9983830451965328,2.0682823657989498,2.1915960311889653,2.1670374870300293
SNRdb5_p246_287_309,1.4832956790924072,1.8729652166366575,2.0828421115875244,1.9198014736175537,2.3517475128173833,2.3022518157958984,2.19329833984375,2.186606168746948,2.366367816925049,2.7302231788635254,2.4685089588165283
SNRdb10_p343_186_309,1.514842510223389,2.5100572109222408,2.637406826019287,2.631087064743042,2.778501272201538,3.0327072143554688,2.8134229183197017,3.120130777359009,2.890587568283081,3.337414264678955,3.0591247081756587
SNRdb20_p306_244_309,2.3355388641357417,2.8734633922576904,3.1679782867431636,3.2003631591796875,3.38637375831604,3.2111024856567383,3.401350975036621,3.525566816329956,3.445875883102417,3.649684190750122,3.5123980045318604
SNRdb0_p343_292_31,1.1754436492919922,1.6828553676605225,1.718350529670715,1.632720708847046,1.7704222202301023,2.1381089687347408,1.6659936904907229,1.4766005277633667,1.456114411354065,1.865386724472046,1.917391061782837
SNRdb5_p298_170_31,1.5416581630706787,1.9880940914154053,2.0379717350006104,2.1632943153381348,2.415380477905273,2.0649769306182857,1.7006795406341553,1.7080888748168943,1.734119176864624,1.842940092086792,1.7832050323486328
SNRdb10_p251_225_31,1.7907376289367676,2.228337526321411,2.5197503566741943,2.387561559677124,2.7138688564300537,2.5391979217529297,2.2877285480499268,2.3272945880889893,2.256088256835937,2.4270942211151123,2.5295352935791016
SNRdb20_p335_024_31,1.9614005088806152,2.9860434532165527,2.8975558280944824,2.7017595767974854,3.3853726387023926,2.9453601837158203,3.3142127990722656,3.3896913528442383,2.2814044952392583,2.366744041442871,2.2008559703826904
SNRdb0_p343_191_311,1.3897058963775637,1.6613154411315918,1.6292482614517212,1.6368660926818848,1.755155324935913,2.94211745262146,2.876083374023437,3.0937938690185547,2.794773578643799,3.185944080352783,3.315129041671753
SNRdb5_p249_110_311,1.4595601558685305,2.394394874572754,2.7947523593902592,2.806784152984619,2.7325611114501958,2.8629610538482666,3.2154815196990967,3.227576494216919,2.915586233139038,3.0106329917907715,3.005332946777344
SNRdb10_p298_366_311,3.1176888942718506,3.6569945812225337,3.472850799560547,3.507636070251465,3.671833753585816,3.6055753231048575,3.901675701141357,3.861220598220825,3.810614824295044,3.949672937393189,3.775331974029541
SNRdb20_p246_320_311,3.5634794235229488,3.468090534210205,3.5691089630126958,3.7373430728912354,3.6908173561096187,3.5600242614746094,3.891947031021118,3.862987518310547,3.94028377532959,3.9013266563415527,3.7176516056060787
SNRdb0_p343_182_325,1.5071827173233032,2.0299177169799805,2.472567558288574,1.8558335304260252,1.7779878377914429,1.801822662353516,1.7524921894073486,2.091873407363892,1.6432170867919922,1.9053740501403809,2.0926403999328613
SNRdb5_p306_052_325,1.8403176069259644,2.8754324913024902,3.5888171195983887,3.3856475353240967,3.326836585998535,3.0135283470153813,3.4999065399169917,3.5582151412963867,3.3422243595123287,3.4250826835632324,3.2394514083862305
SNRdb10_p335_318_325,1.5474209785461426,2.867661476135254,2.8696880340576167,3.163179874420166,2.915889263153076,3.203023672103882,3.3979525566101074,3.5416200160980225,3.3786134719848637,3.6258444786071777,3.494720458984375
SNRdb20_p249_034_325,3.676251649856568,2.820902109146118,2.484530448913574,2.7199692726135254,2.88137149810791,3.4246289730072017,3.933653354644776,3.7555434703826895,3.73525619506836,3.537531614303589,3.4824955463409424
SNRdb0_p299_375_336,1.4577176570892334,1.8070101737976076,2.453413486480713,2.563860416412353,2.61405873298645,2.9708123207092285,2.745448112487793,3.2008509635925293,2.99568247795105,3.369208335876465,3.3533551692962646
SNRdb5_p343_199_336,1.4091837406158447,2.5161752700805664,3.229709386825561,3.1364040374755864,3.193321943283081,3.7156891822814937,3.7572529315948486,3.6902437210083012,3.7286126613616943,3.891078233718872,3.936394929885864
SNRdb10_p299_385_336,1.6176512241363523,2.5535337924957275,2.0755572319030757,2.9916977882385254,3.2508389949798584,3.2251505851745605,3.356816053390503,2.3535287380218506,3.31640362739563,2.2614338397979736,3.5753064155578613
SNRdb20_p299_312_336,3.1329965591430664,3.451244115829468,3.147432804107666,3.2861557006835938,3.4555211067199707,3.5914857387542725,3.986372947692871,3.9145221710205083,3.8074004650115967,3.9892148971557617,3.887850284576416
SNRdb0_p343_093_360,1.204859733581543,1.609911322593689,1.6375149488449097,1.5711519718170166,1.6155624389648438,2.0382142066955566,2.2622170448303223,2.5195462703704834,1.7535749673843384,2.75895619392395,2.795522689819336
SNRdb5_p249_018_360,1.4903749227523804,2.138580083847046,2.1387856006622314,2.537590742111206,2.618298053741455,2.8198637962341313,2.8276703357696533,2.801361560821533,2.8816287517547607,3.0651626586914062,3.1136162281036377
SNRdb10_p299_062_360,1.726027250289917,3.045594453811645,3.1399874687194824,3.14090895652771,3.276884794235229,3.3989076614379883,3.5937461853027344,3.534613132476806,3.5786795616149902,3.6980459690094,3.6728150844573975
SNRdb20_p281_448_360,2.9904861450195312,2.7331981658935547,2.5513546466827397,3.062993049621582,2.941502571105957,3.0907649993896484,3.391526937484741,3.089879512786865,3.2044878005981445,3.2352890968322754,3.2762255668640137
SNRdb0_p299_292_388,1.228313684463501,1.5742087364196775,2.184134006500244,1.4188461303710938,1.3879703283309937,2.0734813213348393,1.9305819272994995,2.091363906860352,1.9753358364105225,2.2064554691314697,2.485853910446167
SNRdb5_p343_007_388,1.3379491567611694,1.6489858627319336,1.8383467197418213,1.7240457534790041,1.8685983419418333,2.2330527305603027,1.7836629152297974,1.936378002166748,1.7071444988250732,2.020993947982788,2.085785150527954
SNRdb10_p251_087_388,1.7397286891937256,2.190197229385376,2.42809796333313,2.2950594425201416,2.362313270568848,2.4747064113616943,2.1335699558258057,2.343891859054565,2.217109680175781,2.1721577644348145,2.556838274002075
SNRdb20_p299_093_388,1.919810175895691,3.6116521358489986,3.3326191902160645,3.108107328414917,3.6175246238708496,3.722267866134644,3.6273446083068848,3.3199450969696045,3.3295440673828125,3.816436767578125,3.698378562927246
SNRdb0_p251_230_401,1.1315475702285769,1.396526575088501,1.6751501560211182,1.4473276138305664,1.727799654006958,1.93074893951416,1.4033355712890625,1.5796490907669067,1.5409553050994873,1.6450026035308838,1.6902880668640137
SNRdb5_p306_083_401,1.3399865627288818,2.4316954612731934,2.640014171600342,2.202193260192871,2.436484813690185,2.82456374168396,2.4546961784362797,2.5001609325408936,2.5614001750946045,2.8912739753723145,2.7235093116760254
SNRdb10_p298_204_401,1.6825268268585205,2.4799058437347408,2.580631971359253,2.6037218570709233,3.0204765796661377,2.901566505432129,2.518873929977417,2.7812812328338623,2.417611122131348,2.9875428676605225,2.676531314849853
SNRdb20_p306_222_401,1.6814583539962769,3.1621241569519043,3.012728452682495,2.910216808319092,3.1477441787719727,3.279604196548462,3.2957775592803955,3.329500436782837,3.2498042583465576,3.4082334041595463,3.3940014839172363
SNRdb0_p335_224_415,1.1875914335250854,1.6064667701721191,1.9359211921691892,1.7052394151687622,1.9431543350219729,2.507122755050659,1.8767333030700684,2.137989997863769,1.8919622898101809,2.1368958950042725,2.332623243331909
SNRdb5_p303_338_415,1.3034825325012207,1.883995056152344,2.4511373043060303,2.1413819789886475,2.423445463180542,2.444941997528076,2.426621913909912,2.4445722103118896,2.587934255599976,2.6982316970825195,2.6339311599731445
SNRdb10_p335_206_415,1.8110895156860352,2.749028205871582,2.816230297088623,2.7235918045043945,2.6149489879608154,2.116727352142334,3.3924355506896973,3.391148090362549,2.4318883419036865,2.545348644256592,2.5311870574951167
SNRdb20_p251_112_415,3.131605863571167,3.2944931983947754,3.2011632919311523,3.0901720523834233,3.41894006729126,3.231930494308472,3.450470447540283,3.7036752700805664,3.4542906284332275,3.500316381454468,3.294527769088745
SNRdb0_p343_090_420,1.2487785816192627,1.463768482208252,1.4923319816589355,1.4220149517059326,1.4536758661270142,1.5218853950500488,1.4518753290176392,1.5179541110992432,1.650596261024475,1.5831501483917236,1.6327950954437256
SNRdb5_p335_007_420,1.417662501335144,1.6411980390548706,1.690237045288086,1.7899653911590576,1.7324693202972412,1.7504379749298096,1.7662596702575684,1.908332109451294,1.6911879777908323,1.7783247232437134,1.903562307357788
SNRdb10_p298_258_420,2.29550838470459,3.298771619796753,3.235801219940185,3.326744794845581,3.4271786212921143,3.3089945316314697,3.4646546840667725,3.654512882232666,3.4145781993865967,3.672648906707764,3.6576018333435063
SNRdb20_p246_320_420,3.071455478668213,3.2199652194976807,3.34090518951416,3.331793069839477,3.5900754928588867,3.4189529418945312,3.563511610031128,3.678978681564331,3.5356545448303223,3.7072234153747563,3.578111171722412
SNRdb0_p339_212_424,1.2932480573654177,1.510722517967224,1.8108472824096682,1.552117109298706,2.055664300918579,1.8023128509521484,1.9801101684570312,2.9159362316131587,2.454380750656128,3.000920534133911,2.9979703426361084
SNRdb5_p343_186_424,1.717094898223877,1.9815030097961424,2.810073137283325,2.0506417751312256,2.7869410514831543,3.097832441329956,3.0041899681091313,3.1734037399291988,3.146888732910156,3.283242464065552,3.25422477722168
SNRdb10_p343_104_424,1.96750283241272,2.81254243850708,2.9662292003631587,3.147535800933838,3.1787424087524414,3.2550389766693115,3.2411491870880127,3.2769737243652344,3.2662618160247803,3.329704999923706,3.472884178161621
SNRdb20_p306_185_424,3.2240452766418457,2.9285151958465576,2.9301831722259517,3.428333282470703,3.27091646194458,3.11712384223938,3.645917415618897,3.610732078552246,3.170374631881714,3.4989571571350098,2.796273708343506
SNRdb0_p360_147_425,1.3545085191726685,2.361804485321045,2.620579719543457,2.5514559745788574,2.88107967376709,2.7247998714447017,2.978578805923462,2.9251081943511963,2.9225249290466313,3.017935037612915,2.9873533248901367
SNRdb5_p339_389_425,1.7733023166656494,2.7020180225372314,2.9849457740783687,3.095943689346313,3.2105956077575684,3.46742844581604,3.5484983921051025,3.4831111431121826,3.449967861175537,3.5628132820129395,3.622461318969727
SNRdb10_p335_373_425,2.0572481155395512,2.7572226524353027,3.428812265396118,3.4207653999328613,3.5954182147979736,3.684504508972168,3.711440324783325,3.769310474395752,3.625572204589844,3.8412504196166988,3.7812271118164062
SNRdb20_p339_095_425,3.3459389209747314,3.5931849479675293,3.5968165397644043,3.317944049835205,3.6572585105896,3.8913323879241934,4.077208518981934,4.11639404296875,3.963289976119995,3.900920391082764,4.071899890899658
SNRdb0_p335_193_433,1.1864919662475586,1.5889613628387451,2.1071138381958012,1.6718515157699585,1.9298194646835327,2.4065804481506348,2.1591830253601074,2.5388202667236333,2.2511024475097656,2.63025450706482,2.754786252975464
SNRdb5_p249_018_433,1.503713846206665,2.124401807785034,2.3892102241516118,2.4996063709259038,2.636664628982544,2.811687469482422,2.64699649810791,2.848332643508911,2.8190708160400386,3.0556936264038086,3.1309757232666016
SNRdb10_p299_094_433,1.6371264457702637,2.646726131439209,2.9567775726318364,2.8160648345947266,3.1769938468933105,3.18201756477356,3.298053741455078,3.610450983047485,3.28387451171875,3.685730457305908,3.496726751327514
SNRdb20_p299_302_433,3.164191246032715,3.6976590156555176,3.707676887512207,3.684153079986572,4.0579023361206055,3.7176909446716313,4.036553859710693,4.006986141204834,3.9509878158569336,3.8911454677581783,4.071372985839844
SNRdb0_p281_313_438,1.3242526054382324,1.576453685760498,1.3710609674453735,1.54246985912323,1.4839131832122805,1.8745399713516235,1.6282871961593628,1.695911169052124,1.6436941623687744,1.792151927947998,1.988014340400696
SNRdb5_p339_320_438,1.4059180021286009,2.192870616912842,2.237416982650757,2.325201749801636,2.428454875946045,2.580481767654419,2.302706718444824,2.5671627521514893,2.4224915504455566,2.808673858642578,1.9206976890563965
SNRdb10_p281_161_438,1.62292742729187,2.1079051494598393,2.1182477474212646,2.201314210891724,2.2638416290283203,2.1111893653869633,2.310433864593506,2.38262939453125,2.382462739944458,2.486921787261963,2.2482612133026123
SNRdb20_p335_071_438,2.559311389923096,3.192490100860596,3.275123119354248,3.2241637706756587,3.2609059810638428,3.2941668033599854,3.5886359214782715,3.5934102535247803,3.4098832607269287,3.6618731021881104,2.4927423000335693
SNRdb0_p335_050_463,1.3589913845062256,1.7767293453216553,2.014486074447632,1.9494611024856567,2.0699448585510254,2.053191900253296,2.143760681152344,2.2495625019073486,2.029937267303467,2.0673227310180664,2.109153509140014
SNRdb5_p298_366_463,1.9333789348602293,2.7248497009277344,2.419550657272339,2.5713753700256348,2.7279071807861333,2.70469331741333,2.572270393371582,2.600013732910156,2.51362943649292,2.631002902984619,2.643726587295532
SNRdb10_p251_115_463,1.8973128795623782,1.988097906112671,2.1694083213806152,2.0694928169250493,2.150653600692749,2.1523723602294917,1.8509566783905032,2.0601296424865723,1.9220362901687624,1.8682942390441892,2.213133811950684
SNRdb20_p335_351_463,2.9543042182922363,3.5048720836639404,3.5818986892700195,3.4564542770385738,3.3877875804901123,3.470719814300537,3.71955156326294,3.6803629398345943,3.4797523021698,3.6374917030334473,3.595494508743286
SNRdb0_p298_179_474,1.296717882156372,1.8988327980041504,2.1529889106750493,1.7386741638183594,1.990852952003479,1.944612741470337,1.7702164649963381,1.9121105670928955,1.9800281524658203,2.0576009750366206,2.0592799186706543
SNRdb5_p249_208_474,1.84368896484375,2.350158452987671,2.372650384902954,2.5622789859771733,2.622165441513061,2.648806095123291,2.416651725769043,2.5657098293304443,2.4022974967956543,2.564709424972534,2.4775211811065674
SNRdb10_p339_389_474,1.6990710496902466,2.6900360584259038,2.788761854171753,2.910102367401123,2.998854398727417,2.9507939815521236,3.3001391887664795,3.2540183067321777,3.0857210159301762,3.3838703632354736,3.318122386932373
SNRdb20_p298_042_474,2.922905683517456,3.0187947750091557,3.14957046508789,2.8623838424682617,3.1387779712677,3.1359937191009517,3.1617350578308105,3.19520902633667,2.9170939922332764,3.1217076778411865,3.1013109683990483
SNRdb0_p306_256_487,1.1363440752029421,1.357024312019348,1.4683564901351929,1.4523693323135376,1.5783433914184568,1.7042536735534668,1.2745423316955566,1.4770236015319824,1.3672568798065186,1.4212691783905032,1.5734989643096924
SNRdb5_p251_285_487,1.2719612121582031,1.6168508529663086,1.6594078540802002,1.8423005342483518,1.893964767456055,2.063798189163208,1.7245867252349854,1.83573055267334,1.886047124862671,1.8914833068847656,1.9819869995117188
SNRdb10_p281_368_487,1.5815755128860474,2.0583243370056152,2.140500545501709,2.067239999771118,2.2795982360839844,2.428950548171997,2.0755481719970703,2.3331167697906494,2.1005523204803467,2.4568018913269043,2.2795512676239014
SNRdb20_p281_418_487,2.8762898445129395,3.057247400283813,2.3748319149017334,2.612863063812256,2.739459276199341,2.6331987380981445,2.589661121368408,2.855545997619629,2.8665270805358887,2.8047716617584233,2.672293901443481
SNRdb0_p251_178_499,1.3227488994598389,1.9623985290527344,2.1271398067474365,2.3743000030517583,2.466156482696533,2.5936272144317627,2.588637351989746,2.560853242874145,2.648841381072998,2.805541753768921,2.9551358222961426
SNRdb5_p251_339_499,1.9238839149475095,1.947359800338745,2.087833404541016,2.638737678527832,2.535141944885254,2.660695791244507,2.298239231109619,2.4107065200805664,1.8582088947296145,2.246966361999512,2.069180965423584
SNRdb10_p306_162_499,1.4733619689941406,2.8304622173309326,3.1117968559265137,2.8366298675537114,3.455430507659912,3.2521276473999023,3.2905561923980717,3.606258630752564,3.5485646724700928,3.7341115474700928,3.7162446975708012
SNRdb20_p299_038_499,3.5444445610046387,3.8917632102966313,3.669419050216675,3.6021358966827397,3.729323148727417,3.674880266189575,4.1422085762023935,4.03643274307251,3.636239051818848,3.8552734851837163,3.80556583404541
SNRdb0_p299_319_513,1.4952435493469238,2.5001485347747803,2.464205026626587,2.610201120376587,2.316936492919922,3.001574993133545,3.0244531631469727,3.2775180339813232,2.6532201766967773,3.4257690906524663,3.574854612350464
SNRdb5_p299_074_513,1.8172526359558103,3.3448963165283203,3.2427945137023926,3.4062647819519043,3.4711151123046875,3.6322274208068848,3.7486448287963863,4.017697811126709,3.7492859363555913,3.941285610198975,4.080350875854491
SNRdb10_p303_172_513,2.2550954818725586,3.19091796875,3.3764421939849854,3.204373598098755,3.390183210372925,3.520470380783081,3.813435316085816,3.837214231491089,3.750216007232666,3.952892303466797,3.924150943756104
SNRdb20_p249_005_513,3.640336513519287,3.5271117687225337,3.4021227359771733,3.5302114486694336,3.4797179698944087,3.6763820648193364,3.988726139068604,4.083459377288818,3.793703556060791,4.016213893890382,3.7921302318573
SNRdb0_p281_211_516,1.1062817573547363,1.3031734228134155,1.2511675357818604,1.3616206645965576,1.37403666973114,1.815864443778992,1.477388858795166,1.5763981342315674,1.3621059656143188,1.49713397026062,1.8056011199951167
SNRdb5_p249_255_516,1.327242732048035,1.6813008785247805,1.9794043302536009,2.07856559753418,2.120656967163086,1.8165208101272583,1.577730655670166,1.7371509075164795,1.6128801107406616,1.7124711275100708,1.8616141080856323
SNRdb10_p298_236_516,1.602022409439087,2.1093282699584956,2.189176321029663,2.277904272079468,2.5266873836517334,2.705042839050293,2.358565330505371,2.653316736221313,2.4016616344451904,2.665001392364502,2.168146133422852
SNRdb20_p298_236_516,3.076990127563477,3.086130380630493,3.291858673095703,3.2667722702026367,3.5071864128112797,3.23297119140625,3.3023152351379395,3.6155076026916495,3.379612445831299,3.4851768016815186,2.8032267093658447
SNRdb0_p299_243_522,1.2339321374893188,1.2950282096862793,1.5643768310546875,1.4589889049530032,1.9575300216674805,2.222264528274536,1.4853922128677368,1.4519157409667969,1.2732206583023071,1.8573819398880005,1.8860557079315183
SNRdb5_p335_182_522,1.2563095092773438,1.6489189863204956,1.8220231533050537,1.9464678764343264,2.0643770694732666,1.7666321992874146,1.5771182775497437,2.0273685455322266,1.96461033821106,1.5688323974609375,1.6385152339935305
SNRdb10_p299_402_522,1.5716158151626587,2.499302387237549,2.618695974349976,2.3696932792663574,2.793699026107788,2.8726284503936768,2.292996406555176,2.5776617527008057,2.33548903465271,2.749136209487915,2.949789762496948
SNRdb20_p335_113_522,1.7400290966033936,3.2052557468414307,2.350900173187256,3.1791715621948238,2.522329807281494,2.445735454559326,3.2546346187591557,3.507063388824463,3.2584924697875977,2.279790163040161,3.3568909168243413
SNRdb0_p339_135_536,1.4922436475753784,1.6171938180923462,2.402441024780273,1.5541698932647705,1.694464921951294,2.8156747817993164,2.9671895503997803,3.250309705734253,3.1223666667938232,3.2721524238586426,3.3468892574310303
SNRdb5_p303_170_536,1.5759918689727783,2.6931023597717285,3.0660605430603027,3.1370334625244136,3.3309566974639893,3.26305627822876,3.61806321144104,3.65905499458313,3.5279507637023926,3.5422005653381348,3.211864471435547
SNRdb10_p335_131_536,2.0409078598022456,3.143535614013672,3.3443698883056636,3.2891242504119877,3.691860437393189,3.748605489730835,3.9592490196228023,3.824617147445679,3.7320020198822017,3.845836639404297,3.883114099502564
SNRdb20_p246_151_536,3.349825620651245,3.3118131160736084,3.293599843978882,3.4240343570709233,3.5777983665466313,3.713348388671875,3.994154691696167,4.025312900543213,3.910926818847656,4.091903209686278,3.9414684772491455
SNRdb0_p251_230_538,1.106889009475708,1.291344165802002,1.4477814435958862,1.383255124092102,1.4573848247528076,1.6902235746383667,1.4462709426879885,1.6083316802978516,1.5559921264648438,1.5572164058685305,1.7090251445770264
SNRdb5_p306_222_538,1.1982730627059937,1.2702395915985107,1.3256185054779053,1.4027706384658811,1.3637754917144775,1.3484820127487185,1.3816639184951782,1.4469088315963743,1.6879971027374268,1.4441061019897459,1.6471660137176514
SNRdb10_p306_038_538,1.267067313194275,1.9323647022247317,2.2190043926239014,2.336674213409424,2.3890364170074463,2.645746946334839,2.3652663230896,2.503192663192749,2.530440330505371,2.814851999282837,2.80694842338562
SNRdb20_p246_060_538,2.1202242374420166,2.90449333190918,2.314247131347656,2.7784574031829834,2.3373594284057617,3.3501265048980717,3.221747398376465,3.1903564929962163,3.0955114364624023,3.297576904296875,3.55033278465271
SNRdb0_p360_103_544,1.2358183860778809,1.5644495487213137,1.8914769887924197,1.8457722663879397,1.868471384048462,2.045571804046631,2.1520645618438716,2.4373798370361333,1.9688140153884888,2.2053704261779785,2.134024143218994
SNRdb5_p360_138_544,1.7771575450897217,2.59540057182312,2.8516945838928223,2.3012919425964355,3.0147507190704346,2.9483323097229004,2.6174607276916504,2.6668591499328613,2.721882104873657,2.576662540435791,2.6460468769073486
SNRdb10_p303_162_544,1.5783036947250366,2.862192392349243,2.151845693588257,1.7184274196624756,2.2471823692321777,2.2185425758361816,3.2605376243591313,2.1137144565582275,2.3184616565704346,2.4122815132141118,2.311161994934082
SNRdb20_p335_199_544,1.9038264751434328,3.106928825378418,3.008929252624512,2.953096628189087,3.495771169662476,3.2876317501068115,3.7530500888824463,3.8413820266723633,3.47585678100586,3.8363265991210938,3.709872007369995
SNRdb0_p306_116_557,1.2556111812591553,1.6312758922576904,1.7958776950836182,1.7644420862197876,1.8862513303756716,2.101172685623169,2.066831350326538,2.1671497821807857,1.9499220848083496,2.1405789852142334,1.95101261138916
SNRdb5_p343_228_557,1.5665600299835205,2.1569955348968506,2.273745536804199,2.479911088943481,2.330901622772217,3.0360100269317627,2.75758695602417,2.64643669128418,2.5475282669067383,2.950693368911743,3.0672683715820312
SNRdb10_p246_318_557,1.701857328414917,2.4839982986450195,2.9930956363677983,2.726404428482056,3.1029205322265625,2.9100649356842037,3.120128631591797,3.1107280254364014,3.1724324226379395,3.3218917846679688,3.228442668914795
SNRdb20_p339_005_557,2.2118022441864014,3.234769105911255,2.774181604385376,3.4064960479736333,3.5539867877960205,3.6866989135742183,3.717379093170166,3.881927490234375,3.718011140823364,3.8566298484802246,3.9385471343994136
SNRdb0_p360_206_560,1.3345842361450195,2.1648526191711426,2.054510593414306,2.38934063911438,2.4579994678497314,2.2273173332214355,2.469473123550415,2.671180248260498,2.7403733730316158,2.9498209953308105,2.1847848892211914
SNRdb5_p249_173_560,2.3043010234832764,3.029932975769043,3.06796669960022,3.026780128479004,3.276252269744873,2.9477660655975337,3.583913326263428,3.6442289352416988,3.1892125606536865,3.325664520263672,3.298128604888916
SNRdb10_p281_130_560,2.364131212234497,2.9887263774871826,3.1949403285980225,3.274582862854004,3.373152494430542,3.2072346210479736,3.687387228012085,3.696322679519653,3.465383291244507,3.7133638858795166,3.6884994506835938
SNRdb20_p360_136_560,3.6209235191345215,3.266929149627685,2.9865753650665283,3.1957073211669917,3.517740488052368,3.4034903049468994,3.854450464248657,3.8284525871276855,3.7504863739013667,3.702601194381714,3.069826602935791
SNRdb0_p360_024_575,1.8013858795166016,2.2249715328216557,2.196798086166382,2.5881824493408203,2.44893479347229,2.5263187885284424,3.0380055904388428,3.068077564239502,2.656820058822632,3.168888568878174,3.0165698528289795
SNRdb5_p281_208_575,2.7286393642425537,2.499466180801392,2.41164231300354,2.6456143856048584,2.5335066318511963,2.454611301422119,3.026251792907715,2.997311353683472,3.099799156188965,2.8664624691009517,2.789989948272705
SNRdb10_p246_352_575,2.88488245010376,3.3429956436157227,3.3216359615325928,3.240469694137573,3.445835590362549,3.5364885330200195,3.701339721679688,3.8034064769744873,3.7351865768432617,3.9602887630462646,3.7095029354095463
SNRdb20_p249_217_575,4.2532129287719735,3.2777101993560787,3.646510124206543,3.4358036518096924,3.7253491878509517,3.6070926189422607,3.9024541378021236,4.00445032119751,3.7796363830566406,3.9388022422790527,3.676293849945069
SNRdb0_p246_338_590,1.1999820470809937,1.5144531726837158,1.5715830326080322,1.4880380630493164,1.6243387460708618,1.7501261234283447,1.4929791688919067,1.47989022731781,1.5739374160766602,1.5400917530059814,1.67058002948761
SNRdb5_p306_251_590,1.4804917573928833,1.747336506843567,1.8805975914001465,1.7259948253631592,1.9105963706970213,1.9943807125091555,1.6869964599609375,1.7822000980377195,1.9114718437194824,1.8234058618545528,2.035004138946533
SNRdb10_p298_227_590,2.455408334732056,3.165330648422241,2.2997305393218994,2.7413878440856934,3.334125518798828,3.4801464080810547,2.394518613815308,2.664061546325684,2.42864990234375,2.623891592025757,3.1769838333129883
SNRdb20_p343_182_590,1.77774977684021,1.823333501815796,3.065394163131714,1.939380764961243,1.9127616882324217,2.0709164142608643,2.9421100616455083,2.0739707946777344,1.879424333572388,2.0142033100128174,2.0209429264068604
SNRdb0_p303_206_639,1.3061529397964478,1.9519569873809812,2.2514071464538574,2.172811985015869,2.494206428527832,2.602769136428833,2.224433183670044,2.565572500228882,2.2454042434692383,2.521768093109131,2.7776131629943848
SNRdb5_p303_091_639,1.5492205619812012,2.420850276947021,2.6160571575164795,2.5725817680358887,2.561379909515381,2.8483455181121826,2.56414794921875,2.962246417999268,2.633211374282837,2.959790706634521,3.1656384468078613
SNRdb10_p343_052_639,1.639881610870361,2.4314091205596924,2.554964780807495,2.8658287525177,2.8769652843475337,3.2874660491943364,3.459559202194214,3.632884979248047,3.476670265197754,3.630796194076538,3.56052041053772
SNRdb20_p306_124_639,2.7063357830047607,3.3307418823242188,3.379263162612915,3.2087104320526123,3.327522754669189,3.505805492401123,3.784092426300049,3.830868244171143,3.600682020187378,3.787852764129639,3.5669493675231934
SNRdb0_p335_115_658,1.2600409984588623,2.1948137283325195,2.2362537384033203,2.2810330390930176,2.452873945236206,2.7090275287628174,2.1471307277679443,2.189849376678467,1.917041778564453,2.4261739253997803,2.5596137046813965
SNRdb5_p303_007_658,1.2579030990600586,1.576387882232666,2.056185007095337,1.903074026107788,2.0795223712921143,2.0033807754516597,1.973388433456421,2.0306656360626216,1.8079445362091064,1.9668768644332888,2.0646259784698486
SNRdb10_p251_050_658,1.8224623203277588,2.5859405994415283,2.5938596725463867,2.628750324249268,2.797598123550415,2.7619752883911133,2.3425588607788086,2.551480531692505,2.3823609352111816,2.478172779083252,2.5876166820526123
SNRdb20_p343_341_658,2.5204598903656006,3.2283942699432373,3.1016271114349365,3.2643227577209477,3.356462001800537,3.7308099269866943,3.561113119125366,3.616419076919556,3.613826036453247,3.720461368560791,3.973076343536377
SNRdb0_p281_432_666,1.1389777660369873,1.628582239151001,1.548088312149048,1.6718153953552246,1.701913595199585,1.8069090843200684,1.8406839370727541,1.7413907051086426,1.7660095691680908,2.0391254425048833,1.89346182346344
SNRdb5_p298_084_666,1.691295146942139,2.735349178314209,3.1136646270751958,2.8331291675567627,2.803027629852295,3.111613273620605,3.033568382263184,3.254690408706665,3.2417962551116943,3.0557687282562256,3.000953197479248
SNRdb10_p306_185_666,1.5239485502243042,2.1182222366333012,2.410283327102661,2.743452787399292,2.5945541858673096,2.7359812259674072,3.123249053955078,2.8163928985595703,2.8281567096710205,3.128029584884644,2.344053030014038
SNRdb20_p251_166_666,3.32412338256836,2.6499183177948,3.1442205905914307,3.427196502685547,3.010305643081665,3.454764604568481,3.4894661903381348,3.5130643844604488,3.2914252281188965,3.466914176940918,3.3274214267730717
SNRdb0_p306_115_687,1.2556791305541992,1.98225212097168,2.5016193389892583,2.1247079372406006,2.667616367340088,2.534010648727417,2.6113970279693604,2.776679039001465,2.727046012878418,2.7812275886535645,2.826554298400879
SNRdb5_p281_129_687,1.232648253440857,2.759926080703736,2.799555540084839,2.942762613296509,2.8151454925537114,2.9201109409332275,3.028167247772217,2.879371166229248,3.0327048301696777,2.949062824249268,2.9780592918396
SNRdb10_p246_098_687,2.0787918567657466,2.8663198947906494,2.8833556175231934,2.9223194122314453,3.421549081802368,3.035189151763916,3.094089269638061,3.1803514957427983,3.3052582740783687,3.4362506866455083,3.438238859176636
SNRdb20_p298_047_687,3.312962055206299,3.19917893409729,3.2402527332305913,3.246989250183105,3.0113418102264404,3.0563910007476807,3.6272492408752437,3.783970594406128,3.672393798828125,3.739427089691162,3.279836893081665
SNRdb0_p339_098_695,1.42944073677063,1.705646276473999,1.7017793655395508,1.971052885055542,1.7706913948059082,2.8699302673339844,2.366096973419189,3.178312063217163,3.171693563461304,3.434165000915528,3.26499605178833
SNRdb5_p335_393_695,1.6410601139068604,2.210011959075928,2.562962532043457,2.4570834636688232,2.8083481788635254,2.9117918014526367,2.6211423873901367,3.62145471572876,2.542398452758789,3.4632472991943364,3.4717741012573238
SNRdb10_p249_133_695,1.9743237495422363,3.063779592514038,3.089550018310547,3.2625658512115483,3.3922960758209233,3.1137149333953857,3.6675019264221187,3.713507890701294,3.495397090911865,3.608275175094605,3.4310426712036133
SNRdb20_p306_055_695,3.4269649982452397,3.479984998703003,3.7095348834991455,3.625958681106568,3.5984673500061035,3.743977308273315,4.037996768951416,3.998280763626098,4.007951259613037,3.978295803070069,3.87083911895752
SNRdb0_p360_206_715,1.1813958883285522,1.5363712310791016,1.8025407791137693,1.3974303007125854,1.817903757095337,2.0887007713317867,1.7433016300201416,1.7852091789245603,1.5140495300292969,1.7365454435348509,2.04904580116272
SNRdb5_p246_338_715,1.3413711786270142,1.6475267410278318,1.8497066497802732,1.7737659215927124,2.097064971923828,1.884337306022644,2.2012042999267583,2.289944887161255,2.478052854537964,2.4921374320983887,2.500519037246704
SNRdb10_p360_141_715,1.8497014045715328,2.303632497787476,2.6054017543792725,2.3002126216888428,2.5438127517700195,2.244694709777832,2.7737362384796143,2.357746362686157,2.640064477920532,3.03060245513916,2.8813579082489014
SNRdb20_p298_331_715,2.5055532455444336,3.3177385330200195,3.2221491336822514,3.054295301437378,3.4574978351593018,3.42156720161438,3.597605466842652,3.6162497997283936,3.2973172664642334,3.7527163028717037,3.773271322250366
SNRdb0_p298_042_722,1.1863694190979004,1.5901541709899902,1.6129608154296875,1.8225597143173216,1.924654483795166,2.0855066776275635,1.6842536926269531,1.7422652244567869,1.6735448837280271,1.885140299797058,1.8801839351654053
SNRdb5_p298_007_722,1.392031192779541,2.0686488151550293,1.8424012660980225,1.9765435457229612,1.991118669509888,2.233794450759888,2.0948023796081543,2.3232226371765137,2.153894424438477,2.193924188613892,2.503514289855957
SNRdb10_p343_042_722,1.3814090490341189,1.5465430021286009,1.593687653541565,1.5704339742660522,1.586202621459961,1.6160547733306885,1.584247350692749,1.744518756866455,1.592430591583252,1.724579095840454,1.6747498512268066
SNRdb20_p246_095_722,2.469399690628052,2.847951650619507,3.1089766025543213,2.9559872150421143,3.5303168296813965,3.3102564811706543,3.3009335994720463,3.319808959960937,3.270759105682373,3.429083824157715,3.4662446975708012
SNRdb0_p281_151_736,1.5842580795288086,2.267583131790161,2.2161085605621342,1.9906747341156008,2.319672107696533,2.573652982711792,2.620934247970581,2.605912446975708,2.470122098922729,2.8551623821258545,2.8460156917572017
SNRdb5_p249_217_736,1.4163761138916016,1.8417832851409912,2.239323616027832,2.4640321731567383,2.6417877674102783,2.8831090927124023,2.7024879455566406,2.8922009468078613,2.759070873260498,3.0666229724884038,2.8380146026611333
SNRdb10_p251_007_736,2.0450007915496826,3.131974220275879,3.19563364982605,3.084174156188965,3.400323867797852,3.4185271263122563,3.473607063293457,3.488433837890625,3.464876413345337,3.541093349456787,3.594008207321167
SNRdb20_p335_115_736,3.1363773345947266,3.4685652256011963,3.7583391666412354,3.4443838596343994,3.6869933605194087,3.7834439277648926,4.115943431854248,3.936680793762207,3.6983873844146733,3.8830389976501465,3.922327756881714
SNRdb0_p306_358_75,1.2741847038269043,1.832855224609375,2.0380535125732417,2.0222294330596924,2.4043984413146973,2.4524900913238525,2.688051700592041,2.955589771270752,2.673783302307129,2.70864486694336,2.614318609237671
SNRdb5_p298_130_75,1.7564518451690674,2.7139568328857417,2.923560619354248,3.034520387649536,3.325876951217652,3.1303594112396236,3.222450494766236,3.218305349349976,3.197223901748657,3.2499184608459477,3.3191635608673096
SNRdb10_p299_302_75,1.9984476566314695,3.03940486907959,3.165052890777588,3.502375364303589,3.6739346981048575,3.4974191188812256,3.783048868179321,3.850385427474976,3.617385864257813,3.6849172115325928,3.852055311203003
SNRdb20_p360_236_75,3.000931024551392,3.183659076690674,2.715869426727295,3.2158665657043457,3.0911169052124023,3.1899213790893555,3.722111225128174,3.662651538848877,3.4043560028076167,3.6215877532958975,3.374880313873291
SNRdb0_p306_024_757,1.2368552684783936,1.9560773372650144,2.5851399898529053,2.324265956878662,2.340041160583496,2.8328855037689213,2.8500330448150635,3.090927600860596,2.823206901550293,3.0571584701538086,3.09196400642395
SNRdb5_p249_340_757,1.7187950611114502,2.6393108367919917,2.813464403152466,2.9605212211608887,3.1227943897247314,3.00342321395874,3.2027099132537837,3.394078493118286,2.9771671295166016,2.9908440113067627,3.218806505203247
SNRdb10_p339_347_757,2.0637052059173584,3.134894847869873,3.4304962158203125,3.500964641571045,3.4970853328704834,3.7683281898498535,2.6035656929016118,4.0569095611572275,3.876680850982666,4.0983009338378915,3.8191516399383545
SNRdb20_p299_063_757,2.4711694717407227,3.5415031909942627,3.4649584293365483,3.547818660736084,3.8262212276458736,3.547574281692505,4.13362979888916,3.98612904548645,3.7515835762023926,4.088589668273927,3.5650835037231445
SNRdb0_p339_392_76,1.3102948665618896,1.8847345113754272,1.8400979042053225,1.8733788728713991,2.0098221302032466,2.146643877029419,1.7398455142974854,1.9119765758514404,1.7785371541976929,1.8210610151290891,2.144930362701416
SNRdb5_p360_084_76,1.5855226516723633,2.0204801559448238,2.000617265701294,2.27341365814209,1.74589204788208,2.4491517543792725,2.2810397148132324,2.4281930923461914,2.243770837783813,2.207194805145264,2.312895536422729
SNRdb10_p299_065_76,1.9260115623474119,2.2711684703826904,2.815703630447388,2.9813137054443364,2.7487351894378658,3.240055084228516,3.1706998348236084,3.1016733646392822,3.081413745880127,2.95758318901062,3.3207030296325684
SNRdb20_p298_233_76,3.1995661258697514,3.007347822189331,2.7360825538635254,3.2416372299194336,3.174983024597168,3.4283576011657715,3.388108253479004,3.5098295211791988,3.361790418624878,3.4858095645904537,3.201633930206299
SNRdb0_p339_034_767,1.902780652046204,2.522120714187622,2.930830717086792,3.0293164253234863,3.080226182937622,3.2042007446289062,3.447413444519043,3.4837017059326167,3.1655547618865967,3.487027406692505,2.4667987823486333
SNRdb5_p306_208_767,2.6366901397705083,2.8640253543853764,3.0967342853546143,3.0944538116455083,3.0629987716674805,2.953196287155152,3.203115701675415,3.5186336040496826,3.0836994647979736,3.280358076095581,3.3069307804107666
SNRdb10_p281_182_767,3.7297329902648926,3.240355491638184,3.4081249237060547,3.6018059253692627,3.6004271507263184,3.4651684761047363,3.6662175655364986,3.8563194274902335,3.649925708770752,3.8461186885833736,3.767125844955444
SNRdb20_p298_343_767,4.260269165039063,3.7662065029144287,3.942397356033325,4.0260844230651855,3.7060000896453857,3.955986738204956,4.144212245941162,4.1124839782714835,3.888259887695313,3.857854604721069,3.886578559875488
SNRdb0_p251_019_77,1.1475831270217896,1.2428646087646484,1.3085565567016602,1.354823112487793,1.455475926399231,1.5767107009887695,1.455652356147766,1.5709980726242063,1.5109477043151855,1.5418763160705566,1.653688669204712
SNRdb5_p335_143_77,1.2740122079849243,1.5083379745483398,1.8400447368621824,1.550833225250244,1.728973627090454,2.460265874862671,2.196068286895752,2.458017587661743,2.2649483680725098,2.5799367427825928,2.567734956741333
SNRdb10_p303_172_77,1.3001058101654053,2.0671496391296387,2.1840071678161617,2.151473999023437,2.181171417236328,2.6181957721710205,2.365952014923096,2.2853069305419917,2.5445270538330083,2.727311611175537,2.784585952758789
SNRdb20_p299_300_77,2.985154390335083,3.346825361251831,2.9340128898620605,3.196044921875,3.3847010135650635,2.9916167259216313,3.5414836406707764,3.5652902126312256,3.3816497325897217,3.328923463821411,3.1724674701690674
SNRdb0_p246_217_775,1.1609759330749512,1.5939576625823977,1.7604466676712036,1.7960042953491209,1.748640060424805,2.104605436325073,1.6095092296600342,1.744174242019653,1.8237619400024412,1.9685370922088623,1.964078664779663
SNRdb5_p303_091_775,1.242565631866455,1.7278225421905518,1.9082765579223635,1.9129209518432615,1.9061379432678225,1.9700326919555664,1.7975571155548096,1.8631914854049685,1.7613266706466677,1.7964460849761963,1.965024828910828
SNRdb10_p249_326_775,1.5871222019195557,1.959129810333252,1.9913804531097408,2.110724687576294,2.03926420211792,1.9965754747390747,1.912252426147461,1.9882042407989504,1.761298894882202,2.065869092941284,1.994245529174805
SNRdb20_p303_259_775,2.143218278884888,2.7189266681671143,2.7204601764678955,2.7233200073242188,2.95508337020874,2.5772104263305664,2.78012752532959,2.7656185626983643,2.690720558166504,2.7734107971191406,2.761837244033813
SNRdb0_p343_209_785,1.2594027519226074,1.4720590114593506,1.4929146766662598,1.5964057445526123,1.6467050313949585,1.8231768608093264,1.6725610494613647,1.5934596061706543,1.6759741306304932,1.7932817935943604,1.839704513549805
SNRdb5_p306_269_785,1.2834091186523438,1.7305710315704346,1.83198356628418,1.9029252529144287,2.143207550048828,2.3284857273101807,1.9376239776611328,2.0908057689666752,1.9809122085571291,2.299570083618164,2.514853000640869
SNRdb10_p281_349_785,1.6815006732940674,2.0117635726928706,2.231876850128174,2.134011745452881,2.380970001220703,2.1246449947357178,1.8976314067840576,1.9585202932357788,1.8605886697769165,1.99879789352417,2.1026172637939453
SNRdb20_p299_094_785,1.788189172744751,3.0923845767974854,3.067655086517334,3.08674693107605,3.4011895656585693,3.4250800609588623,3.4927937984466557,3.56477427482605,3.329679012298584,3.5440001487731934,3.5320870876312256
SNRdb0_p335_373_787,1.244735598564148,1.7227632999420166,1.6233292818069458,1.860856771469116,1.8944339752197263,2.59511947631836,2.012420415878296,2.4781334400177,1.7566698789596558,2.6112439632415767,2.821765899658203
SNRdb5_p299_179_787,1.4218637943267822,2.418533563613892,1.8390750885009768,2.5286879539489746,2.633967876434326,3.0043611526489262,2.6138737201690674,3.106963634490967,2.796809434890747,3.153113842010498,3.1760425567626958
SNRdb10_p249_139_787,1.5217928886413574,2.449081420898437,2.759310007095337,2.7519969940185547,2.678929090499878,2.8616411685943604,2.7753281593322754,2.8467025756835938,2.8118484020233154,2.7168643474578857,2.9314253330230717
SNRdb20_p299_183_787,2.228157520294189,3.440763235092163,3.58925724029541,3.383216857910156,3.5655133724212646,3.7585625648498535,3.6745488643646236,3.729483366012573,3.7881472110748287,3.802548885345459,3.845200061798096
SNRdb0_p249_133_788,1.1522011756896973,1.6665308475494385,1.9164059162139893,1.6677730083465576,2.063692808151245,2.413461685180664,2.3483376502990723,2.646580457687378,2.357677459716797,2.615431308746338,2.516347885131836
SNRdb5_p298_359_788,1.7880083322525024,2.5719835758209233,2.9501140117645264,2.7919766902923584,2.853545427322388,3.0295193195343018,3.0355823040008545,3.2135822772979736,3.299909830093384,3.0918142795562744,2.817610502243042
SNRdb10_p246_350_788,2.2625651359558105,2.8863778114318848,3.06740665435791,2.926090240478516,3.233505964279175,3.2722697257995605,3.675694704055786,3.694726228713989,3.40789008140564,3.718261241912842,3.823638439178467
SNRdb20_p298_019_788,2.6843156814575195,3.1229059696197514,3.446862936019897,3.3096828460693364,3.44026780128479,3.378727674484253,3.67825984954834,3.771329402923584,3.6405632495880127,3.7334520816802983,3.4718599319458012
SNRdb0_p246_255_822,1.3704776763916016,2.2113561630249023,2.305734157562256,2.471160650253296,2.853246688842773,2.822695016860962,2.4681246280670166,2.5458312034606934,2.172576904296875,2.6458373069763184,2.781193494796753
SNRdb5_p246_035_822,1.9791183471679688,2.6812007427215576,2.6492977142333984,2.9708733558654785,3.154347419738769,3.1310489177703857,2.7802281379699707,2.939422130584717,2.807366371154785,2.925307273864746,3.0573744773864746
SNRdb10_p246_076_822,2.4810354709625244,2.926823616027832,2.8664867877960205,2.879831552505493,3.15631365776062,3.0567514896392822,3.0995631217956543,3.153549909591675,3.20889949798584,3.120545625686645,3.2276489734649663
SNRdb20_p360_313_822,3.661151885986328,3.131569623947144,3.355863332748413,3.457861423492432,3.628406047821045,3.2614116668701167,3.886742353439331,3.605592966079712,4.101380348205566,3.599303722381592,3.762374877929688
SNRdb0_p299_233_823,1.1865925788879397,1.8573222160339355,1.4681334495544434,2.016836404800415,2.264986276626587,2.1494882106781006,2.269073247909546,2.654122829437256,2.506711483001709,2.8251738548278813,2.9277029037475586
SNRdb5_p299_307_823,1.3675312995910645,1.911693096160889,2.6053621768951416,2.1614634990692143,2.319164037704468,2.4310734272003174,2.9171550273895264,3.160063505172729,3.0552494525909424,3.057710886001587,3.2629497051239014
SNRdb10_p335_007_823,1.536823272705078,2.17141342163086,2.747625827789306,2.0550799369812007,1.9618396759033203,1.8201072216033936,2.222754716873169,2.1728148460388184,2.207345962524414,2.1833055019378658,1.9087766408920288
SNRdb20_p298_123_823,2.716820478439331,3.3084964752197266,3.375169515609741,3.2038452625274663,3.509061098098755,3.3063957691192627,3.6863069534301762,3.866652488708496,3.617510318756104,3.6644253730773926,3.5866820812225337
SNRdb0_p303_233_859,1.2659014463424685,1.88104248046875,2.211467981338501,2.3332598209381104,2.4054501056671143,2.478005170822144,2.8109402656555176,2.9051427841186523,2.6747937202453613,3.0230519771575928,2.764876365661621
SNRdb5_p339_099_859,2.0508131980896,3.1385903358459477,3.3954007625579834,3.046776533126831,3.351674318313598,3.435373067855835,3.4510717391967773,3.5544643402099614,3.2419798374176025,3.6711673736572266,3.541135311126709
SNRdb10_p303_233_859,1.5910950899124146,2.506329298019409,3.0379559993743896,3.0132417678833012,2.977285146713257,3.1131837368011475,3.4221384525299072,3.4688794612884517,3.374954462051392,3.4072415828704834,3.3250725269317627
SNRdb20_p360_161_859,3.748756647109986,3.5181901454925537,3.5506155490875244,3.537505626678467,3.5545339584350586,3.608208417892456,3.8687469959259033,3.990924835205078,3.9285829067230233,3.8580188751220703,3.8784410953521733
SNRdb0_p360_151_866,1.2632272243499756,1.5041158199310305,1.5355877876281738,1.5386757850646973,1.7367520332336426,1.6700315475463867,1.928689956665039,1.862699031829834,1.8484716415405276,1.8595789670944212,1.884021282196045
SNRdb5_p246_077_866,1.4709020853042605,1.886639714241028,1.9700496196746824,1.7847102880477903,2.481478691101074,2.1541874408721924,2.2244069576263428,2.1202614307403564,2.1113543510437007,1.9169361591339111,1.9375617504119875
SNRdb10_p246_210_866,2.04314923286438,2.7299563884735107,2.5970377922058105,2.805651426315308,2.7497074604034424,3.1672635078430176,2.7456188201904297,2.6602914333343506,2.7561609745025635,3.0861589908599854,3.1888256072998047
SNRdb20_p303_259_866,2.1937270164489746,2.9302153587341313,2.936755657196045,2.848837614059448,3.058515787124634,2.757919788360596,2.9703445434570312,3.0951335430145264,2.8537309169769287,3.092921733856201,3.01252818107605
SNRdb0_p343_339_873,1.30604088306427,2.1493384838104252,2.603780746459961,2.537498235702514,2.405913829803467,2.8884239196777344,2.3400132656097408,2.5966782569885254,2.5466949939727783,2.6152639389038086,2.86277174949646
SNRdb5_p249_329_873,2.00178337097168,2.6093223094940186,2.5217771530151367,2.597010850906372,2.685476541519165,2.69828462600708,2.616080045700073,2.7236480712890625,2.566711187362671,2.668252229690552,2.788915634155273
SNRdb10_p251_209_873,2.2136037349700928,3.0744590759277344,3.0976467132568364,3.067301034927368,3.0720403194427486,3.3463997840881348,3.1614575386047363,3.3464317321777344,3.2848513126373287,3.295948266983032,3.4854531288146973
SNRdb20_p251_287_873,3.604315996170044,3.029944658279419,3.494215726852417,3.171107769012451,3.5157282352447514,3.473362684249878,3.913062334060669,3.7579853534698486,3.7518503665924072,3.938891887664795,3.3301029205322266
SNRdb0_p335_226_889,1.1335126161575315,1.2809258699417114,1.452070951461792,1.4651212692260742,1.733386754989624,1.7404357194900513,1.2342838048934937,1.5570647716522217,1.2410188913345337,1.4825799465179443,1.8236908912658687
SNRdb5_p298_227_889,1.521114945411682,2.0284156799316406,2.1959338188171387,2.2317240238189697,2.35467267036438,2.5048768520355225,2.0953848361968994,2.40911865234375,2.222252368927002,2.1523911952972408,2.490148067474365
SNRdb10_p360_019_889,1.278775691986084,1.57813560962677,1.5486633777618408,1.6773674488067627,1.7169479131698608,1.9923641681671145,1.9859070777893064,1.9541482925415041,2.0552434921264653,2.073833703994751,2.053112030029297
SNRdb20_p335_364_889,1.652387022972107,3.0897605419158936,3.2044270038604736,2.98738956451416,3.4204044342041016,3.2392945289611816,3.246990203857422,3.4456160068511963,3.132053852081299,2.4560987949371342,3.5347938537597656
SNRdb0_p298_076_891,1.2192745208740234,2.205641746520996,2.1048212051391597,1.8215415477752688,2.120309352874756,2.2453999519348145,1.97761070728302,2.1096527576446533,2.020118236541748,2.176114320755005,2.232351541519165
SNRdb5_p281_296_891,1.842723608016968,1.995941162109375,2.3441925048828125,2.350163459777832,2.4094274044036865,2.421305894851685,2.5977706909179688,2.310931921005249,2.1565146446228027,2.540857553482056,2.5539324283599854
SNRdb10_p251_239_891,2.0541882514953613,2.6286280155181885,2.444810152053833,2.3042771816253658,2.7256879806518555,2.6207964420318604,2.4073355197906494,2.434745073318481,2.3882763385772705,2.366820335388184,2.404902935028076
SNRdb20_p335_346_891,3.053095579147339,3.247725248336792,3.3110251426696777,3.1810171604156494,3.3720479011535645,3.64188289642334,3.676757097244263,3.5482213497161865,3.5482754707336426,3.7937450408935542,3.896537780761719
SNRdb0_p246_224_894,1.1613048315048218,1.5592176914215088,1.9533696174621584,1.9488530158996584,2.0983932018280034,2.134695053100586,1.816143274307251,2.1220078468322754,1.8547228574752808,2.0591132640838623,2.243901014328003
SNRdb5_p343_087_894,1.3575735092163086,1.4971402883529663,1.4794375896453855,1.722099542617798,1.6612203121185305,2.6346147060394287,2.1814353466033936,1.3505553007125854,1.9315781593322756,2.4473111629486084,2.612717390060425
SNRdb10_p281_149_894,2.0928897857666016,2.622323751449585,2.70512318611145,2.6986677646636963,2.85956072807312,2.4956738948822017,2.602978467941284,2.70069432258606,2.548824548721313,2.716841459274292,2.7822189331054688
SNRdb20_p303_319_894,2.250427007675171,3.4195280075073238,3.4341795444488525,3.1092734336853027,3.45749568939209,3.309999227523804,3.52514910697937,3.593834400177002,3.199673175811768,3.4184987545013428,3.4416723251342773
SNRdb0_p306_246_942,1.119188904762268,1.3097248077392578,1.642108917236328,1.3400487899780271,1.6076273918151855,1.9263253211975095,1.761565923690796,1.8953595161437988,1.815603494644165,2.373743295669556,2.316196918487549
SNRdb5_p298_288_942,1.4837887287139893,2.299539804458618,2.6984071731567383,2.4158196449279785,2.690340995788574,2.670680046081543,2.6920056343078613,2.836333036422729,2.832631826400757,2.8116436004638667,2.8495240211486816
SNRdb10_p306_083_942,1.47235369682312,2.568500518798828,2.900223016738892,3.032779693603516,2.820067405700684,2.756240129470825,3.011730670928955,3.1326580047607417,3.0008635520935063,3.1748371124267583,2.950923442840576
SNRdb20_p281_018_942,2.678398609161377,2.9950926303863525,2.965181589126587,2.9494073390960693,3.370133876800537,3.210139751434326,3.2781147956848145,3.380377531051636,3.2071526050567627,3.4463961124420166,3.4439191818237305
SNRdb0_p251_019_947,1.1384130716323853,1.296547293663025,1.3480074405670166,1.3886089324951172,1.4827328920364382,1.5669894218444824,1.3220009803771973,1.4243900775909424,1.3842790126800537,1.506522536277771,1.5704511404037476
SNRdb5_p360_322_947,1.809653639793396,2.555572032928467,1.8582203388214111,2.35710883140564,2.408124685287476,2.1382720470428467,2.810197353363037,2.1807112693786617,2.70586371421814,2.6257433891296387,2.7694454193115234
SNRdb10_p335_240_947,1.4860669374465942,2.2347748279571533,2.7165298461914062,2.4088735580444336,2.7588040828704834,2.9686238765716557,2.3446812629699707,2.570711612701416,2.4084372520446777,2.6589603424072266,2.8246736526489262
SNRdb20_p299_219_947,2.5162949562072754,3.022356986999512,2.920639038085937,3.27961802482605,3.3235950469970703,3.304734945297241,3.08764910697937,3.2111849784851074,3.137571096420288,3.273557424545288,3.3402194976806636
SNRdb0_p299_318_958,1.2944725751876829,1.72159743309021,2.4542415142059326,2.305255651473999,2.6628713607788086,2.671893358230591,2.4595534801483154,3.0558507442474365,2.4123191833496094,2.9686388969421387,3.1317391395568848
SNRdb5_p281_398_958,3.0606594085693364,2.665888547897339,2.5912506580352783,2.697202444076538,2.8827672004699707,2.602303981781006,2.847273588180542,2.783590316772461,2.7686872482299805,2.6755239963531494,2.819013833999634
SNRdb10_p299_349_958,3.5865144729614262,3.7064626216888423,3.7304415702819824,3.6256008148193364,3.773801565170288,3.823400497436523,4.119368553161621,4.0614399909973145,3.688089609146118,3.885236978530884,3.7625675201416016
SNRdb20_p306_083_958,3.96666407585144,3.667750358581543,3.578747272491455,3.482574462890625,3.7431027889251713,3.560431241989136,3.8496947288513184,3.8321316242218018,3.773801565170288,3.9073405265808105,3.5188579559326167
SNRdb0_p281_139_969,1.3381707668304443,2.162987232208252,2.425204277038574,2.3033771514892583,2.5703248977661133,2.70363998413086,2.8179204463958736,2.926033496856689,2.755833864212036,2.873378038406372,2.9664201736450195
SNRdb5_p343_019_969,1.6727252006530762,2.6731650829315186,2.3918676376342773,3.0486273765563965,2.6008400917053223,3.3056833744049072,3.5874330997467037,3.67111611366272,3.5123496055603027,3.629478454589844,3.5493891239166264
SNRdb10_p360_342_969,2.1888153553009038,3.102607011795044,3.2467591762542725,3.1332907676696777,3.5772268772125244,3.623995065689087,3.636796474456787,3.61482834815979,3.51071572303772,3.5982820987701416,3.7617034912109375
SNRdb20_p281_414_969,3.7261831760406494,2.98644757270813,2.8276526927948,3.435030698776245,3.2024250030517583,3.073414087295532,3.3439364433288574,2.9853739738464355,3.452030897140503,3.2997863292694087,3.122849702835083
SNRdb0_p343_087_975,1.2009183168411257,1.4649379253387451,1.4498406648635864,1.4624903202056885,1.3953020572662354,2.1249494552612305,1.6352112293243408,1.2829980850219729,1.687286376953125,1.8871235847473145,2.081733226776123
SNRdb5_p251_356_975,1.162713885307312,1.5543630123138428,1.676832914352417,1.8536854982376096,1.553215742111206,1.8389995098114011,1.6127698421478271,1.658752202987671,1.733425498008728,1.8295193910598757,1.816572308540344
SNRdb10_p360_084_975,1.5368541479110718,2.1729846000671387,1.8862035274505613,2.1975760459899902,1.7163228988647459,2.401371479034424,2.4735207557678223,2.3614397048950195,2.333050012588501,2.598400831222534,2.2290456295013428
SNRdb20_p299_364_975,2.633188247680664,3.4522168636322017,3.408270835876465,3.36987829208374,3.2558226585388184,3.63716983795166,3.554169178009033,3.789793491363525,3.6176950931549072,3.824252843856812,3.8608019351959233
SNRdb0_p339_007_987,1.2241437435150146,1.5476170778274536,1.6809263229370115,1.4731048345565796,1.8415575027465818,2.0400586128234863,1.8810234069824217,1.6637651920318604,1.84222149848938,2.279982566833496,2.486199378967285
SNRdb5_p299_262_987,1.3028477430343628,1.923466205596924,2.0925517082214355,2.161902666091919,2.2387850284576416,2.553356647491455,2.241374015808105,2.4021785259246826,2.242842674255371,2.6095998287200928,2.748828649520874
SNRdb10_p360_169_987,1.9213229417800903,2.522007703781128,2.2670793533325195,2.8350071907043457,2.957167625427246,3.0158731937408447,3.169666290283203,2.97291111946106,3.1188855171203613,3.165518045425415,2.9435391426086426
SNRdb20_p298_366_987,3.4499421119689937,3.7475986480712886,3.4300761222839355,3.5143537521362305,3.664396524429321,3.58647084236145,3.77020001411438,3.791008472442627,3.649681568145752,3.930193901062012,3.7642574310302734
SNRdb0_p343_186_992,1.1314873695373535,1.261036396026611,1.407351851463318,1.2626886367797852,1.3295542001724243,1.9822950363159182,1.1988379955291748,1.5953519344329834,1.2939469814300537,1.3626869916915894,1.456287503242493
SNRdb5_p246_050_992,1.4415488243103027,1.560840368270874,1.7056896686553955,1.5642359256744385,2.016896247863769,2.397226095199585,1.83599317073822,1.9550604820251465,1.877337455749512,1.7757341861724854,2.1868524551391597
SNRdb10_p360_201_992,1.951954007148743,2.719287872314453,2.7421016693115234,2.629111051559448,2.9985265731811523,2.7511837482452397,2.425366878509521,2.3392152786254883,2.532226085662842,2.657726764678955,2.522701978683472
SNRdb20_p298_170_992,3.302992105484009,3.5897233486175537,3.3323276042938232,3.332453727722168,3.4463257789611816,3.242715120315552,3.311484336853028,3.349266767501831,3.279989957809448,3.4626994132995605,3.43674635887146
