file_name,pesq noisy,h4d5 trained on all,h8d5 trained on all,h12d5 trained on all,h24d5 trained on all,h48d5 trained on all,h4d5 transfer on metro_station,h8d5 transfer on metro_station,h12d5 transfer on metro_station,h24d5 transfer on metro_station,h48d5 transfer on metro_station
SNRdb0_p298_225_1065,1.1132558584213257,1.1742496490478516,1.1586624383926392,1.1717815399169922,1.1821753978729248,1.186720609664917,1.141432523727417,1.148627758026123,1.1661198139190674,1.171754002571106,1.1836684942245483
SNRdb5_p339_212_1065,1.0639448165893557,1.1243391036987305,1.1822702884674072,1.2364628314971924,1.3856018781661987,1.3027552366256714,1.134643316268921,1.2565867900848389,1.289193868637085,1.3881484270095823,1.4007457494735718
SNRdb10_p299_278_1065,1.1983424425125122,1.592682123184204,2.0245046615600586,1.9128022193908687,2.1351366043090816,2.186716079711914,1.7093820571899414,2.1093881130218506,1.9254770278930664,2.08371901512146,2.1182310581207275
SNRdb20_p306_358_1065,2.1712119579315186,2.427595853805542,2.736493825912476,2.6395983695983887,2.887850522994995,2.7327330112457275,2.507216215133667,2.7703535556793213,2.8322670459747314,2.770537137985229,2.9029459953308105
SNRdb0_p335_049_1067,1.1636418104171753,1.646136999130249,1.8447179794311523,1.7266453504562378,1.9218586683273315,2.207232713699341,1.7438666820526123,2.055529832839966,2.0029370784759517,2.02090072631836,2.203134536743164
SNRdb5_p298_056_1067,1.4335250854492188,1.9758263826370241,2.175033569335937,2.202666044235229,2.4044103622436523,2.2085418701171875,2.219142436981201,2.2150018215179443,2.4734249114990234,2.4954259395599365,2.4172682762146
SNRdb10_p343_018_1067,1.4091225862503052,2.1345326900482178,2.1590020656585693,2.3894519805908203,2.2507638931274414,2.3245525360107417,2.2433702945709233,2.2657787799835205,2.71606707572937,2.5213091373443604,2.441991806030273
SNRdb20_p339_213_1067,2.8021678924560547,3.132270812988281,2.944103717803955,3.070033311843872,3.4002552032470703,3.534505605697632,3.014329671859741,2.968657255172729,3.298872232437134,3.5504021644592285,3.6529264450073238
SNRdb0_p360_313_1075,1.117971420288086,1.2657586336135864,1.1847548484802246,1.2760876417160034,1.261757493019104,1.2258284091949463,1.2079726457595823,1.2725783586502075,1.280488133430481,1.3977388143539429,1.4079149961471558
SNRdb5_p339_212_1075,1.0961660146713257,1.2906146049499512,1.4149458408355713,1.3794463872909546,1.6092480421066284,1.5559011697769165,1.4111841917037964,1.5533678531646729,1.5081493854522705,1.649829387664795,1.5888429880142212
SNRdb10_p343_366_1075,1.1206796169281006,1.5449366569519043,1.5338726043701172,1.380112886428833,1.749382495880127,1.8744378089904783,1.648608684539795,1.5594629049301147,1.8959054946899412,1.987324953079224,1.741152048110962
SNRdb20_p246_135_1075,1.8173199892044067,2.2338643074035645,2.070363521575928,2.223226308822632,2.624295473098755,2.7329275608062744,2.208996295928955,2.4919605255126958,2.1168227195739746,2.6586017608642583,2.6796836853027344
SNRdb0_p299_251_1077,1.0794143676757812,1.3272806406021118,1.3852492570877075,1.3115828037261963,1.4422776699066162,1.6265935897827148,1.1234147548675537,1.4009203910827637,1.3693243265151978,1.1678798198699951,1.555610179901123
SNRdb5_p298_185_1077,1.3390485048294067,1.7209171056747437,1.8343064785003664,1.802062511444092,1.846526861190796,1.8935482501983645,1.5593476295471191,1.7367923259735107,1.8345201015472408,2.148266315460205,1.905038833618164
SNRdb10_p298_343_1077,1.5064098834991455,1.6934179067611694,1.8801350593566892,1.7890806198120115,1.9722903966903689,2.2045178413391118,1.6711523532867432,1.8438289165496824,2.0651311874389653,1.8450331687927248,2.23691725730896
SNRdb20_p343_106_1077,2.0050048828125,2.346489429473877,2.567871332168579,2.421381950378418,2.732374668121338,2.7681772708892822,2.4801957607269287,2.5778062343597408,2.8342101573944087,1.9527056217193604,2.7329835891723637
SNRdb0_p299_349_1098,1.0702930688858032,1.3141350746154783,1.4307860136032104,1.4617213010787964,1.6445419788360596,1.847940683364868,1.4269697666168213,1.4372955560684204,1.5285018682479858,1.5307927131652832,1.7348556518554688
SNRdb5_p306_119_1098,1.0636970996856692,1.2726505994796753,1.4154809713363647,1.3164427280426023,1.5116219520568848,1.5155006647109983,1.3590877056121826,1.4041051864624023,1.452027440071106,1.6025333404541016,1.5312962532043457
SNRdb10_p303_344_1098,1.2774577140808103,1.7460111379623413,2.0134530067443848,1.8508751392364504,2.050952672958374,1.858355164527893,1.7061903476715088,1.7624680995941162,2.0103437900543213,2.2115752696990967,1.7720413208007812
SNRdb20_p281_227_1098,2.272704839706421,2.210237979888916,2.200857639312744,2.4742555618286133,2.326512336730957,2.1744532585144043,2.314045190811157,2.4041106700897217,2.6016640663146973,2.4490439891815186,2.4710118770599365
SNRdb0_p281_449_1101,1.0769921541213991,1.1166279315948486,1.1348450183868408,1.12552809715271,1.123387575149536,1.314311981201172,1.1434459686279297,1.1354916095733645,1.1828666925430298,1.3176347017288208,1.3417537212371826
SNRdb5_p281_440_1101,1.229102611541748,1.2313048839569092,1.2820522785186768,1.2964681386947632,1.3991572856903076,1.4530036449432373,1.3476166725158691,1.3483028411865234,1.4486384391784668,1.4065163135528564,1.3823091983795166
SNRdb10_p281_218_1101,1.6827247142791748,1.7774864435195925,2.0355725288391118,1.798846960067749,1.675519585609436,1.909345388412476,2.0610628128051762,2.0400197505950928,1.9556819200515747,2.0460517406463623,1.8874075412750244
SNRdb20_p303_018_1101,2.124165773391724,2.319365262985229,2.5045206546783447,2.607261180877685,2.9345989227294917,2.98626708984375,2.372036457061768,2.547676086425781,2.9112546443939213,3.022407531738281,2.9460690021514893
SNRdb0_p281_262_1103,1.2072875499725342,1.364025354385376,1.5160562992095947,1.5068645477294922,1.3790444135665894,1.5355195999145508,1.4035886526107788,1.475493311882019,1.4229696989059448,1.5496821403503418,1.5746911764144895
SNRdb5_p306_319_1103,1.1456249952316284,1.4649978876113892,1.4515892267227173,1.356692671775818,1.3720643520355225,1.3584127426147459,1.321255803108215,1.4473588466644287,1.4959728717803955,1.4528458118438718,1.4927592277526855
SNRdb10_p306_199_1103,1.382920503616333,1.9632337093353271,2.38862419128418,2.1652820110321045,2.4386155605316158,2.468880414962769,2.042612075805664,2.3923659324646,2.3366713523864746,2.392340898513794,2.2686331272125244
SNRdb20_p299_147_1103,2.4524314403533936,3.08856201171875,3.305760145187378,3.0079975128173833,2.7794744968414307,3.1892697811126713,2.9574520587921143,3.0619215965271,3.214855194091797,3.0034332275390625,3.301628828048706
SNRdb0_p249_244_1106,1.0578886270523071,1.159626007080078,1.1943840980529783,1.1581709384918213,1.2009289264678955,1.244239091873169,1.1467134952545166,1.1707260608673096,1.1877912282943726,1.304297924041748,1.2804540395736694
SNRdb5_p281_448_1106,1.155272364616394,1.1768007278442385,1.262018084526062,1.306732177734375,1.351102352142334,1.4209651947021484,1.2368824481964111,1.4489469528198242,1.5468404293060305,1.584603190422058,1.6083326339721682
SNRdb10_p335_406_1106,1.2268145084381104,1.4887018203735352,1.8283106088638303,1.7969260215759275,1.9969558715820312,2.1215806007385254,1.544588923454285,1.948180913925171,1.9190315008163448,2.3996825218200684,2.2543325424194336
SNRdb20_p303_120_1106,2.0957262516021733,2.2607998847961426,2.528169870376587,2.7061500549316406,2.4882383346557617,2.5274136066436768,2.393186330795288,2.9086518287658687,3.159215211868286,2.9790143966674805,2.9061641693115234
SNRdb0_p343_260_1116,1.080847144126892,1.2668033838272097,1.3206472396850586,1.2910774946212769,1.3622907400131226,1.4505163431167605,1.2929544448852541,1.3594412803649902,1.4439839124679563,1.7030925750732422,1.7629361152648926
SNRdb5_p246_224_1116,1.102417230606079,1.202403545379639,1.3023746013641355,1.29621160030365,1.3809990882873535,1.3945529460906982,1.353428840637207,1.5815768241882324,1.7419519424438477,1.7720892429351809,1.647592306137085
SNRdb10_p281_007_1116,1.4106997251510618,1.4975380897521973,1.3319575786590576,1.3637915849685671,1.5544819831848145,1.8438980579376218,1.6228126287460327,1.533424735069275,1.987008571624756,2.0717883110046387,1.9690409898757932
SNRdb20_p281_446_1116,2.0752015113830566,1.9875621795654297,2.2786741256713867,2.2570641040802,2.462421178817749,2.3921895027160645,2.0666613578796387,2.0997879505157466,2.6170334815979004,2.1962039470672607,2.4051260948181152
SNRdb0_p251_212_1120,1.0942708253860474,1.196873664855957,1.23643696308136,1.187030553817749,1.2115799188613892,1.3087599277496338,1.1500248908996582,1.285584568977356,1.1516306400299072,1.262241005897522,1.3275736570358276
SNRdb5_p281_403_1120,1.1881797313690186,1.241917848587036,1.24726140499115,1.2469607591629028,1.3240697383880615,1.3701882362365725,1.3289575576782229,1.3052657842636108,1.4262672662734983,1.4545308351516724,1.451543211936951
SNRdb10_p281_007_1120,1.4565578699111938,1.6238820552825928,1.3043261766433716,1.413599729537964,1.6785550117492676,2.0498704910278316,1.8161153793334959,1.5621230602264404,1.9688618183135984,2.1043620109558105,1.9874300956726076
SNRdb20_p360_263_1120,2.2584030628204346,2.549060821533203,2.5909264087677,2.5411546230316158,2.80012583732605,2.616481065750122,2.754709243774414,2.978505373001098,2.7710540294647217,2.926279306411743,2.7012927532196045
SNRdb0_p360_161_1122,1.1454510688781738,1.270441651344299,1.4187971353530884,1.306816816329956,1.4799675941467283,1.3937102556228638,1.3593862056732178,1.4839324951171875,1.3172417879104614,1.5229650735855105,1.327702522277832
SNRdb5_p298_288_1122,1.2538233995437622,1.5568856000900269,1.6144529581069946,1.533755660057068,1.8040692806243896,1.95925772190094,1.421477198600769,1.7530260086059568,1.810912489891052,1.7037532329559326,1.7129534482955933
SNRdb10_p303_344_1122,1.297953963279724,1.83100426197052,2.2097487449646,1.9922668933868408,2.020892381668091,1.9153072834014893,1.907998323440552,2.113323211669922,1.987559795379639,2.1974225044250493,2.0656557083129883
SNRdb20_p343_087_1122,2.3551571369171143,2.4737231731414795,2.741293907165528,2.84798526763916,2.8631908893585205,2.7436795234680176,2.6074275970458984,2.8149306774139404,2.972664356231689,2.995598316192627,2.952847957611084
SNRdb0_p306_246_1129,1.0879985094070437,1.2159360647201538,1.3931564092636108,1.3361730575561523,1.3291895389556885,1.5425801277160645,1.204500436782837,1.3489032983779907,1.3664062023162842,1.42170512676239,1.4048335552215576
SNRdb5_p303_130_1129,1.1408432722091677,1.254610896110535,1.2617466449737549,1.219685673713684,1.175933837890625,1.3168251514434814,1.2024476528167725,1.23832106590271,1.2063424587249756,1.2572940587997437,1.1981452703475952
SNRdb10_p251_104_1129,1.7254111766815186,2.1754956245422363,2.4196009635925293,2.3784258365631104,2.619748830795288,2.5650877952575684,2.1524534225463867,2.1637771129608154,2.667816162109375,2.747897863388061,2.57458758354187
SNRdb20_p251_024_1129,2.426762342453003,2.488450050354004,2.343292474746704,2.6464407444000244,2.589226484298706,2.4262287616729736,2.5241858959198,2.450930595397949,2.7528886795043945,2.7309558391571045,2.4395751953125
SNRdb0_p249_269_1130,1.0840562582015991,1.169410228729248,1.2486703395843506,1.1730555295944214,1.2265956401824951,1.2564859390258791,1.2921957969665527,1.2853224277496338,1.3194583654403689,1.2698957920074463,1.3160338401794434
SNRdb5_p303_220_1130,1.1001416444778442,1.268144965171814,1.4031078815460205,1.3450605869293213,1.4750304222106934,1.5284377336502075,1.364615797996521,1.4654847383499146,1.726960062980652,1.623223066329956,1.653592586517334
SNRdb10_p343_341_1130,1.2638036012649536,1.8586015701293943,1.7178151607513428,1.7995672225952148,1.8097915649414065,1.9499919414520264,1.7278227806091309,1.685821294784546,1.9396969079971316,2.1980352401733403,2.1194305419921875
SNRdb20_p306_139_1130,1.5601515769958496,1.7676072120666504,2.0789213180541988,2.323856830596924,1.7265878915786743,1.711766481399536,1.6901121139526367,2.0285356044769287,2.4567997455596924,1.7550523281097412,2.589172124862671
SNRdb0_p249_024_1132,1.0386837720870972,1.1482206583023071,1.1645302772521973,1.151481032371521,1.1983437538146973,1.2482056617736816,1.1712095737457275,1.1488919258117676,1.195352554321289,1.2988297939300537,1.2574645280838013
SNRdb5_p249_255_1132,1.1511110067367554,1.2771453857421875,1.4207558631896973,1.2755184173583984,1.6398968696594238,1.6281087398529053,1.3848391771316528,1.6463670730590818,1.5080004930496216,1.591441631317139,1.575685739517212
SNRdb10_p335_184_1132,1.197977066040039,1.7705230712890625,1.9164934158325195,1.8517553806304927,1.8645181655883791,2.090493440628052,1.6287643909454346,2.0632784366607666,1.994229078292847,2.1522860527038574,1.9101524353027344
SNRdb20_p306_119_1132,1.9754831790924072,2.4603734016418457,2.7235376834869385,2.441532850265503,2.6665635108947754,2.8211209774017334,2.3818655014038086,2.8262126445770264,2.720446348190308,2.71148681640625,2.843014001846313
SNRdb0_p246_227_1140,1.0966932773590088,1.1552997827529907,1.154434323310852,1.2137222290039062,1.248439073562622,1.3808262348175049,1.2105461359024048,1.2826848030090332,1.255774736404419,1.4385195970535278,1.4861996173858645
SNRdb5_p303_074_1140,1.165022373199463,1.4423489570617676,1.5984079837799072,1.5664029121398926,1.9413864612579343,1.7347443103790283,1.5639709234237669,1.7494240999221802,1.7006111145019531,1.9269354343414309,1.6991021633148191
SNRdb10_p251_050_1140,1.400758147239685,1.7589006423950195,1.4525742530822754,1.5697476863861084,1.5539588928222656,1.4718014001846311,1.8488421440124512,1.5071167945861816,2.1578502655029297,2.2982680797576904,2.16438102722168
SNRdb20_p306_202_1140,2.454384088516236,2.7045857906341557,2.8841025829315186,2.8395607471466064,2.8851187229156494,2.8438563346862797,2.661672830581665,2.9728922843933105,2.881100416183472,2.7467129230499268,2.815119981765747
SNRdb0_p303_087_1169,1.0439469814300537,1.1353425979614258,1.2247837781906128,1.1207311153411863,1.1956750154495241,1.2208164930343628,1.128919243812561,1.2332075834274292,1.1657248735427856,1.3012936115264893,1.202422857284546
SNRdb5_p281_151_1169,1.2796286344528198,1.346332311630249,1.4105359315872192,1.4223369359970093,1.5415887832641602,1.7940995693206787,1.620269775390625,1.7182995080947876,1.782758712768555,2.0125288963317867,1.7780497074127195
SNRdb10_p281_313_1169,1.373118877410889,1.49321448802948,1.4084430932998655,1.4970781803131104,1.8242006301879885,1.877016544342041,1.565162181854248,1.6708223819732666,1.812281966209412,1.9454303979873655,1.8086482286453247
SNRdb20_p306_133_1169,1.944100379943848,2.31917142868042,2.587058782577514,2.564362049102783,2.692918062210083,2.6955039501190186,2.4845654964447017,2.6257927417755127,2.66631293296814,2.803523302078247,2.608050346374512
SNRdb0_p249_125_119,1.0595457553863523,1.1873841285705566,1.286505103111267,1.1950039863586426,1.3205881118774414,1.359736680984497,1.1839975118637085,1.2095952033996582,1.2336024045944214,1.2913403511047363,1.2800039052963257
SNRdb5_p249_340_119,1.148855686187744,1.2815600633621216,1.5169146060943604,1.437084674835205,1.6679179668426514,1.726336121559143,1.375338435173035,1.6165767908096311,1.5286917686462402,1.7342876195907593,1.7288999557495115
SNRdb10_p343_389_119,1.2219369411468506,1.861138701438904,1.8415639400482176,1.9849796295166016,1.86323082447052,2.4732911586761475,1.8724075555801392,1.8732264041900637,2.319507598876953,2.369551658630371,2.2568471431732178
SNRdb20_p360_005_119,1.817734956741333,2.0041766166687007,2.0151903629302983,2.112789869308472,2.0370607376098637,2.341928482055664,2.048966646194458,2.100159168243408,2.37585711479187,2.3811066150665283,2.244259595870972
SNRdb0_p339_389_1207,1.3985601663589478,1.921205759048462,2.1733953952789307,2.1417059898376465,2.335355281829834,2.4753451347351074,2.1178636550903316,2.1904036998748784,2.3264169692993164,2.2568023204803467,2.287248134613037
SNRdb5_p251_270_1207,1.6539359092712402,2.381386041641236,2.244593620300293,2.1254644393920903,2.489278078079224,2.5167558193206787,2.2692437171936035,2.322964668273926,2.5716984272003174,2.560762882232666,2.7458117008209233
SNRdb10_p360_191_1207,2.805331230163574,3.1461181640625,3.1644020080566406,2.8066956996917725,3.0113310813903813,3.2318334579467773,3.211352825164795,3.2206368446350098,3.1517622470855717,3.05141830444336,3.0611824989318848
SNRdb20_p306_086_1207,3.341210126876831,3.197316169738769,3.171391248703003,3.2838366031646733,3.194363832473755,2.927499532699585,2.962223052978516,3.0939323902130127,3.08598256111145,3.0067353248596187,2.8438034057617188
SNRdb0_p360_243_1209,1.0675796270370483,1.1057173013687134,1.1109405755996704,1.1074111461639404,1.1330251693725586,1.1769287586212158,1.141074538230896,1.1872072219848633,1.150826096534729,1.2462412118911743,1.213506817817688
SNRdb5_p343_204_1209,1.0551128387451172,1.3109205961227417,1.271448254585266,1.2994506359100342,1.45850932598114,1.590402364730835,1.331867814064026,1.241485595703125,1.393760085105896,1.493264079093933,1.4902619123458862
SNRdb10_p360_275_1209,1.3325971364974976,1.7476214170455933,1.7400734424591064,1.83456552028656,2.0234146118164062,1.9584643840789795,1.8336576223373413,1.8869397640228271,2.020671844482422,2.1371631622314453,1.9939789772033687
SNRdb20_p249_139_1209,2.109769582748413,2.556194543838501,2.823293447494507,2.682989835739136,2.8447611331939697,2.9217982292175293,2.671194076538086,2.7246346473693848,2.9738543033599854,2.9784069061279297,2.889882802963257
SNRdb0_p281_305_1225,1.1231050491333008,1.1324777603149414,1.1364220380783079,1.1428518295288086,1.2240324020385742,1.2321369647979736,1.218533277511597,1.262511968612671,1.3158432245254517,1.3171494007110596,1.273561954498291
SNRdb5_p298_282_1225,1.1517677307128906,1.2842435836791992,1.4251141548156738,1.3160363435745241,1.6187031269073486,1.8913030624389648,1.3591676950454712,1.778818130493164,1.9053071737289429,1.7989683151245115,1.7419848442077637
SNRdb10_p299_307_1225,1.2545784711837769,1.9832355976104736,2.48085880279541,2.11924409866333,2.3477578163146973,2.6063451766967773,1.8145036697387693,2.501747131347656,2.4991533756256104,2.5897092819213867,2.1966114044189453
SNRdb20_p306_137_1225,1.992616415023804,2.100055932998657,2.4265377521514893,2.59696888923645,2.478121757507324,2.8082215785980225,2.136425018310547,2.369891166687012,2.8048369884490967,2.413482904434204,2.467634677886963
SNRdb0_p339_320_1241,1.2230788469314575,1.8497481346130369,2.2684643268585205,1.9307591915130613,2.0599322319030757,1.776193618774414,1.9193060398101809,2.212188720703125,2.3642144203186035,2.1155745983123784,1.6852874755859375
SNRdb5_p281_151_1241,1.6581679582595823,1.9507098197937007,2.362351894378662,2.1942672729492188,2.4466261863708496,2.239375352859497,2.223400115966797,2.4390640258789062,2.411391019821167,2.4740831851959233,2.223587274551392
SNRdb10_p306_284_1241,1.4101842641830444,2.036163806915283,2.1102991104125977,2.11863112449646,2.0488238334655757,2.356680631637573,2.38128662109375,2.0849323272705083,2.289724349975586,2.2280542850494385,2.202941656112671
SNRdb20_p299_386_1241,2.8193325996398926,3.2395780086517334,2.945390462875366,3.0301430225372314,2.956019639968872,3.1639313697814937,3.261033535003662,3.0712690353393555,3.297145366668701,3.3822841644287114,3.35144305229187
SNRdb0_p299_287_1264,1.094082236289978,1.2194186449050903,1.3490928411483765,1.350007176399231,1.4204338788986206,1.4455723762512207,1.3502628803253174,1.4129226207733154,1.5603420734405518,1.451404094696045,1.4969336986541748
SNRdb5_p249_024_1264,1.1150472164154053,1.380677580833435,1.494964361190796,1.4234663248062134,1.4404878616333008,1.7527565956115725,1.4478076696395874,1.571868896484375,1.7002816200256348,1.6093933582305908,1.7806190252304075
SNRdb10_p249_262_1264,1.211107850074768,1.72471022605896,1.947111964225769,1.7720286846160889,1.9140062332153318,2.2839508056640625,2.0210106372833248,2.273369789123535,2.463899850845337,2.410571575164795,2.314648389816284
SNRdb20_p343_090_1264,1.32672119140625,1.9242703914642332,2.429915189743042,2.546160697937012,2.8268582820892334,1.6787774562835691,2.7463274002075195,2.397885799407959,2.673619270324707,2.6530957221984863,1.6545021533966064
SNRdb0_p299_093_1287,1.0730372667312622,1.2571402788162231,1.4007833003997805,1.3277660608291626,1.3989639282226562,1.590410232543945,1.3155217170715332,1.369410514831543,1.2278531789779663,1.4746105670928955,1.440967082977295
SNRdb5_p360_387_1287,1.438182711601257,1.5009377002716064,1.541168212890625,1.5195406675338743,1.7687358856201172,1.97172486782074,1.4661680459976196,1.5546923875808716,1.9879062175750728,2.01997184753418,1.9816702604293823
SNRdb10_p299_396_1287,1.1640441417694092,1.948324203491211,2.369148731231689,1.8054711818695068,2.2179081439971924,2.53824520111084,2.1344137191772456,1.895216703414917,2.3319261074066158,2.323188781738281,2.4220917224884038
SNRdb20_p339_392_1287,2.157420873641968,2.745649814605713,2.7965633869171143,2.924041748046875,2.96525502204895,3.108271360397339,2.8417181968688965,2.915576934814453,3.0516390800476074,3.0192530155181885,2.9711408615112305
SNRdb0_p299_300_1292,1.064930438995361,1.1477713584899902,1.2408806085586548,1.2791812419891355,1.3302056789398191,1.3428763151168823,1.203593134880066,1.2914032936096191,1.3099089860916138,1.1902108192443848,1.3508388996124268
SNRdb5_p249_132_1292,1.1275153160095217,1.2913920879364014,1.3701270818710327,1.3110960721969604,1.476388454437256,1.4699183702468872,1.2266995906829834,1.3797104358673096,1.6244970560073853,1.5969734191894531,1.4878295660018919
SNRdb10_p281_181_1292,1.5164892673492432,1.5187852382659912,1.6094787120819092,1.7386155128479004,1.6661076545715332,1.8429723978042605,2.0585281848907466,1.703195333480835,2.3147814273834233,2.3399815559387207,2.0628502368926998
SNRdb20_p360_018_1292,1.874294996261597,2.310628652572632,2.30552077293396,2.3890469074249268,2.4938549995422363,2.8255748748779297,2.464104652404785,2.2893309593200684,2.5461101531982417,2.624896287918091,2.498274564743042
SNRdb0_p246_172_131,1.1130952835083008,1.219451069831848,1.1658083200454712,1.2320898771286009,1.293516755104065,1.3191399574279783,1.3397479057312012,1.2660048007965088,1.3862015008926392,1.301613211631775,1.519816756248474
SNRdb5_p281_296_131,1.3580876588821411,1.443905234336853,1.6603941917419434,1.5248421430587769,1.5697908401489258,1.6836168766021729,1.5496084690093994,1.7583479881286619,1.8349616527557373,1.8056344985961916,1.6975305080413818
SNRdb10_p281_440_131,1.394566535949707,1.398356318473816,1.490546703338623,1.5145826339721682,1.597750186920166,1.6217052936553955,1.4852128028869631,1.5800848007202148,1.7053635120391846,1.597470998764038,1.5947934389114382
SNRdb20_p306_115_131,1.95219361782074,2.5951197147369385,2.668177366256714,2.6499154567718506,2.663414478302002,2.21106481552124,2.4771041870117188,2.6862576007843018,2.6564042568206787,2.577704668045044,2.527854681015014
SNRdb0_p249_160_1330,1.0413836240768433,1.135161280632019,1.246894121170044,1.2058348655700684,1.3472121953964231,1.3781617879867554,1.1636478900909424,1.2306387424468994,1.1618728637695312,1.267188310623169,1.3643026351928709
SNRdb5_p339_110_1330,1.0919666290283203,1.54168438911438,1.732311725616455,1.716545343399048,1.6777937412261963,1.8781514167785645,1.5273559093475342,1.6581504344940186,1.89729642868042,1.949687957763672,1.7884516716003418
SNRdb10_p298_300_1330,1.6564425230026243,2.0214223861694336,2.084056854248047,2.226558923721313,2.521487236022949,2.5488262176513667,2.1052393913269043,2.28928542137146,2.479532480239868,2.508491516113281,2.4347035884857178
SNRdb20_p246_260_1330,2.971158742904663,3.304774045944214,3.2833890914916988,3.357255458831787,2.902882575988769,3.2523627281188965,3.46860146522522,3.3749594688415527,3.4290151596069336,3.2913608551025386,3.087775707244873
SNRdb0_p246_227_1331,1.0995736122131348,1.1777054071426392,1.2914464473724363,1.2184370756149292,1.2990410327911377,1.3479328155517578,1.291563868522644,1.2910809516906738,1.4080926179885864,1.4581129550933838,1.451712965965271
SNRdb5_p249_208_1331,1.157683253288269,1.3064045906066897,1.5662624835968018,1.3202500343322754,1.6492036581039429,1.5532658100128174,1.3403499126434326,1.5776014328002932,1.478930950164795,1.6410119533538818,1.5570826530456543
SNRdb10_p306_111_1331,1.2956058979034424,1.5291112661361694,1.7916116714477541,1.7901562452316284,1.686096429824829,1.9559550285339355,1.678561806678772,1.7885829210281372,2.1247222423553467,2.281407117843628,2.310535430908203
SNRdb20_p335_096_1331,1.635989785194397,2.4696285724639893,2.815699577331543,2.388932228088379,2.3825507164001465,3.040733814239502,2.599259853363037,2.864375591278076,2.757075786590576,2.970722198486328,3.001270532608032
SNRdb0_p303_203_1345,1.0428652763366701,1.122045636177063,1.2357950210571291,1.1811774969100952,1.1966902017593384,1.2285466194152832,1.1848084926605225,1.2146363258361816,1.2987114191055298,1.3584870100021362,1.2463574409484863
SNRdb5_p299_024_1345,1.1329829692840576,1.4394023418426514,1.6686946153640747,1.5512118339538574,1.6251077651977541,1.6963169574737549,1.475245237350464,1.59944748878479,1.7315690517425537,1.8256371021270752,1.7709534168243408
SNRdb10_p299_247_1345,1.3249499797821045,1.8785715103149412,2.2665843963623047,1.8976672887802124,2.1797027587890625,2.32218074798584,1.971885681152344,2.158344268798828,2.1657919883728027,2.4023938179016118,2.1522567272186284
SNRdb20_p303_120_1345,2.140230417251587,2.330972909927368,2.51479721069336,2.767888069152832,2.4063777923583984,2.452528953552246,2.400456666946411,2.8120391368865967,3.0901579856872563,2.9688124656677246,2.76755428314209
SNRdb0_p306_147_1351,1.0288692712783811,1.1077903509140017,1.1504921913146973,1.1225355863571167,1.1743652820587158,1.2148514986038208,1.1094868183135986,1.1498802900314329,1.1401000022888184,1.2573890686035156,1.154119849205017
SNRdb5_p335_259_1351,1.1552388668060305,1.4688993692398071,1.5851082801818848,1.438825607299805,1.819337487220764,1.9084906578063965,1.5159766674041748,1.5346245765686035,1.671578884124756,1.8934068679809568,1.967336177825928
SNRdb10_p298_162_1351,1.5808453559875488,1.6940302848815918,1.9613898992538448,1.8121473789215088,1.9740315675735476,2.0697600841522217,1.8770337104797363,1.974836587905884,2.41472601890564,2.2863233089447017,2.312946081161499
SNRdb20_p246_320_1351,2.3892948627471924,2.841859579086304,2.8443503379821777,2.862520456314087,2.9132697582244877,2.9586243629455566,2.921031951904297,3.0400712490081787,2.9186627864837646,3.0076820850372314,3.0171327590942383
SNRdb0_p360_131_1365,1.0857850313186646,1.2971069812774658,1.3122118711471558,1.3234715461730957,1.427741527557373,1.3886430263519287,1.3815032243728638,1.4036537408828735,1.6019790172576904,1.4259731769561768,1.4134474992752075
SNRdb5_p306_018_1365,1.1959580183029177,1.7201344966888428,1.9869139194488523,1.9064900875091555,1.8636933565139768,1.8761240243911743,1.7757010459899902,2.0086109638214107,2.042456865310669,2.027578592300415,1.8779799938201904
SNRdb10_p306_219_1365,1.2902462482452393,1.9462813138961792,1.938728094100952,1.9407228231430051,1.979217767715454,2.2950785160064697,2.0888161659240723,2.242860555648804,2.196974515914917,2.3172428607940674,2.0420572757720947
SNRdb20_p335_043_1365,2.648756504058838,2.64237380027771,2.84058141708374,2.9575498104095463,3.1543068885803223,2.9662561416625977,2.8705739974975586,2.971120595932007,3.2564313411712646,3.0378432273864746,2.962123394012451
SNRdb0_p343_291_1383,1.0669455528259275,1.2785578966140747,1.2948158979415894,1.2765861749649048,1.362506628036499,1.478087067604065,1.2317720651626587,1.3081669807434082,1.3952064514160156,1.312098741531372,1.358001708984375
SNRdb5_p246_278_1383,1.145727276802063,1.2495455741882324,1.349847435951233,1.3931972980499268,1.445333480834961,1.8389254808425903,1.4187042713165283,1.656419038772583,1.5446228981018066,1.8969874382019043,1.9808331727981567
SNRdb10_p246_235_1383,1.3558396100997925,1.891358971595764,1.9730492830276491,1.7139787673950195,1.821256399154663,1.8607213497161863,2.0310380458831787,2.233118772506714,2.3002285957336426,2.2083139419555664,2.024932861328125
SNRdb20_p251_283_1383,2.1149585247039795,2.2935128211975098,2.653284311294556,2.5542397499084477,2.6203107833862305,2.6087350845336914,2.285233974456787,2.6062474250793457,2.5635008811950684,2.522033452987671,2.7488343715667725
SNRdb0_p303_005_14,1.0286582708358765,1.0681524276733398,1.1243730783462524,1.0731048583984375,1.1488466262817385,1.1645604372024536,1.0768988132476809,1.114737868309021,1.091277241706848,1.1629259586334229,1.1507036685943604
SNRdb5_p246_135_14,1.1040641069412231,1.2486025094985962,1.3368619680404663,1.25649094581604,1.3942524194717407,1.5144929885864258,1.2307868003845217,1.4081587791442869,1.3835641145706177,1.6297621726989746,1.6639447212219238
SNRdb10_p246_240_14,1.5225210189819336,2.164489507675171,2.114309072494507,2.15076756477356,2.2045724391937256,2.382136106491089,1.8537297248840328,2.0949795246124268,2.0074012279510502,2.1871697902679443,2.1623713970184326
SNRdb20_p246_095_14,1.908678770065308,2.119394063949585,2.090301036834717,2.1817498207092285,2.363114833831787,2.439706802368164,2.051765918731689,2.24050235748291,2.511480569839477,2.624052762985229,2.532196283340454
SNRdb0_p246_240_1413,1.192724347114563,1.2570377588272097,1.3220770359039309,1.283125400543213,1.2799603939056396,1.4688997268676758,1.380591869354248,1.4162954092025757,1.4326827526092532,1.5090519189834597,1.3532633781433103
SNRdb5_p303_046_1413,1.0971349477767944,1.4579942226409912,1.671603441238403,1.6891908645629885,2.025934219360352,1.973005533218384,1.45028555393219,1.863730907440185,1.6834118366241455,1.977907657623291,1.8533667325973509
SNRdb10_p298_019_1413,1.3164867162704468,1.37886643409729,1.5708149671554563,1.5665066242218018,1.9044989347457888,1.8424525260925293,1.515023708343506,1.761810064315796,1.7784681320190432,1.885430693626404,1.7691227197647097
SNRdb20_p335_161_1413,2.209463119506836,2.933202743530273,3.008349895477295,3.0181288719177246,2.73836088180542,3.0929863452911377,3.1578643321990967,3.0110878944396973,3.085656881332397,3.0532186031341557,3.099614381790161
SNRdb0_p299_381_142,1.2366080284118652,1.774068832397461,2.2135350704193115,2.027313709259033,1.5438237190246582,2.3525431156158447,1.9549399614334104,2.372483015060425,2.2102274894714355,2.483507871627808,2.4292080402374268
SNRdb5_p246_271_142,1.5361130237579346,1.7171678543090818,1.7727055549621582,1.849149227142334,1.8953033685684204,2.107593536376953,1.8286795616149905,2.0176067352294917,1.9383718967437744,1.9327278137207031,2.260848999023437
SNRdb10_p335_360_142,1.5541548728942869,2.600198745727539,2.7491319179534908,2.736522912979126,3.0428595542907715,3.078609704971313,2.754525899887085,2.815868377685547,3.0773954391479488,3.258387565612793,3.227370023727417
SNRdb20_p298_047_142,2.987135171890259,3.008061408996582,2.880455493927002,3.120453357696533,3.0771727561950684,2.7986986637115483,2.7748677730560303,3.054328203201294,2.4763271808624268,2.867213249206543,2.7373464107513428
SNRdb0_p339_265_1426,1.0512059926986694,1.1305155754089355,1.157199144363403,1.2163724899291992,1.2271089553833008,1.1641957759857178,1.1883809566497805,1.114227533340454,1.1590509414672852,1.4980051517486572,1.1883931159973145
SNRdb5_p343_267_1426,1.1335070133209229,1.6627551317214966,1.742663860321045,1.8375183343887331,2.003733396530152,2.023216724395752,1.5767327547073364,1.8943133354187007,1.9992353916168213,2.240140438079834,2.1237938404083248
SNRdb10_p360_112_1426,1.5903762578964231,1.3587454557418823,1.469784140586853,1.2728586196899414,1.5325555801391602,1.9304039478302,1.523481369018555,1.7788491249084473,1.5443904399871826,2.2320492267608643,2.18334436416626
SNRdb20_p303_300_1426,2.534787178039551,2.882551670074463,2.5710394382476807,2.8757452964782715,2.9626240730285645,3.0084199905395512,2.997044324874878,3.148986339569092,3.159224033355713,3.1438524723052983,3.0547430515289307
SNRdb0_p335_085_1432,1.084600567817688,1.3715909719467163,1.4892735481262207,1.5043903589248655,1.573753833770752,1.427889108657837,1.433959722518921,1.4908552169799805,1.6276342868804932,1.749439716339111,1.8319916725158687
SNRdb5_p306_218_1432,1.1006616353988647,1.3958344459533691,1.55319344997406,1.436678171157837,1.6535079479217532,1.7377971410751345,1.4240761995315552,1.493237853050232,1.691709280014038,1.8915116786956787,1.7107150554656982
SNRdb10_p298_264_1432,1.5426621437072754,2.0278027057647705,1.7413203716278076,1.829190135002136,2.3633084297180176,2.53312087059021,2.0305957794189453,1.6876478195190432,2.54109263420105,2.8125758171081543,2.554160118103028
SNRdb20_p249_125_1432,2.1080570220947266,2.4982590675354004,2.754704713821411,2.6522724628448486,2.755749225616455,2.689342975616455,2.241195678710937,2.8745579719543457,2.8855822086334233,2.807626724243164,2.735495090484619
SNRdb0_p339_277_1459,1.2018738985061646,1.4265601634979248,1.8617184162139893,1.711944580078125,1.9417593479156492,2.345145463943481,1.6765793561935425,1.6315183639526367,1.9657460451126096,1.7723886966705322,2.1819040775299072
SNRdb5_p246_210_1459,1.701521635055542,2.3540406227111816,2.2633345127105717,2.5892624855041504,2.7508862018585205,2.7134268283843994,2.3010172843933105,2.6607890129089355,2.712575435638428,2.6766948699951167,2.778461217880249
SNRdb10_p335_141_1459,1.6347062587738037,2.8220858573913574,2.289760112762451,2.9001741409301762,2.892287015914917,3.074662208557129,2.9042398929595947,2.4075398445129395,3.115036964416504,2.8891603946685787,3.22682523727417
SNRdb20_p339_340_1459,2.2112936973571777,3.035146474838257,3.196568489074707,3.281032085418701,3.320347547531128,3.539377927780152,2.856598377227783,3.0633118152618413,3.1492531299591064,3.2434914112091064,3.3677358627319336
SNRdb0_p303_282_1462,1.0663316249847412,1.1628329753875732,1.2751935720443726,1.233625411987305,1.3811733722686768,1.44651198387146,1.2589672803878784,1.3057416677474976,1.634974241256714,1.4809136390686035,1.4502291679382324
SNRdb5_p335_182_1462,1.0602130889892578,1.190390944480896,1.3750650882720947,1.2676354646682741,1.369940996170044,1.5479180812835691,1.1973698139190674,1.4136486053466797,1.4792650938034058,1.6797919273376465,1.5973457098007202
SNRdb10_p306_351_1462,1.2521324157714844,1.4822874069213867,1.5794528722763062,1.4969515800476074,1.5963521003723145,1.5941803455352783,1.420534372329712,1.7372879981994631,1.5962679386138916,1.7922720909118652,1.7062218189239502
SNRdb20_p339_182_1462,2.474385023117065,3.226618766784668,3.04202651977539,3.033381462097168,3.321152448654175,3.044370412826538,3.416831970214844,2.9955897331237797,3.395615100860596,2.9712016582489014,2.9239320755004883
SNRdb0_p335_048_1472,1.1149513721466064,1.253610134124756,1.356419324874878,1.5984346866607666,1.875439405441284,1.5075719356536863,1.343168020248413,1.6307332515716553,1.9307329654693604,1.6125550270080566,1.5130122900009155
SNRdb5_p303_220_1472,1.1066979169845579,1.345970630645752,1.4269815683364868,1.416862726211548,1.591810941696167,1.620964527130127,1.3956215381622314,1.5240124464035034,1.6915533542633057,1.83224892616272,1.815705418586731
SNRdb10_p360_342_1472,1.880708694458008,2.3497002124786377,2.122459888458252,2.665538787841797,2.538641929626465,2.651914119720459,2.666593313217163,2.662975549697876,2.7459475994110107,2.9519214630126958,2.7059037685394287
SNRdb20_p246_311_1472,2.5960886478424072,2.8481867313385014,2.892872810363769,2.7692248821258545,2.8831677436828613,2.8595995903015137,3.0481045246124268,2.9701144695281982,3.174614429473877,2.9046671390533447,2.9860708713531494
SNRdb0_p298_120_1478,1.086121678352356,1.2070320844650269,1.2273414134979248,1.240864634513855,1.2404446601867676,1.2382808923721311,1.2340641021728516,1.226034164428711,1.2730214595794678,1.3596606254577637,1.368882656097412
SNRdb5_p303_202_1478,1.0871477127075195,1.4932267665863037,1.5995419025421145,1.6031800508499146,1.5923779010772705,1.453656554222107,1.5253268480300903,1.6595642566680908,1.6843570470809937,1.5718977451324463,1.435179352760315
SNRdb10_p343_093_1478,1.1692332029342651,1.483584761619568,1.9669108390808103,1.770704984664917,2.216953992843628,2.210621833801269,1.4875841140747068,1.9810762405395508,2.121184825897217,2.0811734199523926,2.132257461547852
SNRdb20_p249_203_1478,2.274207353591919,2.52843976020813,2.6434881687164307,2.645230293273926,2.677420139312744,2.5820212364196777,2.6685709953308105,2.59531569480896,2.667876005172729,2.7288804054260254,2.634165048599243
SNRdb0_p251_136_148,1.070933222770691,1.122388243675232,1.2029826641082764,1.1832011938095093,1.215446710586548,1.2176591157913208,1.115156650543213,1.1644878387451172,1.2403393983840942,1.2359154224395752,1.2599879503250122
SNRdb5_p303_083_148,1.18947434425354,1.4578944444656372,1.4349356889724731,1.55739426612854,1.874293088912964,1.8932337760925293,1.5960544347763062,1.79439115524292,2.0191762447357178,1.8337823152542116,1.7528207302093506
SNRdb10_p303_288_148,1.301565408706665,1.61610746383667,2.196877241134644,1.8611509799957275,2.178429365158081,2.3446364402771,1.8327736854553225,2.016895055770874,2.3422677516937256,2.2583112716674805,2.348439693450928
SNRdb20_p251_327_148,2.1556553840637207,2.337702512741089,2.473553419113159,2.5327985286712646,2.7074222564697266,2.7220981121063232,2.234523057937622,2.6029014587402344,2.560786724090576,2.9958739280700684,2.7772305011749268
SNRdb0_p339_046_1486,1.0687685012817385,1.2354114055633545,1.2629287242889404,1.190396785736084,1.3859168291091921,1.231051683425903,1.1477937698364258,1.3407697677612305,1.194110631942749,1.3036160469055176,1.2109531164169312
SNRdb5_p360_143_1486,1.4980943202972412,2.153475522994995,1.8537230491638184,1.7593811750411987,2.1881043910980225,2.337815046310425,1.8427157402038572,2.244779109954834,2.3722500801086426,2.350416898727417,2.488309144973755
SNRdb10_p281_375_1486,1.8415935039520264,1.5797321796417236,1.5650973320007324,2.014413595199585,2.128237247467041,2.129101276397705,1.6996917724609375,2.023365259170532,2.1240186691284184,2.0517866611480717,1.9592671394348145
SNRdb20_p306_319_1486,2.4034624099731445,2.6874232292175293,2.454831123352051,2.7510173320770264,2.599872350692749,2.2673261165618896,2.582661867141724,2.1933841705322266,2.9525816440582275,2.4057753086090092,2.422085285186768
SNRdb0_p246_271_1491,1.1158487796783447,1.1784265041351318,1.2596473693847656,1.2606244087219238,1.2882894277572632,1.3237626552581787,1.267766356468201,1.3049453496932983,1.3565739393234253,1.5454590320587158,1.3771226406097412
SNRdb5_p335_182_1491,1.0933408737182615,1.3379963636398315,1.5939862728118896,1.5516721010208132,1.439314603805542,1.7579673528671265,1.3764827251434326,1.6589727401733398,1.8130769729614256,1.878534913063049,1.7794101238250732
SNRdb10_p339_095_1491,1.334291696548462,2.28357481956482,2.3246819972991943,2.463348388671875,2.346378326416016,2.5744426250457764,2.4761996269226074,2.700113534927368,2.585108518600464,2.6385161876678467,2.5095670223236084
SNRdb20_p246_320_1491,2.359222650527954,2.609978675842285,2.743694543838501,2.7758090496063232,2.78431248664856,2.630171298980713,2.6534814834594727,2.8758330345153813,2.908717632293701,2.85244083404541,2.617814064025879
SNRdb0_p281_037_1522,1.125521898269653,1.121428370475769,1.1677546501159668,1.161443829536438,1.2503695487976074,1.2673574686050415,1.1382763385772705,1.1607389450073242,1.288825273513794,1.316560983657837,1.3003547191619873
SNRdb5_p343_140_1522,1.0822242498397827,1.2787222862243652,1.5017170906066897,1.2590432167053225,1.238179326057434,1.5561372041702268,1.3297810554504397,1.6191790103912354,1.8184858560562132,1.3433552980422974,1.638805866241455
SNRdb10_p335_146_1522,1.1549856662750244,1.8657789230346682,1.911509156227112,1.8797239065170288,1.9559133052825928,2.0281538963317867,1.6849920749664309,1.8917587995529173,1.745907187461853,2.139650583267212,2.0195295810699463
SNRdb20_p335_106_1522,2.515642642974853,2.815415382385254,2.9804964065551762,3.1379091739654537,3.0198094844818115,2.9092371463775635,2.912130117416382,3.0497739315032963,3.1143364906311035,3.107672452926636,2.9059264659881587
SNRdb0_p251_356_1546,1.0654931068420408,1.1378371715545654,1.2056900262832642,1.2006323337554932,1.2224695682525637,1.226406812667847,1.1651774644851685,1.2198472023010254,1.296089768409729,1.2899596691131592,1.3195513486862185
SNRdb5_p343_049_1546,1.168597936630249,1.652332425117493,1.606259822845459,1.5915942192077637,1.7687139511108398,1.8508434295654297,1.754488825798035,1.6274514198303225,1.821500301361084,1.9093480110168457,1.8124728202819824
SNRdb10_p246_278_1546,1.3239104747772217,1.85387659072876,2.0940632820129395,1.869707107543945,2.048569917678833,2.4389195442199707,1.9900610446929927,2.369502305984497,2.0931313037872314,2.603874683380127,2.604210615158081
SNRdb20_p303_344_1546,2.2999699115753174,2.933415174484253,3.0563530921936035,2.970586061477661,2.8471426963806152,3.030583620071411,3.0751252174377437,3.1196608543396,3.0203771591186523,3.134202480316162,3.1286106109619136
SNRdb0_p303_288_1554,1.0669714212417605,1.220927596092224,1.3788005113601685,1.3005189895629885,1.567821383476257,1.7794455289840698,1.2381107807159424,1.3841390609741209,1.5128374099731443,1.500513195991516,1.470040202140808
SNRdb5_p335_071_1554,1.210014820098877,1.5556358098983765,1.8016707897186282,1.5827715396881104,1.6513104438781738,1.702548265457153,1.6459369659423828,1.7425414323806765,1.8169810771942136,1.5691654682159424,1.625583291053772
SNRdb10_p360_255_1554,1.8665904998779297,1.8077843189239504,1.9617459774017332,2.0369229316711426,1.9106082916259768,2.6463773250579834,1.9437994956970213,2.3422207832336426,2.0706593990325928,2.783933162689209,2.5705087184906006
SNRdb20_p299_302_1554,1.9206563234329224,3.0763213634490967,3.1546308994293213,3.3801119327545166,3.2099552154541016,3.265120506286621,3.1306149959564213,3.049292087554932,3.5692119598388667,3.3249351978302,3.3476030826568604
SNRdb0_p246_255_1585,1.1175289154052734,1.203460693359375,1.2474112510681152,1.241648554801941,1.2406190633773804,1.5064408779144287,1.3314940929412842,1.2538055181503296,1.482694149017334,1.4956996440887451,1.4880918264389038
SNRdb5_p281_455_1585,1.194122076034546,1.2538193464279177,1.3454067707061768,1.3337560892105105,1.3642454147338867,1.603711485862732,1.333784818649292,1.3659687042236328,1.508406400680542,1.7034468650817869,1.7967692613601685
SNRdb10_p360_147_1585,1.4397975206375122,1.9738311767578125,2.0584716796875,2.0286006927490234,1.8638311624526975,2.258155107498169,2.006124258041382,2.2535560131073,1.788409948348999,1.9182798862457275,1.9371647834777832
SNRdb20_p339_241_1585,2.1511094570159908,2.7620410919189453,3.0516541004180913,2.927686214447021,2.963430643081665,3.217881679534912,2.8857226371765137,3.264342784881592,3.271165370941162,2.9306533336639404,3.2489562034606934
SNRdb0_p339_074_1591,1.04741108417511,1.1955140829086304,1.3493757247924805,1.2762473821640017,1.3483703136444092,1.343982815742493,1.2454023361206057,1.377500295639038,1.3963066339492798,1.5765817165374756,1.439191818237305
SNRdb5_p246_315_1591,1.1708773374557495,1.2242941856384275,1.3311494588851929,1.2680597305297852,1.3123257160186768,1.4577592611312866,1.409345626831055,1.4425091743469238,1.5578625202178955,1.607990264892578,1.9560288190841677
SNRdb10_p246_352_1591,1.2559479475021362,1.4173097610473633,1.621603012084961,1.604666233062744,1.8655571937561035,1.87870454788208,1.6999695301055908,1.990872859954834,2.0691509246826167,2.2340686321258545,2.0969271659851074
SNRdb20_p339_061_1591,2.25736665725708,2.632847547531128,2.240798234939575,2.9016921520233154,2.1559953689575195,2.21729063987732,2.78408432006836,2.411726951599121,2.858198881149292,2.8156118392944336,2.1583876609802246
SNRdb0_p298_287_1602,1.2522495985031128,2.01629376411438,2.1933913230896,1.7526071071624756,1.8743796348571775,2.360079050064087,1.8387794494628904,2.028260946273804,2.317877769470215,2.528813123703003,2.362473249435425
SNRdb5_p246_287_1602,1.2499864101409912,1.3132264614105225,1.3002208471298218,1.3349752426147459,1.379836916923523,1.3467531204223633,1.3570507764816284,1.3563320636749268,1.375236749649048,1.6420164108276367,1.604625225067139
SNRdb10_p343_186_1602,1.579439401626587,2.6337649822235107,2.9683094024658203,2.858555316925049,3.2529330253601074,3.1643950939178467,2.9097461700439453,3.098578691482544,3.2489442825317383,3.124475240707397,3.283446311950684
SNRdb20_p306_244_1602,3.218031883239746,3.30960750579834,3.446319103240967,3.5358974933624268,3.4986765384674072,3.2659087181091313,3.663591146469116,3.665363788604736,3.5663578510284424,3.3165528774261475,3.3190512657165527
SNRdb0_p343_292_1605,1.0844783782958984,1.314433217048645,1.5198614597320557,1.4247931241989136,1.3743274211883545,1.7023825645446775,1.3955538272857666,1.5087683200836182,1.5690418481826782,1.638050556182861,1.7824511528015137
SNRdb5_p298_170_1605,1.2119619846343994,1.3547897338867188,1.471698522567749,1.3911679983139038,1.5294374227523804,1.5019536018371582,1.3330663442611694,1.4606602191925049,1.5176401138305664,1.4417221546173096,1.5033092498779297
SNRdb10_p251_225_1605,1.2683162689208984,1.6310726404190063,1.8424724340438845,1.767109751701355,2.0167303085327153,1.982560396194458,1.69760000705719,1.8522446155548096,2.0290460586547847,2.1442620754241943,2.1146383285522456
SNRdb20_p335_024_1605,1.5575867891311646,2.3392279148101807,2.456653356552124,2.2318434715271,2.3991262912750244,2.3139894008636475,2.306299924850464,2.5638902187347408,2.802275419235229,2.815173625946045,2.4498233795166016
SNRdb0_p343_191_1607,1.1141259670257568,1.2030892372131348,1.5500550270080566,1.470805525779724,1.678459882736206,1.7478256225585938,1.293297290802002,1.7277274131774902,1.395092487335205,1.7873792648315432,1.719352960586548
SNRdb5_p249_110_1607,1.2221440076828003,1.4515419006347656,1.5847718715667725,1.7902199029922483,1.9307762384414675,1.866649866104126,1.6465253829956057,1.7098101377487185,2.0262017250061035,2.0872316360473637,2.0147962570190434
SNRdb10_p298_366_1607,2.260002613067627,2.8227384090423584,2.767089605331421,2.8335888385772705,2.9805750846862797,2.88848614692688,2.7579636573791504,2.940561532974243,3.046684980392456,3.016997098922729,2.8378384113311768
SNRdb20_p246_320_1607,2.618978500366211,2.832820415496826,3.078261137008667,3.0300440788269043,3.090385913848877,3.113597869873047,2.960868120193481,3.045372486114502,3.042940855026245,3.1446902751922607,3.1765410900115967
SNRdb0_p343_182_1608,1.0603654384613037,1.129994511604309,1.3438689708709717,1.255155324935913,1.31931734085083,1.2019826173782349,1.121332764625549,1.2554652690887451,1.2094670534133911,1.2018325328826904,1.1581881046295166
SNRdb5_p306_052_1608,1.1430840492248535,1.4499289989471436,1.5433322191238403,1.5359981060028076,1.6435714960098269,1.6418516635894775,1.6341600418090818,1.6231261491775513,1.6076594591140747,1.7200593948364258,1.7313830852508545
SNRdb10_p335_318_1608,1.1117130517959597,1.188164472579956,1.4832937717437744,1.3609137535095217,1.6120865345001218,1.6593894958496094,1.522589921951294,1.4405908584594729,1.6887650489807131,1.7245227098464966,1.741729736328125
SNRdb20_p249_034_1608,1.6783757209777832,1.7892566919326782,1.9009871482849119,2.1869359016418457,2.0091826915740967,2.2086994647979736,1.760570764541626,2.092562198638916,2.0836966037750244,2.243333101272583,2.41979718208313
SNRdb0_p299_375_1619,1.0424954891204834,1.0903257131576538,1.1451208591461182,1.0953507423400881,1.0910423994064329,1.2983465194702148,1.0965546369552612,1.1350626945495603,1.2204689979553225,1.1885191202163696,1.336796522140503
SNRdb5_p343_199_1619,1.1648014783859253,1.6394764184951782,1.948331356048584,1.7196393013000488,2.2039787769317627,1.8761231899261477,1.6710971593856812,2.018383741378784,1.962008357048035,2.0466127395629883,1.7898077964782717
SNRdb10_p299_385_1619,1.0745258331298828,1.3106472492218018,1.329302430152893,1.6776634454727173,1.549048662185669,1.5700578689575195,1.2157646417617798,1.4716264009475708,1.974142909049988,1.862007975578308,1.7222551107406616
SNRdb20_p299_312_1619,1.501269817352295,2.9967944622039795,2.6850111484527592,2.6317684650421143,2.9668974876403813,2.849026918411255,2.9828860759735107,2.888954401016236,2.941932678222656,2.845210075378418,3.1042251586914062
SNRdb0_p343_093_173,1.0900610685348509,1.2161816358566284,1.475696086883545,1.2747271060943604,1.3297766447067259,1.4148032665252686,1.245846152305603,1.5146441459655762,1.5455565452575684,1.4457552433013916,1.6439576148986816
SNRdb5_p249_018_173,1.4682877063751218,1.8868228197097776,2.038702249526977,2.0603930950164795,2.2043349742889404,2.1907012462615967,2.0147933959960938,2.0726375579833984,2.277865171432495,2.347090721130371,2.376571655273437
SNRdb10_p299_062_173,1.528820276260376,2.729705333709717,2.89068603515625,2.9048736095428467,2.7949447631835938,3.002905368804932,2.98147201538086,3.1134047508239746,3.1747417449951167,3.197826147079468,3.3961615562438965
SNRdb20_p281_448_173,2.692465305328369,2.754284381866455,2.5483531951904297,2.8403196334838867,2.758381128311157,2.969549655914306,2.646782398223877,2.655192375183105,2.956095933914185,2.8514623641967773,3.0517544746398926
SNRdb0_p299_292_199,1.0707631111145022,1.2584538459777832,1.4930475950241089,1.4013851881027222,1.3929907083511353,1.6725932359695437,1.2730653285980225,1.4684070348739624,1.4979276657104492,1.49411141872406,1.4466581344604492
SNRdb5_p343_007_199,1.0722702741622925,1.2266737222671509,1.2992267608642578,1.2506345510482788,1.4414300918579102,1.5623629093170166,1.2453351020812988,1.2840206623077393,1.3938705921173096,1.5802688598632812,1.5104280710220337
SNRdb10_p251_087_199,1.2175415754318235,1.4785701036453247,1.9415886402130127,1.895936727523804,1.9031724929809568,2.089606523513794,1.5668778419494631,1.935179710388184,2.0045366287231445,1.8679945468902588,2.1928365230560303
SNRdb20_p299_093_199,2.3870179653167725,3.0092890262603764,3.1381227970123287,3.314783334732056,3.112476348876953,3.2781479358673096,2.811588287353516,2.9141466617584233,3.3871753215789795,3.156275987625122,3.2224080562591557
SNRdb0_p251_230_211,1.1416847705841064,1.8554205894470213,1.6930562257766724,1.6924386024475098,1.9432539939880369,2.0264954566955566,1.9005796909332275,1.7080365419387815,1.8459119796752932,1.8212037086486816,2.068553686141968
SNRdb5_p306_083_211,1.290568709373474,2.0858824253082275,2.7000141143798833,2.7566113471984863,2.768134117126465,2.3711791038513184,2.57952094078064,2.7139523029327397,2.8616738319396973,2.6296772956848145,2.2980315685272217
SNRdb10_p298_204_211,1.98292088508606,2.8731784820556636,2.8178505897521973,2.776051998138428,2.852104663848877,2.7413480281829834,2.8480260372161865,2.720836877822876,2.850670576095581,2.9346630573272705,2.9877734184265137
SNRdb20_p306_222_211,1.6059613227844238,3.0842189788818364,3.0165708065032963,2.948813199996948,3.1312682628631587,3.18208122253418,3.3340508937835693,3.137101173400879,3.2390625476837163,3.072948455810547,3.390265703201294
SNRdb0_p335_224_227,1.21579909324646,2.338629722595215,2.3172175884246826,2.209922790527344,2.4288058280944824,2.71044659614563,2.4030916690826416,2.432086229324341,2.3375263214111333,2.7816712856292725,2.607478618621826
SNRdb5_p303_338_227,1.3715418577194214,2.010447263717652,2.9088017940521236,2.4947335720062256,2.6096951961517334,2.511698007583618,2.5291662216186523,2.9295568466186523,2.87438702583313,2.8241114616394043,2.76416015625
SNRdb10_p335_206_227,1.6879031658172607,2.2805962562561035,2.0822222232818604,2.2508881092071533,2.709392547607422,2.161698579788208,2.1475355625152592,2.2531096935272217,2.17051100730896,2.1314356327056885,2.1959943771362305
SNRdb20_p251_112_227,3.1739394664764404,3.173392534255981,3.033238887786865,3.0680744647979736,3.209826231002808,3.042479515075684,3.1204373836517334,3.1030244827270512,3.219669818878174,3.050865650177002,3.164903163909912
SNRdb0_p343_090_252,1.0568726062774658,1.129643201828003,1.4006249904632568,1.3768503665924072,1.2084134817123413,1.2978787422180176,1.1832226514816284,1.182986617088318,1.2601138353347778,1.271759033203125,1.53399658203125
SNRdb5_p335_007_252,1.086567759513855,1.2380197048187256,1.4387575387954712,1.3223015069961548,1.3648245334625244,1.7489900588989258,1.2383252382278442,1.4539661407470703,1.5910744667053225,1.503383994102478,1.483346462249756
SNRdb10_p298_258_252,1.7765444517135618,2.2181098461151123,2.365382194519043,2.1728739738464355,2.5292787551879883,2.3798253536224365,2.1359565258026123,2.3836328983306885,2.6339974403381348,2.6119132041931152,2.449913501739502
SNRdb20_p246_320_252,2.3783700466156006,2.8043212890625,2.9543759822845463,2.8922314643859863,3.021381378173828,2.9774415493011475,2.798060655593872,3.0250844955444336,2.9775331020355225,2.9838991165161133,2.931023359298706
SNRdb0_p339_212_256,1.0930216312408447,1.2415322065353394,1.279804825782776,1.3147917985916138,1.515189290046692,1.4701780080795288,1.2801480293273926,1.3806543350219729,1.3483529090881348,1.455080509185791,1.301206350326538
SNRdb5_p343_186_256,1.1316988468170166,1.4849107265472412,1.8288646936416624,1.618163824081421,1.8503743410110476,2.1271507740020748,1.6174105405807495,1.7115840911865234,1.9113926887512207,1.7080848217010498,2.043233871459961
SNRdb10_p343_104_256,1.3777685165405271,1.6723889112472534,1.5283138751983645,1.5718023777008057,1.8165636062622068,1.9777698516845703,1.8409175872802732,1.7039825916290283,1.7994433641433716,2.0796184539794917,1.9262784719467163
SNRdb20_p306_185_256,2.4119160175323486,2.386697292327881,2.5176963806152344,2.469290256500244,2.609262466430664,2.303696870803833,2.6147215366363525,2.431152582168579,2.5057964324951167,2.912522792816162,2.7725694179534908
SNRdb0_p360_147_259,1.2242652177810671,1.2994318008422852,1.2679471969604492,1.318203687667847,1.4921983480453491,1.4739334583282468,1.3576481342315674,1.4526983499526978,1.6433868408203125,1.798001766204834,1.5218993425369265
SNRdb5_p339_389_259,1.341156840324402,2.2676925659179688,2.4208827018737797,2.286637306213379,2.4788708686828613,2.6157045364379883,2.2634170055389404,2.4650721549987797,2.5972208976745605,2.4264822006225586,2.523184537887573
SNRdb10_p335_373_259,1.3156696557998655,2.515357255935669,2.5858731269836426,2.547292709350586,3.119278907775879,2.849226474761963,2.802008390426636,2.5835983753204346,2.857304334640503,3.236720085144043,3.010075330734253
SNRdb20_p339_095_259,3.09006142616272,3.614614248275757,3.494753122329712,3.3280642032623287,3.5562360286712646,3.522902727127075,3.588584899902344,3.520756483078003,3.5863633155822754,3.570631504058838,3.5400357246398926
SNRdb0_p335_193_283,1.0580500364303589,1.1907401084899902,1.266453742980957,1.241998314857483,1.3377598524093628,1.4897263050079346,1.2028491497039795,1.2743276357650757,1.268319606781006,1.4092234373092651,1.4705854654312134
SNRdb5_p249_018_283,1.1395999193191528,1.302692174911499,1.3923484086990356,1.526486873626709,1.6084251403808594,1.5427212715148926,1.409568190574646,1.475375771522522,1.5405763387680054,1.6480233669281006,1.7232708930969238
SNRdb10_p299_094_283,1.1511516571044922,1.7253458499908447,1.886157751083374,1.941681742668152,2.4669528007507324,2.4021365642547607,1.998758316040039,2.1728222370147705,2.386882066726685,2.0471925735473637,2.1863551139831543
SNRdb20_p299_302_283,2.3248157501220703,2.95949935913086,3.058950662612915,3.182412385940552,3.0212891101837163,3.3191781044006348,2.948883533477783,2.919492244720459,3.4691591262817383,3.1832916736602783,3.255978345870972
SNRdb0_p281_313_30,1.1334335803985596,1.2273026704788208,1.217469334602356,1.2374546527862549,1.4027022123336792,1.3713170289993286,1.245299220085144,1.3327895402908323,1.3582481145858765,1.3915809392929075,1.3913567066192627
SNRdb5_p339_320_30,1.13395094871521,1.6757137775421145,2.0131878852844243,1.7668943405151367,1.9852681159973145,2.088836908340454,1.8021528720855715,1.8977468013763428,2.1099283695220947,2.0274333953857417,2.1462595462799072
SNRdb10_p281_161_30,1.2564058303833008,1.3556684255599976,1.455618977546692,1.3314459323883057,1.595313310623169,1.784190058708191,1.673454761505127,1.5063616037368774,1.8144633769989011,1.8450827598571775,1.6876370906829834
SNRdb20_p335_071_30,2.182757616043091,2.2307474613189697,2.283747434616089,2.5949931144714355,2.3994500637054443,2.253535747528076,1.8954619169235232,2.2987096309661865,2.4633901119232178,2.6246449947357178,2.178332567214966
SNRdb0_p335_050_305,1.0868475437164309,1.3259227275848389,1.4294549226760864,1.4324889183044434,1.4008883237838743,1.6356910467147827,1.275064468383789,1.4200783967971802,1.3839839696884155,1.5579392910003662,1.691840648651123
SNRdb5_p298_366_305,1.304564356803894,1.6239047050476074,1.8220643997192385,1.6748220920562744,1.9531660079956052,1.9835865497589111,1.5946683883666992,1.7671349048614502,1.9443998336791992,2.1024487018585205,1.925774097442627
SNRdb10_p251_115_305,1.1622378826141355,1.2651838064193726,1.574570894241333,1.4467428922653198,1.6689751148223877,1.5209836959838867,1.2729313373565674,1.4952013492584229,1.4186041355133057,1.4856934547424316,1.5951637029647827
SNRdb20_p335_351_305,2.08118748664856,2.5135035514831543,2.4561843872070312,2.566209316253662,2.694030523300171,2.558793067932129,2.4644017219543457,2.427841186523437,2.6081185340881348,2.6418476104736333,2.6169474124908447
SNRdb0_p298_179_314,1.0718234777450562,1.332916498184204,1.451180934906006,1.3941271305084229,1.7596698999404907,1.66517972946167,1.372692346572876,1.584317922592163,1.5016824007034302,1.768138766288757,1.6382365226745603
SNRdb5_p249_208_314,1.2939740419387815,1.624060869216919,1.5548721551895142,1.57305109500885,1.921968460083008,1.855893611907959,1.6880230903625488,1.6937153339385986,1.6449449062347412,1.9383121728897093,1.8607444763183596
SNRdb10_p339_389_314,1.5473530292510986,2.3493964672088623,2.4577643871307373,2.4663376808166504,2.6067681312561035,2.6848607063293457,2.414989948272705,2.5495193004608154,2.64789080619812,2.639258861541748,2.75710129737854
SNRdb20_p298_042_314,2.770923376083374,3.167924165725708,3.0185580253601074,2.944258689880371,3.260007619857788,3.1466557979583736,3.1340303421020512,3.1154203414916988,3.0614266395568848,3.3585901260375977,3.2390248775482178
SNRdb0_p306_256_331,1.0499416589736938,1.1497255563735962,1.2367851734161377,1.203483819961548,1.2623661756515503,1.2745227813720703,1.14555823802948,1.222967505455017,1.2871602773666382,1.3282252550125122,1.2965065240859983
SNRdb5_p251_285_331,1.0755695104599001,1.2704777717590332,1.3433997631072998,1.295478582382202,1.4864418506622314,1.6969658136367798,1.2535293102264404,1.3047305345535278,1.4934879541397097,1.376262664794922,1.589081048965454
SNRdb10_p281_368_331,1.1874178647994995,1.2540624141693115,1.4578739404678345,1.5206239223480225,1.7129411697387695,1.9059033393859863,1.3221287727355957,1.468053102493286,1.5924853086471558,1.9207079410552976,1.77497136592865
SNRdb20_p281_418_331,2.2123279571533203,2.159604549407959,2.0381834506988525,1.86849045753479,2.4597852230072017,2.431601047515869,2.3403513431549072,2.260782241821289,2.628312110900879,2.505202531814575,2.551625967025757
SNRdb0_p251_178_335,1.0572125911712646,1.1533215045928955,1.1759685277938845,1.225215196609497,1.1923432350158691,1.2456790208816528,1.1706985235214231,1.1780513525009155,1.2020213603973389,1.2849258184432983,1.2536189556121826
SNRdb5_p251_339_335,1.1093289852142334,1.2248997688293457,1.220921277999878,1.2727596759796145,1.2809983491897583,1.343014359474182,1.2647348642349243,1.2865532636642456,1.420698881149292,1.5168809890747068,1.3084914684295654
SNRdb10_p306_162_335,1.3275415897369385,1.6789402961730957,2.238456010818481,2.0804998874664307,2.3762891292572017,2.066991806030273,1.937002182006836,2.1439321041107178,2.312610626220703,2.5240497589111333,2.0667588710784908
SNRdb20_p299_038_335,2.0500073432922363,2.9037854671478267,2.5699706077575684,2.906656503677368,2.906161069869995,3.20906925201416,3.209246158599853,2.8274455070495605,3.307578563690185,3.1275141239166264,2.945522785186768
SNRdb0_p299_319_386,1.0817558765411377,1.219919204711914,1.4269031286239624,1.4332284927368164,1.3684837818145752,1.6018986701965332,1.2937475442886353,1.3161046504974363,1.3499720096588137,1.3556528091430664,1.489163160324097
SNRdb5_p299_074_386,1.1338542699813845,1.6135562658309937,1.7518510818481443,1.5087391138076782,1.626792073249817,1.9789118766784668,1.5625479221343994,1.70843505859375,1.7588729858398438,1.7650747299194336,1.73297119140625
SNRdb10_p303_172_386,1.204565405845642,1.5484745502471924,1.6080851554870603,1.5941872596740725,2.0308101177215576,1.918334364891052,1.5466833114624023,1.7499098777770996,1.7091466188430786,1.997421741485596,1.9502466917037964
SNRdb20_p249_005_386,2.118327140808105,2.2927393913269043,2.5220072269439697,2.586442232131958,2.4509060382843018,2.5993578433990483,2.525649070739746,2.680160999298096,2.738022327423096,2.916475534439087,2.688805103302002
SNRdb0_p281_211_414,1.0901386737823486,1.1621372699737549,1.1219644546508791,1.141978740692139,1.1797338724136353,1.2882022857666016,1.1580814123153689,1.2310221195220947,1.2220176458358765,1.2117565870285034,1.263445496559143
SNRdb5_p249_255_414,1.2848442792892456,1.455689787864685,1.591871976852417,1.4779499769210815,1.6974992752075195,1.7393971681594849,1.3367010354995728,1.5998575687408447,1.50646710395813,1.5580543279647827,1.4962036609649658
SNRdb10_p298_236_414,1.184753179550171,1.4532504081726074,1.4677025079727173,1.494950532913208,1.6636478900909424,1.72104811668396,1.3825430870056152,1.5479488372802734,1.6205999851226809,1.6440789699554443,1.7012975215911863
SNRdb20_p298_236_414,1.5868570804595947,1.8657745122909544,1.9321695566177368,1.988559007644653,2.1799638271331787,2.0236637592315674,1.6966812610626218,1.8693130016326904,1.9923968315124512,1.973308086395264,1.9966974258422847
SNRdb0_p299_243_436,1.0871663093566897,1.259981632232666,1.3208043575286863,1.2583838701248171,1.425753116607666,1.6225285530090332,1.2362291812896729,1.3278294801712036,1.385266900062561,1.3578989505767822,1.387813925743103
SNRdb5_p335_182_436,1.0638350248336792,1.229175686836243,1.2941516637802124,1.21632981300354,1.3301262855529783,1.5154767036437988,1.225510835647583,1.358554124832153,1.43170964717865,1.4495621919631958,1.3777809143066406
SNRdb10_p299_402_436,1.2004903554916382,1.8114149570465088,1.8962023258209229,1.9095678329467771,1.6696679592132568,2.0930330753326416,1.7015733718872068,1.7993524074554443,2.00213885307312,2.040202379226685,1.9466195106506348
SNRdb20_p335_113_436,2.052306652069092,2.293990135192871,2.315869808197021,2.46030330657959,2.470712900161743,2.067066192626953,2.4222097396850586,2.4253647327423096,2.5995445251464844,2.159941434860229,2.5274503231048584
SNRdb0_p339_135_456,1.112143874168396,1.3081883192062378,1.726672649383545,1.3621082305908203,1.758135437965393,1.4750713109970093,1.6340845823287964,1.8134948015213013,1.4430406093597412,1.9428026676177976,1.4992413520812988
SNRdb5_p303_170_456,1.2293777465820312,1.8785638809204104,2.211897611618042,2.1286520957946777,2.3201324939727783,2.1884772777557373,1.946758270263672,2.2392404079437256,2.397704124450684,2.2634258270263667,2.3308427333831787
SNRdb10_p335_131_456,1.3510308265686035,2.6523067951202397,2.8691928386688232,2.6721699237823486,2.8615491390228267,2.7380990982055664,2.836401462554932,2.9591498374938965,2.971332550048828,3.003405332565308,2.879911184310913
SNRdb20_p246_151_456,2.38897967338562,2.4068315029144287,2.866993904113769,2.88476037979126,3.0691754817962646,3.165247201919556,2.6435043811798096,3.089900016784668,3.012482166290283,3.143136739730835,3.243320941925049
SNRdb0_p251_230_482,1.0447871685028076,1.1105680465698242,1.137335181236267,1.145308256149292,1.1043376922607422,1.1256130933761597,1.089817762374878,1.1528007984161377,1.1601462364196775,1.1415778398513794,1.1681296825408936
SNRdb5_p306_222_482,1.113877773284912,1.7189285755157468,2.1895246505737305,1.9665420055389404,2.2685954570770264,2.0832793712615967,1.8145657777786253,2.0785267353057857,2.2293646335601807,2.2807304859161377,2.1611223220825195
SNRdb10_p306_038_482,1.7772486209869385,1.9700543880462649,2.5569448471069336,2.393352031707764,2.59268856048584,2.723918914794922,2.4654581546783447,2.5327670574188232,2.685932159423828,2.7855384349823,2.6943073272705083
SNRdb20_p246_060_482,1.7057422399520874,2.043486833572388,1.883019208908081,2.3598127365112305,2.198182821273804,2.5000901222229004,1.979034185409546,2.0059852600097656,2.371462106704712,2.4630050659179688,2.5704240798950195
SNRdb0_p360_103_491,1.30378520488739,1.2913172245025637,1.2835961580276491,1.4183025360107422,1.2635836601257324,1.302809238433838,1.5119417905807495,1.3710981607437134,1.4736651182174685,1.6307404041290283,1.5804327726364136
SNRdb5_p360_138_491,1.685966730117798,1.9546771049499512,1.8918929100036619,2.027384757995605,1.903752684593201,2.1437313556671143,2.0974063873291016,2.126136064529419,2.237182378768921,2.441441774368286,2.438941240310669
SNRdb10_p303_162_491,1.314525842666626,1.622861623764038,1.862588882446289,1.7506440877914429,2.410319805145264,1.8866127729415891,1.6895029544830322,1.6881067752838137,2.0226025581359863,2.800971508026123,1.601398229598999
SNRdb20_p335_199_491,2.056414127349853,2.68900465965271,3.067112684249878,2.821030139923096,2.7124781608581543,3.1413094997406006,3.009413719177246,2.935884952545166,2.8834168910980225,3.1337995529174805,3.353013038635254
SNRdb0_p306_116_496,1.0540184974670408,1.1427853107452393,1.2515442371368408,1.1900951862335205,1.2227102518081665,1.2924985885620115,1.156484842300415,1.2061563730239868,1.212131142616272,1.3330326080322266,1.270378351211548
SNRdb5_p343_228_496,1.123542308807373,1.4020566940307615,1.4278931617736816,1.4064408540725708,1.5130112171173096,1.7455259561538696,1.3353145122528076,1.4798356294631958,1.5777320861816406,1.5355819463729858,1.7580103874206543
SNRdb10_p246_318_496,1.1955091953277588,1.356481909751892,1.497903823852539,1.4335651397705078,1.5500028133392334,1.59078049659729,1.438646674156189,1.7123488187789917,1.7468831539154053,1.9229809045791624,1.8301284313201904
SNRdb20_p339_005_496,1.9704140424728396,2.1584129333496094,2.2139692306518555,2.3573570251464844,2.6767923831939697,2.696330070495605,2.5076730251312256,2.277454137802124,2.714123249053955,2.794653415679932,2.766479730606079
SNRdb0_p360_206_50,1.137228012084961,1.1660654544830322,1.2813968658447266,1.2410995960235596,1.4243561029434204,1.5410305261611938,1.2892842292785645,1.4418226480484009,1.5190553665161133,1.470639944076538,1.458327054977417
SNRdb5_p249_173_50,1.174675464630127,1.4829454421997068,1.683884859085083,1.659975528717041,1.69305419921875,1.6530542373657229,1.7808184623718262,1.6809663772583008,1.9797847270965576,1.8779640197753904,1.70082688331604
SNRdb10_p281_130_50,1.3516175746917725,1.7944107055664062,1.5745139122009275,1.884003758430481,2.0774831771850586,2.3927855491638184,1.829613447189331,2.109536647796631,2.188030958175659,2.362292528152466,2.3917555809021
SNRdb20_p360_136_50,2.2158541679382324,2.547062397003174,2.260145902633667,2.572566270828247,2.3872787952423096,2.563596248626709,2.379045009613037,2.5101592540740967,2.735005140304565,2.612191200256348,2.616583824157715
SNRdb0_p360_024_518,1.0836870670318604,1.196637511253357,1.1825740337371826,1.169743537902832,1.2179036140441897,1.2315644025802612,1.1620020866394043,1.2424346208572388,1.286962866783142,1.2662720680236816,1.2224974632263184
SNRdb5_p281_208_518,1.270292043685913,1.399524211883545,1.2698074579238892,1.2328506708145142,1.587799310684204,1.5614770650863647,1.4331918954849243,1.4768174886703491,1.5092036724090576,1.5875883102416992,1.6012060642242432
SNRdb10_p246_352_518,1.363003492355347,1.8955749273300169,1.8676522970199585,2.0283195972442627,2.1629421710968018,2.1522417068481445,1.9582558870315552,2.1999599933624268,2.298592329025269,2.475586175918579,2.308679819107056
SNRdb20_p249_217_518,1.957125663757324,2.2739241123199463,2.1790575981140137,2.0832056999206543,1.8558272123336792,2.407834768295288,2.46783447265625,2.254605531692505,2.3088388442993164,2.4591071605682373,2.3473846912384038
SNRdb0_p246_338_519,1.0810157060623171,1.151503086090088,1.1417380571365356,1.1368502378463743,1.1857857704162598,1.2931627035140991,1.230736494064331,1.2356016635894775,1.349398136138916,1.32303786277771,1.406679630279541
SNRdb5_p306_251_519,1.1093902587890625,1.4282015562057495,1.4895933866500854,1.4042630195617676,1.7290600538253784,1.565772533416748,1.3468972444534302,1.6070561408996582,1.519753336906433,1.841857433319092,1.6484124660491943
SNRdb10_p298_227_519,1.7489309310913086,2.515375852584839,2.6719000339508057,2.505968809127808,2.6819839477539062,2.701970100402832,2.582453966140747,2.6937885284423833,2.966773509979248,2.9453470706939697,2.701900720596313
SNRdb20_p343_182_519,1.6011759042739868,2.730840921401977,2.5625295639038086,1.8459810018539429,1.828165054321289,1.89313006401062,1.7995940446853638,2.749767541885376,3.038766622543335,3.1474123001098637,3.1979520320892334
SNRdb0_p303_206_52,1.0525636672973633,1.1541012525558472,1.2487475872039795,1.1819320917129517,1.2681738138198853,1.282199144363403,1.1645547151565552,1.1959898471832275,1.193328619003296,1.1969226598739624,1.2157189846038818
SNRdb5_p303_091_52,1.1064858436584473,1.4386593103408811,1.5112946033477783,1.4643439054489136,1.4567369222640991,1.6057136058807373,1.3374050855636597,1.4653995037078855,1.528101682662964,1.7091084718704224,1.6142888069152832
SNRdb10_p343_052_52,1.2233728170394895,1.8923547267913816,2.128680229187012,2.0810933113098145,2.217237949371338,2.2273664474487305,1.938496708869934,2.1221437454223637,2.0803663730621342,2.530125617980957,2.414613008499145
SNRdb20_p306_124_52,1.918038845062256,2.1865782737731934,2.3377397060394287,2.3997173309326167,2.115996599197388,2.239375352859497,2.373077154159546,2.3939194679260254,2.621711015701294,2.5166523456573486,2.6688425540924072
SNRdb0_p335_115_552,1.1185929775238037,1.3334500789642334,1.4871522188186646,1.3809707164764404,1.3996537923812866,1.6283814907073977,1.5016746520996094,1.488218069076538,1.6780617237091064,1.6356756687164309,1.6141111850738523
SNRdb5_p303_007_552,1.0589122772216797,1.2135019302368164,1.4323017597198486,1.2783809900283811,1.4814157485961914,1.3895615339279177,1.237354755401611,1.3936998844146729,1.3319436311721802,1.5622048377990725,1.3669939041137695
SNRdb10_p251_050_552,1.3385074138641355,1.4720351696014404,1.4035794734954834,1.4128855466842651,1.4162442684173584,1.4448955059051514,1.7583861351013184,1.4737582206726074,2.0198569297790527,2.1125192642211914,1.8932036161422732
SNRdb20_p343_341_552,2.1919384002685547,2.568795680999756,2.6805620193481445,2.6452651023864746,2.5417168140411377,2.791869163513184,2.6704108715057373,2.6475090980529785,2.748534202575684,3.169790983200073,2.85060715675354
SNRdb0_p281_432_60,1.1084303855895996,1.1318528652191162,1.2086067199707031,1.2142767906188965,1.2314492464065552,1.272175908088684,1.18739914894104,1.2048420906066897,1.2620189189910889,1.2677912712097168,1.1913535594940186
SNRdb5_p298_084_60,1.281989812850952,1.7609891891479492,1.8155517578125,1.7816452980041504,1.921849489212036,2.0128426551818848,1.9199788570404053,1.954610824584961,2.080545425415039,2.309292316436768,1.981188416481018
SNRdb10_p306_185_60,1.218384027481079,1.7848812341690063,2.073209285736084,1.91652512550354,1.969735145568848,2.0363321304321294,1.6816399097442627,2.0004987716674805,1.7472729682922363,2.1307406425476074,1.869696855545044
SNRdb20_p251_166_60,2.2802822589874268,2.22295880317688,2.4050841331481934,2.347146511077881,2.3351986408233643,2.4183120727539062,2.0834701061248784,2.4245493412017822,2.2053723335266118,2.3555338382720947,2.5943918228149414
SNRdb0_p306_115_606,1.037262797355652,1.1683361530303955,1.3320506811141968,1.2130415439605713,1.225194215774536,1.392184853553772,1.1653237342834473,1.232580065727234,1.238003849983215,1.4014675617218018,1.4303643703460691
SNRdb5_p281_129_606,1.1783714294433594,1.393767476081848,1.3659255504608154,1.5408791303634644,1.605440616607666,1.5478013753890991,1.4116365909576416,1.4786957502365112,1.6286437511444092,1.3440320491790771,1.6190673112869265
SNRdb10_p246_098_606,1.2711116075515747,1.524626612663269,1.744534969329834,1.5611286163330078,1.7324333190917969,1.7804155349731443,1.5803663730621338,1.8122262954711916,1.8772947788238523,1.8592808246612549,1.8606429100036619
SNRdb20_p298_047_606,2.1064274311065674,2.0616223812103267,2.0958590507507324,2.329801082611084,2.39849853515625,2.4159047603607178,2.1538422107696533,2.0287942886352544,2.1363208293914795,2.418935537338257,2.317194700241089
SNRdb0_p339_098_623,1.1060351133346558,1.3278212547302246,1.5430448055267334,1.521159291267395,1.3578128814697266,1.9731104373931885,1.3716564178466797,1.5241177082061768,1.8880739212036133,1.9130697250366209,1.8700451850891116
SNRdb5_p335_393_623,1.1426526308059692,1.4267359972000122,1.5273704528808594,1.4399442672729492,1.5886679887771606,1.5893964767456057,1.3936240673065186,1.5744657516479492,1.516836404800415,1.7513806819915771,1.7247965335845947
SNRdb10_p249_133_623,1.2478952407836914,1.63760244846344,1.8378500938415527,1.918654203414917,2.1005690097808842,2.0174636840820312,1.8936913013458248,1.8014209270477295,2.1527140140533447,2.367401361465454,2.048471450805664
SNRdb20_p306_055_623,2.255638837814331,2.741652488708496,2.9654436111450195,2.933385133743286,3.0373339653015137,2.9894585609436035,2.896068334579468,3.0131802558898926,3.09517240524292,3.04797101020813,3.1925508975982666
SNRdb0_p360_206_632,1.1383695602416992,1.3253952264785769,1.6228091716766355,1.4713759422302246,1.6466890573501587,1.8462080955505369,1.5001671314239502,1.7481015920639038,1.6992125511169434,1.7811042070388794,1.6108036041259766
SNRdb5_p246_338_632,1.343714714050293,1.5302567481994631,1.7398538589477541,1.836867928504944,1.940908432006836,1.9291492700576784,1.6226295232772827,2.0412468910217285,1.8842935562133791,2.265906810760498,2.208789348602295
SNRdb10_p360_141_632,1.9269161224365237,2.4480998516082764,2.2321572303771973,2.2513859272003174,2.485892534255981,2.2373526096343994,2.386337757110596,2.360050201416016,2.224022626876831,2.343794345855713,2.305239677429199
SNRdb20_p298_331_632,2.484894275665283,3.0660779476165767,2.598238945007324,2.9293549060821533,3.3065056800842285,3.4812986850738525,3.314881563186645,3.1230542659759517,3.1355645656585693,3.244053363800049,3.4560372829437256
SNRdb0_p298_042_637,1.1845369338989258,1.6062240600585938,1.8525543212890625,1.7377417087554932,1.9657516479492188,2.03745698928833,1.643280029296875,1.9545997381210327,2.1686415672302246,2.168543100357056,2.051987886428833
SNRdb5_p298_007_637,1.141701340675354,1.294257402420044,1.6804475784301758,1.426822066307068,1.4869053363800049,1.684170484542847,1.4933630228042605,1.6258249282836914,1.4999547004699707,1.7464501857757568,1.702104568481445
SNRdb10_p343_042_637,1.17336905002594,1.3175541162490845,1.3656741380691528,1.4093822240829468,1.4554479122161863,1.446377515792847,1.5162711143493652,1.553009271621704,1.574103832244873,1.386695384979248,1.4347655773162842
SNRdb20_p246_095_637,2.030584812164306,2.304002046585083,2.235592126846313,2.4858498573303223,2.5234336853027344,2.558504819869995,2.1313741207122803,2.3377902507781982,2.5728821754455566,3.026860475540161,2.8934547901153564
SNRdb0_p281_151_646,1.1631940603256226,1.3489995002746582,1.314714431762695,1.3181722164154053,1.2962433099746704,1.283259034156799,1.325562596321106,1.315654158592224,1.350198745727539,1.4285871982574463,1.4301592111587524
SNRdb5_p249_217_646,1.4008374214172363,1.7891972064971924,1.685446858406067,1.7972675561904907,1.906481504440308,1.8025811910629272,1.6488332748413086,1.7864480018615725,1.7266931533813477,1.9736511707305908,1.878176212310791
SNRdb10_p251_007_646,1.2497490644454956,1.5478947162628174,1.7370445728302002,1.6928088665008545,1.831454515457153,1.769978404045105,1.5005936622619631,1.736220121383667,1.8123388290405276,1.9513790607452397,2.021575450897217
SNRdb20_p335_115_646,3.3733243942260738,3.433464527130127,3.2524213790893555,3.248819589614868,3.2615668773651123,3.5870401859283447,3.499436378479004,2.8181447982788086,3.573107481002808,3.2971773147583012,3.2385571002960205
SNRdb0_p306_358_65,1.1381937265396118,1.524108648300171,2.291210412979126,2.0713243484497066,2.4072949886322017,2.3462371826171875,1.6586685180664062,2.405588150024414,2.2803936004638667,2.320363998413086,2.010620594024658
SNRdb5_p298_130_65,1.6030696630477903,2.0928630828857417,2.1065502166748047,2.307899713516236,2.39748764038086,2.10766339302063,1.923123359680176,2.1062977313995357,2.4688467979431152,2.6753370761871342,2.4849181175231934
SNRdb10_p299_302_65,1.3475077152252195,2.1355202198028564,2.3271472454071045,2.737959384918213,2.3140795230865483,2.6748852729797363,2.561724901199341,1.8102545738220213,2.985654354095459,2.786435842514038,2.756513357162476
SNRdb20_p360_236_65,2.806928396224976,3.0595085620880127,2.416035413742065,3.1082794666290283,3.12598729133606,3.025696277618408,2.524145126342773,3.0516955852508545,3.0195443630218506,2.9612390995025635,3.0784621238708496
SNRdb0_p306_024_67,1.0628788471221924,1.2128597497940063,1.2304152250289917,1.2125656604766846,1.2661696672439575,1.3795409202575684,1.1753231287002563,1.2356510162353516,1.1851727962493896,1.3100939989089966,1.3544119596481323
SNRdb5_p249_340_67,1.1976001262664795,1.3423445224761963,1.4447433948516846,1.5511507987976074,1.5618693828582764,1.654045343399048,1.4688626527786257,1.4874837398529053,1.6453790664672852,1.6831405162811282,1.7308655977249146
SNRdb10_p339_347_67,1.398352861404419,2.8926846981048584,2.90176773071289,2.8429179191589355,2.9146802425384517,2.8906164169311523,2.928551197052002,2.9467289447784424,3.0108799934387207,3.0035521984100337,3.0143156051635738
SNRdb20_p299_063_67,2.9558925628662114,3.1123125553131104,2.9938957691192627,3.244344472885132,3.009232997894287,3.1347773075103764,3.300554037094116,2.84207820892334,3.32149076461792,3.0165402889251713,3.2914204597473145
SNRdb0_p339_392_684,1.1238267421722412,1.3755496740341189,1.8385057449340818,1.5026445388793943,1.826098084449768,2.016689777374268,1.4287525415420532,1.8014991283416748,1.8967995643615725,2.04175877571106,1.9682892560958865
SNRdb5_p360_084_684,1.388384222984314,1.4705750942230225,1.5141466856002808,1.5636038780212402,1.825049638748169,1.8311455249786377,1.5648462772369385,1.70845627784729,1.5773203372955322,1.8322739601135252,1.7989412546157837
SNRdb10_p299_065_684,1.4361473321914673,2.333937644958496,2.61229944229126,2.001208066940308,2.372654438018799,2.752004146575928,2.2664124965667725,2.5563111305236816,2.514380693435669,2.6257998943328857,2.654224157333374
SNRdb20_p298_233_684,2.448703527450561,2.6595821380615234,2.2054922580718994,2.7716729640960693,2.874440670013428,2.6089425086975098,2.548901081085205,2.5558807849884038,2.9227163791656494,2.7966880798339844,2.95845365524292
SNRdb0_p339_034_696,1.0715324878692627,1.2228844165802002,1.3550302982330322,1.3500103950500488,1.359141826629639,1.316441297531128,1.25796377658844,1.29154634475708,1.3854165077209473,1.4078516960144043,1.3314166069030762
SNRdb5_p306_208_696,1.118981122970581,1.4684278964996338,1.6236305236816406,1.4249229431152344,1.5745210647583008,1.7328006029129028,1.4552901983261108,1.4949815273284912,1.6566160917282104,1.729743242263794,1.6476433277130127
SNRdb10_p281_182_696,1.538155436515808,1.789071798324585,2.0395731925964355,2.1204640865325928,2.1333823204040527,2.065603017807007,1.8679628372192385,2.106566429138184,2.258469343185425,2.102936267852783,1.8901363611221316
SNRdb20_p298_343_696,2.350803852081299,2.8597986698150635,2.901737689971924,2.941777467727661,2.9636547565460205,3.0583221912384038,2.9163081645965576,2.9335956573486333,3.1701605319976807,2.610835075378418,3.0327534675598145
SNRdb0_p251_019_712,1.0476518869400024,1.1082760095596311,1.1269822120666504,1.1285499334335327,1.1472762823104858,1.163316249847412,1.1054768562316897,1.1408745050430298,1.1410748958587646,1.2167096138000488,1.2220107316970823
SNRdb5_p335_143_712,1.120429515838623,1.5055636167526243,1.6440436840057373,1.541968822479248,1.8005385398864746,1.7839083671569824,1.4574851989746094,1.6855778694152832,1.5893239974975586,1.7802023887634275,1.9021916389465328
SNRdb10_p303_172_712,1.3420734405517578,1.7664008140563965,1.876475811004639,1.8015475273132324,2.318314552307129,1.939734697341919,1.5840439796447754,1.991199254989624,2.031628370285034,2.261087656021118,2.1553730964660645
SNRdb20_p299_300_712,1.9910136461257932,2.2542614936828613,2.5058178901672363,2.7799229621887207,2.486079454421997,2.448892116546631,2.1909496784210205,2.3718621730804443,2.569439649581909,2.4729528427124023,2.5000030994415283
SNRdb0_p246_217_726,1.3620175123214722,2.0385696887969966,1.7738614082336426,2.096160888671875,2.061156988143921,2.3103246688842773,1.91233491897583,1.8087012767791748,2.280403614044189,2.224773645401001,2.480794668197632
SNRdb5_p303_091_726,1.4682929515838623,2.154106616973877,2.200263500213623,2.0907907485961914,2.5207273960113525,2.626682043075561,2.3127477169036865,2.5774474143981934,2.2933952808380127,2.546552419662476,2.5161073207855225
SNRdb10_p249_326_726,2.4959790706634517,2.6029493808746342,2.5287086963653564,2.4374165534973145,2.7926862239837646,2.475510358810425,2.3237667083740234,2.4595508575439453,2.4201345443725586,2.8907699584960938,2.6116297245025635
SNRdb20_p303_259_726,2.9731199741363525,3.0588908195495605,3.0384414196014404,2.802961826324463,2.9291372299194336,2.8243100643157963,3.1856005191802983,3.2047924995422363,2.8516619205474854,2.960678815841675,3.0565259456634517
SNRdb0_p343_209_729,1.0579732656478882,1.239244818687439,1.2886748313903809,1.3299932479858398,1.2344242334365845,1.2691302299499512,1.1847436428070068,1.253600001335144,1.2859317064285278,1.255595564842224,1.2140188217163086
SNRdb5_p306_269_729,1.0786385536193848,1.381994605064392,1.550143837928772,1.5746543407440186,1.5657343864440918,1.6746611595153809,1.2812782526016235,1.51758074760437,1.933504343032837,1.831735134124756,1.6302714347839355
SNRdb10_p281_349_729,1.3484914302825928,1.5768672227859497,1.6546194553375244,1.6670808792114258,1.7412467002868652,1.9540866613388064,1.6164573431015017,1.8510408401489256,1.838342785835266,2.200000524520874,2.0934493541717534
SNRdb20_p299_094_729,2.1914398670196533,2.698312997817993,2.774544239044189,2.685708284378052,2.671412229537964,2.6924681663513184,2.7176592350006104,2.798314332962036,2.778078317642212,2.6889736652374268,2.7390515804290767
SNRdb0_p335_373_74,1.1007932424545288,1.268899917602539,1.3463664054870603,1.3903155326843262,1.33860182762146,1.4549176692962646,1.3006248474121094,1.4106076955795288,1.357487678527832,1.5412156581878662,1.604196548461914
SNRdb5_p299_179_74,1.187091827392578,1.4300134181976318,1.8463914394378664,1.7287354469299316,2.02002215385437,2.0948643684387207,1.7929184436798096,1.8654633760452268,2.1127979755401607,1.7469308376312256,2.0111515522003174
SNRdb10_p249_139_74,1.407273530960083,1.9920494556427,2.3533742427825928,2.1461348533630367,2.1644563674926762,2.4767322540283203,2.0065381526947017,2.3140490055084233,2.3209736347198486,2.4789607524871826,2.41897201538086
SNRdb20_p299_183_74,2.233187198638916,2.6072821617126465,2.8292407989501958,2.91904878616333,2.7547719478607178,3.050769329071045,2.487408399581909,2.773612260818481,3.2014768123626713,2.792988538742065,3.01216721534729
SNRdb0_p249_133_745,1.0433527231216428,1.1452152729034424,1.1773444414138794,1.1637940406799316,1.235154628753662,1.317278504371643,1.1565638780593872,1.199941635131836,1.2724725008010864,1.3439689874649048,1.351919174194336
SNRdb5_p298_359_745,1.296383500099182,1.5767204761505127,1.8073046207427976,1.713411808013916,1.9865835905075075,2.1612277030944824,1.696250557899475,1.8631453514099119,2.209242582321167,2.1244966983795166,2.0925440788269043
SNRdb10_p246_350_745,1.6062767505645752,2.0770587921142583,2.226581573486328,1.815021276473999,2.1947484016418457,2.447052001953125,2.3686742782592773,2.335207223892212,2.3721723556518555,2.843444347381592,2.8651609420776367
SNRdb20_p298_019_745,2.037792682647705,2.0474474430084233,2.3196828365325928,2.288674831390381,2.57370924949646,2.569448709487915,2.2017900943756104,2.3640358448028564,2.5396785736083984,2.5455782413482666,2.4881150722503658
SNRdb0_p246_255_763,1.1515634059906006,1.3306244611740112,1.5209439992904663,1.4752144813537598,1.691234827041626,1.632845163345337,1.479562759399414,1.7113964557647705,1.596200704574585,1.579183578491211,2.042706251144409
SNRdb5_p246_035_763,1.3479671478271484,1.71783185005188,1.8021862506866453,1.6351557970046997,1.7909128665924072,1.820253610610962,1.92164158821106,1.8858866691589355,1.9735196828842163,1.8250267505645752,1.8977499008178709
SNRdb10_p246_076_763,1.7656588554382324,1.8827369213104248,2.1018288135528564,1.9259247779846191,2.0357961654663086,2.279481649398804,1.8529458045959477,2.036987781524658,2.2828919887542725,2.1370551586151123,1.9652856588363647
SNRdb20_p360_313_763,3.072415590286255,2.9955294132232666,2.900169849395752,3.203044891357422,2.7940399646759038,2.9486055374145512,2.565577745437622,2.9091546535491943,3.12072491645813,2.902414083480835,2.830016613006592
SNRdb0_p299_233_766,1.0871461629867554,1.2792861461639404,1.35081148147583,1.289458990097046,1.3523142337799072,1.3915917873382568,1.264066457748413,1.3740499019622805,1.368571639060974,1.246955633163452,1.3495105504989624
SNRdb5_p299_307_766,1.0863585472106934,1.4612281322479248,1.8050189018249512,1.4700734615325928,1.6359119415283203,2.180038452148437,1.4542734622955322,1.7848093509674072,1.7757673263549805,1.7286064624786377,1.6812360286712646
SNRdb10_p335_007_766,1.1296590566635132,1.3332494497299194,1.5289574861526491,1.3635435104370115,1.4580833911895752,1.4739203453063965,1.3832659721374512,1.2953959703445437,1.354171872138977,1.4295328855514526,1.3682032823562622
SNRdb20_p298_123_766,2.08707857131958,2.534518957138061,2.5895659923553467,2.59062123298645,2.762455940246582,2.810131072998047,2.562652826309204,2.645057678222656,2.8395559787750244,2.756017208099365,2.751101493835449
SNRdb0_p303_233_771,1.075015425682068,1.152568221092224,1.3399553298950195,1.2995717525482178,1.194815158843994,1.3015930652618408,1.2089369297027588,1.2651787996292114,1.2740116119384766,1.439158916473389,1.4078494310379028
SNRdb5_p339_099_771,1.1737335920333862,1.375354290008545,1.4220728874206543,1.4260410070419312,1.5072176456451416,1.588508367538452,1.4014184474945068,1.3738654851913452,1.4856977462768557,1.6536808013916016,1.566283941268921
SNRdb10_p303_233_771,1.4970526695251465,1.7834758758544922,1.8254183530807493,2.035064220428467,2.0671489238739014,1.957404613494873,1.8407834768295288,1.9540331363677976,1.867622256278992,1.9583845138549805,2.0212967395782466
SNRdb20_p360_161_771,2.4628589153289795,3.0093488693237305,2.8636400699615483,2.7810094356536865,2.897207021713257,2.781477451324463,2.851846933364868,2.855390787124634,2.696425676345825,2.996525287628174,2.8405919075012207
SNRdb0_p360_151_793,1.1320440769195557,1.3437092304229736,1.3852980136871338,1.2882570028305054,1.403827667236328,1.4078843593597412,1.3686954975128174,1.5887854099273682,1.4934535026550293,1.55501127243042,1.638790726661682
SNRdb5_p246_077_793,1.2983227968215942,1.5071877241134644,1.7160511016845703,1.6276342868804932,1.8247102499008176,1.789909601211548,1.611927151679993,1.885266661643982,1.897558689117432,2.3272173404693604,2.1335289478301998
SNRdb10_p246_210_793,1.7638015747070312,2.380937099456787,2.335294485092163,2.465048551559448,2.529773712158203,2.7901411056518555,2.533071279525757,2.69070053100586,2.8296294212341313,2.7736823558807373,2.8795645236968994
SNRdb20_p303_259_793,2.194439649581909,2.7811319828033447,2.682855129241944,2.6154513359069824,2.6047189235687256,2.5750811100006104,2.67952299118042,2.9270331859588623,2.7059133052825928,2.8616914749145512,2.8989374637603764
SNRdb0_p343_339_813,1.0507981777191162,1.1633881330490112,1.1940176486968994,1.2497276067733765,1.177603006362915,1.228283405303955,1.1822032928466797,1.1695737838745115,1.3026067018508911,1.2510807514190674,1.2061624526977541
SNRdb5_p249_329_813,1.2040036916732788,1.4953999519348145,1.6243143081665041,1.5361056327819824,1.7903327941894531,1.87788987159729,1.5507669448852541,1.607309103012085,1.6460649967193604,1.7998614311218262,1.7772276401519775
SNRdb10_p251_209_813,1.3383984565734863,1.9138960838317869,2.22139835357666,1.7725800275802612,2.208064556121826,2.190542459487915,1.7650352716445925,2.366574764251709,2.499062776565552,2.4987003803253174,2.430372953414917
SNRdb20_p251_287_813,2.2822644710540767,2.3355255126953125,2.9600837230682373,2.486358165740967,3.0809361934661865,2.673402070999145,2.5340402126312256,2.8487432003021236,2.3099985122680664,2.9737393856048584,2.8307909965515137
SNRdb0_p335_226_856,1.1316311359405518,1.4453822374343872,1.4805353879928589,1.503990650177002,1.965882420539856,1.6253156661987305,1.4776148796081543,1.842902421951294,1.8618882894515991,1.960198283195496,2.004201650619507
SNRdb5_p298_227_856,1.5710101127624512,2.257431030273437,2.4937961101531982,2.543474674224853,2.715017318725586,2.7059566974639893,2.592191457748413,2.6481268405914307,2.908776998519897,3.008443117141724,2.740901470184326
SNRdb10_p360_019_856,1.2559099197387695,1.5134146213531494,1.611133337020874,1.6657633781433103,1.6233221292495728,1.857765913009644,1.6544749736785889,1.662752628326416,1.85261070728302,1.8101980686187744,1.821227788925171
SNRdb20_p335_364_856,1.8325579166412356,3.085698127746582,3.232200384140014,2.8767199516296387,3.2218816280364986,3.160849571228028,3.223069190979004,3.3091514110565186,3.2798972129821777,3.2095723152160645,2.4794597625732417
SNRdb0_p298_076_862,1.135418176651001,1.3380588293075562,1.4206979274749756,1.4134974479675293,1.2069705724716189,1.4070489406585691,1.3290290832519531,1.426869511604309,1.4735101461410522,1.48256254196167,1.4488573074340818
SNRdb5_p281_296_862,1.3697733879089355,1.5374619960784912,1.5498918294906616,1.742151379585266,1.913959503173828,1.7476205825805664,1.6907150745391846,1.757183074951172,1.8476408720016482,1.890566349029541,1.7366685867309568
SNRdb10_p251_239_862,1.3319449424743652,1.741270899772644,2.177374124526977,1.8317337036132808,2.1168808937072754,1.7911962270736694,2.0177021026611333,2.1745233535766597,2.033072233200073,1.9802198410034182,2.1162877082824707
SNRdb20_p335_346_862,2.0816776752471924,2.6233458518981934,2.3519833087921143,2.4097626209259038,2.632338523864746,2.7938385009765625,2.737482786178589,2.3860318660736084,2.612240791320801,2.8763232231140137,2.796627283096313
SNRdb0_p246_224_865,1.066863179206848,1.1463528871536257,1.170478343963623,1.244645595550537,1.1901025772094729,1.2545942068099976,1.1499340534210205,1.2163392305374146,1.2149510383605957,1.3782306909561155,1.3826806545257568
SNRdb5_p343_087_865,1.102149486541748,1.6120712757110596,1.8396639823913572,1.5826963186264038,1.9535715579986568,1.8674540519714355,1.3097455501556396,2.0027105808258057,2.0045812129974365,1.969221353530884,1.9219989776611328
SNRdb10_p281_149_865,1.5188705921173096,1.8692069053649905,1.7698156833648682,1.5369287729263306,2.178804874420166,1.7256608009338381,1.7809064388275146,2.1466915607452397,1.946138620376587,2.013267993927002,1.9579448699951167
SNRdb20_p303_319_865,1.8995512723922732,2.197875022888184,2.4319438934326167,2.4885027408599854,2.5447802543640137,2.730037212371826,2.3802685737609863,2.4855430126190186,2.530614137649536,2.900389671325684,2.7885587215423584
SNRdb0_p306_246_871,1.041666030883789,1.1332013607025146,1.1658991575241089,1.1654473543167114,1.2860629558563232,1.3011726140975952,1.1363924741744995,1.1942269802093506,1.224901556968689,1.3102208375930786,1.288688063621521
SNRdb5_p298_288_871,1.2618019580841064,1.570279836654663,1.7144070863723757,1.5391052961349487,1.8890197277069087,2.0504698753356934,1.6139898300170898,1.7797695398330688,2.037829160690308,2.0179967880249023,2.09174919128418
SNRdb10_p306_083_871,1.285905361175537,2.1642732620239262,2.288378953933716,2.08879828453064,2.4619691371917725,2.223372220993042,2.253581285476685,2.203681230545044,2.532731294631958,2.593756675720215,2.237591028213501
SNRdb20_p281_018_871,2.1415822505950928,2.591768980026245,2.5579993724823,2.638714551925659,2.8413190841674805,2.9822053909301762,2.6276631355285645,2.7894880771636963,2.9370174407958984,2.823683738708496,2.8564956188201904
SNRdb0_p251_019_893,1.0751937627792358,1.1777892112731934,1.272714614868164,1.2362042665481567,1.3050520420074463,1.3970268964767456,1.2217856645584106,1.3663454055786133,1.3128503561019895,1.4161529541015625,1.4446946382522583
SNRdb5_p360_322_893,2.059280633926392,2.4902901649475098,1.881871581077576,1.9319798946380613,1.8971209526062007,1.9884175062179563,2.404078245162964,1.8020939826965328,2.41244912147522,2.1098196506500244,2.208812475204468
SNRdb10_p335_240_893,1.237817645072937,2.0398705005645748,2.405496120452881,1.9369323253631592,2.4322216510772705,2.492283821105957,1.9912540912628172,2.4410929679870605,2.471611499786377,2.7527546882629395,2.563670873641968
SNRdb20_p299_219_893,2.3419301509857178,2.786818742752075,2.8023171424865723,3.0595874786376958,2.7316153049468994,3.233644723892212,2.75945258140564,2.762232780456543,3.0650622844696045,3.0938308238983154,3.132617950439453
SNRdb0_p299_318_926,1.0591483116149902,1.2680038213729858,1.2992920875549316,1.395372748374939,1.3875511884689329,1.4807451963424685,1.2428598403930664,1.2953519821166992,1.4447070360183716,1.3552196025848389,1.4378741979599
SNRdb5_p281_398_926,1.2903544902801514,1.520111918449402,1.5198414325714111,1.5983054637908936,1.615522384643555,1.8496460914611816,1.6354827880859375,1.692832112312317,1.95276403427124,1.7784539461135864,1.5753026008605957
SNRdb10_p299_349_926,1.2416273355484009,1.6328375339508057,2.0209517478942867,2.006103038787842,2.0622434616088867,2.218419075012207,1.6344099044799805,1.7488099336624146,2.2275714874267583,2.249668598175049,2.27819299697876
SNRdb20_p306_083_926,2.308049201965332,2.696058988571167,2.9981863498687744,2.8469667434692383,2.8564774990081787,2.9707417488098145,2.8532397747039795,3.047443628311157,2.9672527313232417,3.0261452198028564,2.793856382369995
SNRdb0_p281_139_930,1.0914236307144165,1.209699630737305,1.2325176000595093,1.1997733116149902,1.3830968141555786,1.3225688934326172,1.1608237028121948,1.249606728553772,1.37166428565979,1.377817153930664,1.3506247997283936
SNRdb5_p343_019_930,1.0817129611968994,1.311174988746643,1.3741127252578735,1.3920894861221311,1.5226309299468994,1.604382038116455,1.3269799947738647,1.483033537864685,1.5898604393005369,1.5610549449920654,1.5480985641479492
SNRdb10_p360_342_930,1.4343881607055664,1.8742380142211916,1.7716559171676636,1.7619063854217532,2.1241321563720703,2.1123297214508057,2.087705373764038,1.802293419837952,1.9158555269241333,1.9567320346832275,2.139044523239136
SNRdb20_p281_414_930,1.752063512802124,1.7950968742370603,1.8398890495300293,2.288801908493042,1.982419490814209,2.286017179489136,2.267373561859131,2.385161876678467,2.2630763053894043,2.4120571613311768,2.2861294746398926
SNRdb0_p343_087_956,1.050451159477234,1.1959795951843262,1.5360846519470217,1.2138950824737549,1.1656562089920044,1.2514219284057615,1.1670124530792236,1.1083968877792358,1.234966516494751,1.510989785194397,1.5371880531311035
SNRdb5_p251_356_956,1.056248903274536,1.1795154809951782,1.2146188020706177,1.2246370315551758,1.2522921562194824,1.290191650390625,1.1502747535705566,1.1682947874069214,1.1873842477798462,1.2855864763259888,1.2605339288711548
SNRdb10_p360_084_956,1.265697360038757,1.3885228633880615,1.3374781608581543,1.5869460105895996,1.6158528327941897,1.5018365383148191,1.4170191287994385,1.3789809942245483,1.4222792387008667,1.642395257949829,1.6332812309265137
SNRdb20_p299_364_956,2.083212375640869,2.702730655670166,2.99381685256958,2.714343309402466,2.89896559715271,2.802476406097412,2.781802177429199,2.7125821113586426,3.029647827148437,3.0017740726470947,2.857109546661377
SNRdb0_p339_007_959,1.3622488975524902,1.9135285615921018,2.2575230598449707,2.1827642917633057,2.197762250900269,2.4876532554626465,1.939893126487732,2.1581387519836426,2.360158681869507,2.352501630783081,2.3204779624938965
SNRdb5_p299_262_959,1.6753907203674316,2.56368088722229,2.785650491714477,2.703261375427246,2.590066432952881,2.6660997867584233,2.431864023208618,2.6548097133636475,2.7301549911499023,2.704977035522461,2.8188054561614986
SNRdb10_p360_169_959,2.4739673137664795,2.619041919708252,2.1815323829650883,3.0236692428588867,3.063349962234497,3.2722866535186768,2.743570327758789,2.608361005783081,2.9104785919189453,2.905771017074585,3.305467367172241
SNRdb20_p298_366_959,3.59205174446106,3.732142686843872,3.454346179962158,3.5613362789154053,3.5662474632263184,3.4169363975524902,3.636801481246948,3.726705312728882,3.756501436233521,3.5575947761535645,3.6172168254852295
SNRdb0_p343_186_977,1.0544923543930054,1.2098044157028198,1.2783100605010986,1.242085576057434,1.2011680603027344,1.446408987045288,1.13231098651886,1.2749955654144287,1.3290446996688845,1.2378389835357666,1.2567005157470703
SNRdb5_p246_050_977,1.2100090980529783,1.4092189073562622,1.5346825122833252,1.4187411069869995,1.9471979141235352,2.026867628097534,1.4073307514190674,1.4546177387237549,1.5133600234985352,1.8461508750915527,1.832164287567139
SNRdb10_p360_201_977,1.621445894241333,1.822681188583374,2.033632040023804,1.865758299827576,2.088125228881836,2.0228092670440674,1.7651691436767578,2.2064661979675293,2.004108667373657,2.233603239059448,1.9002482891082764
SNRdb20_p298_170_977,2.083340167999268,2.485680341720581,2.454803466796875,2.469975471496582,2.5064408779144287,2.404348134994507,2.3574795722961426,2.393477439880371,2.450536012649536,2.5997889041900635,2.4533164501190186
