file_name,pesq noisy,h4d5 trained on all,h8d5 trained on all,h12d5 trained on all,h24d5 trained on all,h48d5 trained on all,h4d5 transfer on tram,h8d5 transfer on tram,h12d5 transfer on tram,h24d5 transfer on tram,h48d5 transfer on tram
SNRdb0_p298_225_1010,1.1447306871414185,1.8658838272094729,1.6738524436950684,1.7157955169677734,1.9313559532165527,2.031501054763794,1.5912353992462158,1.5521833896636963,1.7708754539489746,1.6639604568481443,1.7474617958068848
SNRdb5_p339_212_1010,1.3635624647140503,1.5631308555603027,2.0740315914154053,1.8727333545684812,2.1083838939666752,1.9942905902862549,1.961148023605347,2.2508835792541504,1.8676177263259888,2.31081771850586,1.807406306266785
SNRdb10_p299_278_1010,1.633819580078125,2.965686798095703,3.117899179458618,3.2550263404846187,3.231411457061768,3.2553682327270512,3.1143987178802486,3.147647857666016,3.1857237815856934,3.038790464401245,3.434325218200684
SNRdb20_p306_358_1010,3.0843415260314937,3.175306558609009,3.1584661006927486,3.057915449142456,3.3270766735076904,3.252112627029419,3.050681829452514,3.175220012664795,3.12192964553833,3.219276666641236,2.9892361164093018
SNRdb0_p335_049_1018,1.0919632911682131,1.2452298402786257,1.366376876831055,1.3507875204086304,1.4676430225372314,1.5224761962890625,1.3060885667800903,1.3023464679718018,1.32624614238739,1.4307894706726074,1.4957214593887331
SNRdb5_p298_056_1018,1.279422163963318,1.5314133167266846,1.7271623611450195,1.6476180553436282,1.7702637910842896,1.858949422836304,1.5195572376251218,1.6380212306976318,1.7972874641418457,1.8339316844940183,2.024280309677124
SNRdb10_p343_018_1018,1.3136560916900637,1.9611680507659912,1.9346027374267576,1.911294937133789,2.0707411766052246,1.960387706756592,1.9794992208480835,2.052532434463501,2.1250348091125493,2.0824310779571533,2.1836366653442383
SNRdb20_p339_213_1018,2.34912371635437,2.770081758499145,2.5598180294036865,2.8012444972991943,2.7545437812805176,3.1617910861968994,2.564494132995605,2.943233728408813,3.240553855895996,3.2072107791900635,3.0651841163635254
SNRdb0_p360_313_1059,1.1733399629592896,1.218136429786682,1.2505615949630735,1.1613435745239258,1.2633142471313477,1.2894855737686155,1.1919519901275637,1.2980413436889648,1.176243543624878,1.30882728099823,1.3354060649871826
SNRdb5_p339_212_1059,1.1447243690490725,1.515526533126831,1.5752832889556885,1.6135623455047607,1.5914688110351562,1.6996890306472778,1.349217653274536,1.5446163415908811,1.4110376834869385,1.5102319717407229,1.6284034252166748
SNRdb10_p343_366_1059,1.218706130981445,1.816988587379456,1.7232910394668581,1.6451531648635864,2.1277513504028316,2.263115406036377,1.750538349151611,2.0949513912200928,2.1008193492889404,2.013725757598877,2.2135579586029053
SNRdb20_p246_135_1059,1.8393011093139648,2.240192651748657,2.2225706577301025,2.290029525756836,2.55178165435791,2.6377670764923096,2.367475986480713,2.5182135105133057,2.29086971282959,2.5890204906463623,2.668219804763794
SNRdb0_p299_251_1061,1.5445520877838137,2.925655603408813,2.774423837661743,2.79070258140564,1.9697613716125488,3.14851975440979,3.0485625267028813,2.610429048538208,3.1165201663970947,2.368878126144409,2.3045339584350586
SNRdb5_p298_185_1061,1.8010683059692385,3.0425424575805664,3.0743393898010254,3.022552490234375,3.1132326126098637,3.207818031311035,3.1972496509552,3.2554657459259038,3.479137420654297,3.1915819644927983,3.196155071258545
SNRdb10_p298_343_1061,2.493812561035156,3.1868417263031006,3.1089344024658203,3.190785646438598,3.4629769325256348,3.47853946685791,3.2539958953857417,3.3270387649536133,3.1398041248321533,3.24927020072937,3.1894545555114746
SNRdb20_p343_106_1061,1.652138352394104,3.501255989074707,3.3959105014801025,3.222230672836304,3.66086483001709,3.615128993988037,3.4013369083404537,3.66148853302002,3.5526120662689213,3.6331250667572017,3.624827146530152
SNRdb0_p299_349_1068,1.1764860153198242,1.6330609321594238,1.967671275138855,1.8392691612243648,2.146465539932251,2.585785150527954,2.104818105697632,2.3016483783721924,2.3329145908355717,2.336298942565918,2.8574619293212886
SNRdb5_p306_119_1068,1.2813299894332886,2.178398609161377,2.147701978683472,2.0608296394348145,2.2610151767730717,2.70393705368042,2.4303252696990967,2.654338121414185,2.5742816925048833,2.515154838562012,2.806485652923584
SNRdb10_p303_344_1068,1.4190596342086792,2.372584581375122,2.900853395462036,2.464447021484375,2.828366041183472,2.9785997867584233,2.8356051445007324,3.293348550796509,3.084925889968872,2.945836305618286,3.168566465377808
SNRdb20_p281_227_1068,3.4490790367126465,2.952538251876831,2.8145787715911865,3.0114998817443848,3.1107823848724365,2.7486867904663086,3.423151731491089,3.5096888542175293,3.176051378250122,3.5104100704193115,2.6999380588531494
SNRdb0_p281_449_1071,1.1812996864318848,1.1582633256912231,1.1414344310760498,1.124121069908142,1.1660927534103394,1.3816629648208618,1.1849089860916138,1.1397063732147217,1.114587903022766,1.2394509315490725,1.312105655670166
SNRdb5_p281_440_1071,1.3253719806671145,1.2918317317962646,1.3325164318084717,1.2507826089859009,1.3213669061660769,1.4322479963302612,1.2911491394042969,1.3211401700973509,1.3326928615570068,1.3431363105773926,1.4067785739898682
SNRdb10_p281_218_1071,1.6585447788238523,1.8314225673675537,1.653339147567749,1.5964417457580566,1.9539525508880613,2.054750680923462,1.8067729473114011,1.8422232866287231,2.039783239364624,1.815338373184204,2.026804685592652
SNRdb20_p303_018_1071,2.1956942081451416,2.3700859546661377,2.573190927505493,2.681903839111328,2.6063992977142334,2.9641594886779785,2.6965789794921875,3.0479190349578857,2.894619464874268,2.9600675106048584,2.990186929702759
SNRdb0_p281_262_1082,1.283565878868103,2.0508346557617188,2.0006814002990723,1.935309648513794,2.045816421508789,2.0362069606781006,1.8848450183868408,2.184866428375244,2.1398050785064697,2.30712890625,2.025958299636841
SNRdb5_p306_319_1082,1.2599008083343506,1.7633333206176758,1.9189870357513428,2.0780954360961914,2.1937954425811768,1.9685688018798828,2.1623282432556152,2.1071956157684326,1.9988491535186768,2.0456347465515137,1.7379910945892334
SNRdb10_p306_199_1082,1.6577669382095337,2.798736095428467,3.2315897941589355,2.981087446212769,3.2087326049804688,3.270117282867432,3.1301109790802,3.4642314910888667,3.2480902671813965,3.2675046920776367,2.8923652172088623
SNRdb20_p299_147_1082,2.2414896488189697,3.456681251525879,3.525822401046753,3.4972634315490723,3.8250808715820312,3.7268922328948975,3.693772554397583,3.820883512496948,3.830890655517578,3.618319749832153,3.175621509552002
SNRdb0_p249_244_1085,1.0497125387191772,1.1341514587402344,1.1738115549087524,1.1758596897125244,1.1930398941040041,1.2347992658615112,1.1564078330993652,1.21110737323761,1.2170010805130005,1.1258666515350342,1.2886450290679932
SNRdb5_p281_448_1085,1.1423087120056152,1.1990913152694702,1.2497396469116209,1.2162929773330688,1.2592819929122925,1.3889282941818235,1.2635488510131836,1.296684503555298,1.23289155960083,1.3176491260528564,1.3585349321365356
SNRdb10_p335_406_1085,1.2599177360534668,1.426931619644165,1.714439868927002,1.746073603630066,1.7912938594818115,1.9291338920593264,1.4839718341827393,1.7160604000091553,1.7013607025146484,1.7762099504470823,1.90488862991333
SNRdb20_p303_120_1085,1.9970786571502688,2.11743426322937,2.377100706100464,2.6647777557373047,2.4346365928649902,2.479748010635376,2.387357234954834,2.8300907611846924,2.8652465343475337,2.469803094863892,2.601952314376831
SNRdb0_p343_260_1119,1.1751606464385986,1.5723328590393066,1.7466797828674316,1.7214484214782717,1.9469404220581052,2.2183797359466557,1.5568437576293943,2.304521083831787,2.1672334671020512,1.6655933856964111,1.9242212772369385
SNRdb5_p246_224_1119,1.2605204582214355,1.6910964250564575,1.8698692321777344,1.8585472106933596,1.9515156745910645,2.272713184356689,2.144651174545288,2.325658082962036,2.4232935905456543,2.3194997310638428,2.6791374683380127
SNRdb10_p281_007_1119,1.8823399543762207,2.21891188621521,1.736126184463501,2.224839687347412,2.3313922882080083,2.338740587234497,2.0647730827331543,2.1294424533843994,2.406191825866699,2.343454360961914,2.427828788757324
SNRdb20_p281_446_1119,2.9212772846221924,2.5333251953125,3.1000142097473145,2.9213404655456543,2.9501376152038574,2.803186416625977,2.8801112174987797,3.2036635875701904,2.7074363231658936,3.1218628883361816,2.538268804550171
SNRdb0_p251_212_1134,1.156200289726257,1.4981071949005127,1.5410048961639404,1.4284822940826416,1.4611735343933103,1.986299991607666,1.447005033493042,1.660329818725586,1.4983382225036619,1.5351271629333496,1.6021859645843506
SNRdb5_p281_403_1134,1.5415451526641846,1.7153158187866209,1.7144477367401123,1.6401515007019043,2.0273196697235107,1.5457291603088381,1.663832426071167,1.5875144004821775,1.8038651943206787,1.7651584148406982,1.660400152206421
SNRdb10_p281_007_1134,1.939410924911499,2.083077907562256,1.719197392463684,2.0934805870056152,2.1597003936767583,2.455822229385376,1.9337320327758791,2.0068187713623047,2.172326803207397,2.159604787826538,2.290015697479248
SNRdb20_p360_263_1134,2.9742734432220463,3.0638213157653813,3.047523498535156,3.0169100761413574,2.8229646682739262,2.8165745735168457,2.855387687683105,2.2712526321411133,3.225103616714477,3.0585432052612305,3.014379501342773
SNRdb0_p360_161_1136,1.709017992019653,2.8034539222717285,2.694162368774414,2.737431049346924,2.8648478984832764,2.8726630210876465,2.9051525592803955,3.2205841541290283,3.0545651912689213,2.6500244140625,3.119288921356201
SNRdb5_p298_288_1136,2.216435670852661,3.343510627746582,3.291917085647583,3.187272310256958,3.484591245651245,3.4061532020568848,3.4146604537963867,3.391710996627808,3.403144121170044,3.4925057888031006,3.4683504104614262
SNRdb10_p303_344_1136,1.552266001701355,2.4250614643096924,3.0164053440093994,2.4875264167785645,2.8919968605041504,3.121022939682007,2.77024245262146,3.299767255783081,3.101045846939087,2.9556243419647217,3.282801866531372
SNRdb20_p343_087_1136,3.998663902282715,3.841774940490722,3.5819170475006104,3.4282605648040767,3.9743692874908447,3.8342671394348153,3.915383338928223,3.751754999160767,3.7676656246185294,3.7873783111572266,3.5649442672729488
SNRdb0_p306_246_1139,1.18005108833313,1.5904645919799805,1.6990799903869631,1.5309631824493408,1.7148232460021973,1.9414139986038208,1.5008809566497805,1.5232009887695312,1.5568652153015137,1.6789608001708984,1.7676956653594968
SNRdb5_p303_130_1139,1.2539517879486084,1.4511282444000244,1.4415314197540283,1.4097402095794678,1.4675073623657229,1.4969583749771118,1.4156622886657717,1.3913257122039795,1.4007940292358398,1.439547061920166,1.464982986450195
SNRdb10_p251_104_1139,1.5081498622894287,2.218847274780273,2.027071714401245,2.302894830703736,2.4185726642608643,2.474752187728882,2.160773038864136,2.4686179161071777,2.423346757888794,2.5935428142547607,2.6729981899261475
SNRdb20_p251_024_1139,3.073819637298584,3.0859549045562744,3.052180290222168,3.083566427230835,3.2429659366607666,2.814756155014038,3.0020723342895512,3.4495365619659424,3.115808725357056,3.0784909725189213,2.663291931152344
SNRdb0_p249_269_1143,1.3524620532989502,1.8334004878997805,2.0424580574035645,2.0389370918273926,2.102131128311157,2.0708487033843994,1.9019149541854856,2.046620607376098,2.2712182998657227,2.26785945892334,2.110605001449585
SNRdb5_p303_220_1143,1.401750087738037,1.9323618412017824,2.56322979927063,1.9774866104125977,2.5189883708953857,2.7179741859436035,2.1902303695678706,2.9173772335052486,2.890424966812134,2.7973766326904297,3.1236934661865234
SNRdb10_p343_341_1143,1.6473679542541504,2.9337544441223145,2.968979597091675,3.1769406795501713,3.4440417289733887,3.650099754333496,3.1737058162689213,3.210856437683105,3.202154874801636,3.4304707050323486,3.6066167354583736
SNRdb20_p306_139_1143,1.9185560941696167,3.1559553146362305,3.2745935916900635,2.3976821899414062,3.5160007476806636,2.563126802444458,3.666234254837036,3.4994592666625977,3.669367074966431,3.719924211502075,3.4417798519134517
SNRdb0_p249_024_1146,1.2616885900497437,1.794647216796875,1.89674711227417,1.8223831653594968,2.0295565128326416,2.2111966609954834,2.0200681686401367,2.1764161586761475,2.2696459293365483,2.191405773162842,2.286953926086426
SNRdb5_p249_255_1146,1.650054693222046,1.9671425819396973,2.337502241134644,2.366450786590576,2.2858774662017822,2.424614667892456,2.2545092105865483,2.4019272327423096,2.455920934677124,2.4412283897399902,2.357155561447144
SNRdb10_p335_184_1146,1.8559725284576416,3.0265321731567383,3.0496022701263428,3.127571582794189,2.955175876617432,3.208327054977417,3.3031411170959477,3.3150899410247803,3.1447248458862305,3.252392292022705,3.632770538330078
SNRdb20_p306_119_1146,2.421661853790283,3.2665741443634038,3.4274978637695312,3.2658703327178955,3.3211302757263184,3.564603567123413,3.4316468238830566,3.647853136062622,3.471541404724121,3.515000581741333,3.5906546115875244
SNRdb0_p246_227_117,1.1356908082962036,1.2729997634887695,1.200228929519653,1.2263641357421875,1.291470646858215,1.2728265523910522,1.3083702325820925,1.2572410106658936,1.3031246662139893,1.2494690418243408,1.6556416749954224
SNRdb5_p303_074_117,1.187192440032959,1.6733658313751218,1.7095742225646973,1.7240337133407593,1.5492933988571167,1.8138728141784668,1.6883766651153564,1.8167186975479128,1.7597830295562744,1.77398943901062,1.9874016046524048
SNRdb10_p251_050_117,1.6019296646118164,1.9024659395217896,1.4632391929626465,1.6518923044204712,1.4378278255462646,1.4520028829574585,1.795255184173584,2.238957643508911,2.16055679321289,2.329681396484375,1.7139298915863037
SNRdb20_p306_202_117,2.642380475997925,2.9008495807647705,3.004602193832397,2.984419822692871,3.0049219131469727,3.0108158588409424,2.8697471618652344,2.9380412101745605,3.041093587875366,3.0335259437561035,3.0522115230560303
SNRdb0_p303_087_1178,1.0649449825286863,1.2023627758026123,1.3193626403808594,1.2440792322158811,1.288783073425293,1.344375729560852,1.1717853546142578,1.236889362335205,1.2853357791900637,1.2140465974807741,1.3077232837677002
SNRdb5_p281_151_1178,1.3773398399353027,1.5135774612426758,1.3836655616760254,1.5998342037200928,1.5821666717529297,1.8262878656387331,1.8206701278686523,1.5002431869506836,1.6430890560150146,1.9568941593170168,2.161517143249512
SNRdb10_p281_313_1178,1.5989501476287842,1.5927900075912476,1.465017318725586,1.5332037210464478,1.7258363962173462,2.1417198181152344,1.7283220291137695,1.8642361164093015,1.888589143753052,2.071500062942505,1.77763569355011
SNRdb20_p306_133_1178,2.169085025787353,2.53857159614563,2.8284788131713867,2.7835164070129395,2.358564138412476,2.7770493030548096,2.4174258708953857,2.8545849323272705,2.681663990020752,2.870811462402344,2.472452402114868
SNRdb0_p249_125_1234,1.5534883737564087,2.1498708724975586,2.4128713607788086,2.334805727005005,2.5282323360443115,2.4237420558929443,2.0705521106719966,2.499401807785034,2.355203628540039,2.3224709033966064,2.423671245574951
SNRdb5_p249_340_1234,1.6741578578948977,2.3437891006469727,2.346036195755005,2.479051113128662,2.429629325866699,2.6443960666656494,2.442406415939331,2.5414905548095703,2.543839454650879,2.50716233253479,2.627588987350464
SNRdb10_p343_389_1234,1.7145671844482422,2.9294006824493413,3.006007432937622,2.986755847930908,3.0917646884918213,3.428870677947998,2.8264555931091313,3.1634247303009038,3.1169426441192627,2.8704929351806636,3.1776583194732666
SNRdb20_p360_005_1234,3.151650667190552,2.628652334213257,2.5724658966064453,3.376763105392456,2.4429757595062256,2.9809787273406982,2.9719786643981934,3.0988869667053223,3.45444393157959,3.1255438327789307,2.9866621494293213
SNRdb0_p339_389_1237,1.2157657146453855,1.7132998704910278,1.876136779785156,1.7595129013061523,1.968315601348877,2.185973882675171,1.9310617446899412,1.9288678169250488,2.03898024559021,2.0021655559539795,2.200691938400269
SNRdb5_p251_270_1237,1.4301447868347168,1.987845540046692,2.0371010303497314,1.9161393642425537,2.296396017074585,2.319509744644165,2.215459108352661,2.564161777496338,2.413982629776001,2.404791116714477,2.555999755859375
SNRdb10_p360_191_1237,2.2841360569000244,3.074439287185669,2.986048698425293,2.837652921676636,3.26008677482605,3.228856325149536,3.1447751522064213,2.983189344406128,3.1077086925506587,3.17433762550354,3.373013019561768
SNRdb20_p306_086_1237,2.8781306743621826,3.1558005809783936,3.2516176700592037,3.2598392963409424,3.3849360942840576,3.193013429641724,3.292079448699951,3.4172356128692627,3.402032852172852,3.3524186611175537,2.6078417301177983
SNRdb0_p360_243_1240,1.1527824401855469,1.272341012954712,1.280482292175293,1.2723207473754885,1.4037383794784546,2.0917987823486333,1.3911739587783811,2.080822706222534,1.6075081825256348,1.9667153358459477,1.9283157587051392
SNRdb5_p343_204_1240,1.3165124654769895,1.6882866621017456,1.4879480600357056,2.073917388916016,1.7423179149627686,2.706123352050781,1.6185064315795898,1.9435920715332031,2.2054946422576904,1.8568968772888184,2.0894930362701416
SNRdb10_p360_275_1240,1.9675703048706052,2.560464859008789,2.6830496788024902,2.6183292865753174,2.8701486587524414,2.7986087799072266,2.891892194747925,2.7609002590179443,2.812060832977295,2.9530045986175537,2.8107340335845947
SNRdb20_p249_139_1240,3.1702272891998287,3.4520468711853027,3.264510154724121,3.414437294006348,3.4012393951416016,3.309171438217163,3.3752574920654297,3.4757614135742188,3.725275039672852,3.4784204959869385,3.4105591773986816
SNRdb0_p281_305_1277,1.1661518812179563,1.1840683221817017,1.129833459854126,1.174905776977539,1.2075074911117554,1.2802107334136963,1.1944328546524048,1.2862086296081543,1.1975078582763672,1.3445173501968384,1.4045858383178709
SNRdb5_p298_282_1277,1.1583993434906006,1.276343822479248,1.4187607765197754,1.387500524520874,1.4264612197875977,1.86032509803772,1.4165180921554563,1.3756463527679443,1.650146245956421,1.5132050514221191,1.934965968132019
SNRdb10_p299_307_1277,1.2683874368667605,2.430773973464966,2.748164176940918,2.3985259532928467,2.650949239730835,2.656835556030273,2.419734477996826,2.682149648666382,2.677699327468872,2.55726170539856,2.7039568424224854
SNRdb20_p306_137_1277,1.9156901836395264,2.447117567062378,2.6892077922821045,2.975799560546875,2.689427614212036,2.9287416934967037,2.4199979305267334,2.969654083251953,2.9812843799591064,2.9162631034851074,2.585397720336914
SNRdb0_p339_320_1294,1.1490637063980105,1.396668553352356,1.318978786468506,1.4005489349365234,1.3258919715881348,1.706662654876709,1.4403190612792969,1.424893140792847,1.429110050201416,1.4897985458374023,1.9417507648468015
SNRdb5_p281_151_1294,1.298109531402588,1.341891527175903,1.327887773513794,1.4512240886688232,1.4600059986114502,1.848559617996216,1.5930216312408447,1.4202443361282349,1.4688591957092283,1.6292884349822998,2.0353538990020748
SNRdb10_p306_284_1294,1.3787801265716553,2.074495792388916,2.27720308303833,2.1057386398315434,2.333091735839844,2.1395511627197266,2.0327651500701904,2.0462198257446294,2.1537885665893555,2.4538249969482417,2.193052053451538
SNRdb20_p299_386_1294,2.3021461963653564,2.745413064956665,2.6810932159423833,2.843348503112793,2.8290996551513667,3.0441803932189937,2.8900697231292725,3.009352207183838,2.9597463607788086,3.0246150493621826,3.2487366199493413
SNRdb0_p299_287_1301,1.2991864681243896,1.419233322143555,1.8995922803878784,1.489965319633484,2.0156605243682857,1.8231489658355715,1.813008427619934,1.8263533115386963,1.877199649810791,1.813455581665039,1.8625857830047607
SNRdb5_p249_024_1301,1.6372458934783936,2.435535192489624,2.5318067073822017,2.5621821880340576,2.623948097229004,3.0047056674957275,2.303300142288208,2.685415029525757,2.8847579956054688,2.640300750732422,2.888073444366455
SNRdb10_p249_262_1301,2.218455076217652,2.900954008102417,3.0385406017303467,2.9744644165039062,3.031335830688477,3.5162668228149414,3.314450025558472,3.1744093894958496,3.4817025661468506,3.246598958969116,3.2936577796936035
SNRdb20_p343_090_1301,2.1032299995422363,3.559105634689331,3.402149200439453,3.3374781608581543,3.329753160476685,3.139669179916382,3.522759199142456,3.318732023239136,3.3438761234283447,3.643708229064941,1.924916386604309
SNRdb0_p299_093_1309,1.2702711820602417,1.5467777252197266,2.361133337020874,1.6389901638031006,2.204612493515014,2.636784076690674,2.027433156967163,2.147815704345703,2.1970438957214355,2.1459393501281743,2.0827469825744633
SNRdb5_p360_387_1309,1.751337647438049,2.4498577117919917,2.4414877891540527,2.280728340148926,2.658498764038086,2.4068925380706787,2.65278959274292,2.804400682449341,2.665332317352295,2.670095443725586,2.37874698638916
SNRdb10_p299_396_1309,1.612800121307373,2.4801483154296875,2.6221942901611333,2.543255090713501,2.9201657772064213,2.933220624923706,2.734896421432495,2.825662851333618,2.811455249786377,2.477140188217163,2.9203639030456543
SNRdb20_p339_392_1309,1.770559310913086,3.446934223175049,3.056315660476685,3.152012825012207,3.2816483974456787,3.3907041549682617,3.2846035957336426,3.392882823944092,3.6298828125,3.467716932296753,3.56631851196289
SNRdb0_p299_300_134,1.1178245544433594,1.1416088342666626,1.278042197227478,1.3882750272750854,1.4632837772369385,1.5458412170410156,1.2848635911941528,1.376426339149475,1.3635108470916748,1.2377870082855225,1.4224807024002075
SNRdb5_p249_132_134,1.127558708190918,1.3444921970367432,1.461328625679016,1.4169160127639768,1.7807928323745728,1.7572178840637207,1.3741066455841064,1.487957239151001,1.3557875156402588,1.546683430671692,1.5666873455047607
SNRdb10_p281_181_134,1.3915058374404907,1.4848678112030032,1.4521025419235232,1.4808564186096191,1.5196232795715332,1.619922399520874,1.32589852809906,1.6115522384643557,1.405611872673035,1.4760313034057615,1.8448045253753664
SNRdb20_p360_018_134,1.9722602367401123,2.309638023376465,2.448029041290283,2.3935072422027592,2.4091122150421143,2.94968581199646,2.295881986618042,2.2754409313201904,2.38513731956482,2.3956127166748047,2.532684087753296
SNRdb0_p246_172_1343,1.5011053085327148,2.235191345214844,1.8669593334198,2.1586959362030034,2.354196786880493,2.412616014480591,2.895176649093628,2.5844643115997314,2.79888129234314,2.620490312576294,2.9252851009368896
SNRdb5_p281_296_1343,2.0877251625061035,2.6092915534973145,2.7630751132965092,2.7371904850006104,2.660684108734131,2.7383337020874023,3.0061848163604736,3.0156657695770264,2.9635558128356934,2.7683031558990483,2.6305088996887207
SNRdb10_p281_440_1343,2.7469313144683842,2.5879948139190674,2.215778589248657,2.413234233856201,2.301806926727295,2.242154598236084,2.4120125770568848,2.1771671772003174,2.3259530067443848,2.2806291580200195,2.111765146255493
SNRdb20_p306_115_1343,3.153865337371826,3.524021625518799,3.4848670959472656,3.3130815029144287,3.5345940589904785,3.540470600128174,3.696953773498535,3.554892539978028,3.712064027786255,3.618309736251831,3.27701997756958
SNRdb0_p249_160_1357,1.0946590900421145,1.5146927833557131,1.7178502082824707,1.6646435260772705,1.7594621181488037,1.896465539932251,1.5097036361694336,1.6876115798950195,1.5870494842529297,1.7314925193786619,1.72369647026062
SNRdb5_p339_110_1357,1.2579201459884644,2.430440664291382,2.403834342956543,2.4445171356201167,2.8283987045288086,2.5068225860595703,2.241251230239868,2.571352958679199,2.5941805839538574,2.503331184387207,2.8464701175689697
SNRdb10_p298_300_1357,2.184060573577881,2.485005140304565,2.7090768814086914,2.7729816436767583,2.721348762512207,2.9289014339447017,2.565802335739136,2.4445316791534424,2.625854015350342,2.652930736541748,2.733627796173096
SNRdb20_p246_260_1357,2.8784584999084477,3.356099367141724,3.1748082637786865,3.232796669006348,3.530411720275879,3.1113853454589844,3.4395511150360107,3.1754539012908936,3.1186769008636475,3.2547996044158936,2.8182828426361084
SNRdb0_p246_227_136,1.3530775308609009,1.608144998550415,1.6039607524871826,1.8528900146484373,1.9920754432678225,2.0162420272827153,1.612396001815796,1.7807168960571291,1.8426276445388796,1.9027626514434812,1.9864110946655276
SNRdb5_p249_208_136,1.4751466512680054,2.0365152359008794,2.002926588058472,2.068310499191284,2.17850923538208,2.34707260131836,1.9829443693161009,2.063315868377685,2.0575883388519287,2.3635098934173584,2.090853214263916
SNRdb10_p306_111_136,1.2874990701675415,1.7284083366394043,1.9429726600646973,1.9584465026855469,2.0317122936248784,2.6167433261871342,1.9766147136688232,1.9672400951385496,2.6085197925567627,2.48130202293396,2.45332145690918
SNRdb20_p335_096_136,2.9746782779693604,3.285374402999878,3.391728401184082,3.2803099155426025,2.9832472801208496,3.5971279144287114,3.2761921882629395,3.5658726692199707,3.742740869522095,3.524977922439575,3.554383516311645
SNRdb0_p303_203_1368,1.0821728706359863,1.3540936708450315,1.470653772354126,1.5275685787200928,1.6166728734970093,1.6205650568008425,1.5379487276077268,1.5617475509643557,1.4856024980545044,1.6504942178726196,1.71291184425354
SNRdb5_p299_024_1368,1.3284332752227783,2.034325122833252,2.211966037750244,2.1414539813995357,2.3954825401306152,2.4828484058380127,1.890503168106079,2.1685743331909184,2.1849148273468018,2.3669323921203613,2.517173290252685
SNRdb10_p299_247_1368,1.715792179107666,2.5162982940673833,2.594209909439087,2.5856614112854004,2.596344232559204,2.7406253814697266,2.483271360397339,2.5261571407318115,2.3873753547668457,2.5257716178894043,2.552906990051269
SNRdb20_p303_120_1368,2.4453258514404297,2.6878762245178223,3.0772368907928467,3.1348252296447754,2.9784460067749023,2.886425495147705,3.4489743709564213,3.4297823905944824,3.4482500553131104,3.572641134262085,3.156233072280884
SNRdb0_p306_147_1373,1.0383399724960327,1.1910076141357422,1.2274270057678225,1.2184545993804932,1.20599365234375,1.3305193185806274,1.1757400035858154,1.217668056488037,1.2175920009613037,1.202056646347046,1.3587024211883545
SNRdb5_p335_259_1373,1.2595788240432741,1.5507347583770752,1.819828510284424,1.7737312316894531,1.9652122259140012,2.0569326877593994,1.7205085754394531,1.7352895736694336,1.8692421913146973,1.9019454717636108,2.1012656688690186
SNRdb10_p298_162_1373,1.7320549488067627,1.8999402523040767,2.3064382076263428,2.0328474044799805,2.4116244316101074,2.320669412612915,2.0645251274108887,2.1917994022369385,2.3868205547332764,2.5405747890472408,2.6840929985046387
SNRdb20_p246_320_1373,2.490036725997925,2.829766273498535,2.8432304859161377,2.840714454650879,3.0975899696350098,3.0871741771698,3.008244752883911,2.852731466293335,3.092311143875122,3.171251058578491,2.884565591812134
SNRdb0_p360_131_1386,1.0931985378265379,1.17554771900177,1.2130239009857178,1.2970468997955322,1.2555865049362185,1.316558837890625,1.2341272830963137,1.3328105211257937,1.322024703025818,1.3272448778152466,1.35319983959198
SNRdb5_p306_018_1386,1.1699299812316897,1.5609557628631592,1.6404197216033936,1.6733827590942385,1.8185572624206543,1.822051286697388,1.6244865655899048,1.7696774005889893,1.8186798095703125,1.8386073112487795,2.0806400775909424
SNRdb10_p306_219_1386,1.3058401346206665,1.976040363311768,1.9398043155670168,2.1782686710357666,2.3750219345092773,2.24000883102417,2.133276462554932,2.3131778240203857,2.287428379058838,2.3102543354034424,1.9256870746612549
SNRdb20_p335_043_1386,2.0431277751922607,2.756542921066284,2.7048025131225586,2.9426250457763667,2.509460926055908,2.935257196426392,2.985743284225464,3.100683689117432,2.941295623779297,3.06369423866272,3.0672760009765625
SNRdb0_p343_291_1393,1.1418555974960327,1.5553975105285645,1.7251918315887451,1.640406370162964,2.216317653656006,2.3953120708465576,2.1889097690582275,2.5418951511383057,2.5235931873321533,2.455509662628174,2.45766830444336
SNRdb5_p246_278_1393,1.4943010807037354,2.439208507537842,2.3391649723052983,2.446845054626465,2.7562832832336426,2.7750403881073,2.7042951583862305,2.7215850353240967,2.8715531826019287,2.7759568691253658,3.073089599609375
SNRdb10_p246_235_1393,2.9108145236968994,3.1915683746337886,3.1090636253356934,3.074804306030273,3.2864489555358887,3.0406987667083736,3.331416130065918,3.3410441875457764,3.2502262592315674,3.413987398147583,3.167081594467163
SNRdb20_p251_283_1393,3.849563598632813,3.504729747772217,3.560001373291016,3.5416655540466313,3.644481658935547,3.5999572277069087,3.6791083812713614,3.9887866973876953,3.5400378704071045,3.563585996627808,3.5264267921447754
SNRdb0_p303_005_1398,1.034263014793396,1.0750654935836792,1.1198184490203855,1.1110100746154783,1.1432565450668335,1.1917978525161743,1.0903170108795166,1.1131117343902588,1.1497827768325806,1.1409425735473633,1.2382866144180298
SNRdb5_p246_135_1398,1.1533814668655396,1.238728165626526,1.296286940574646,1.3920444250106812,1.4907519817352295,1.5922893285751345,1.2664790153503418,1.3731037378311155,1.5589818954467771,1.6571598052978516,1.7853498458862305
SNRdb10_p246_240_1398,1.7054848670959473,2.1883533000946045,2.369919538497925,2.436569929122925,2.556692361831665,2.4347329139709477,2.398977041244507,2.3537542819976807,2.642481565475464,2.680131196975708,1.9590208530426023
SNRdb20_p246_095_1398,2.0610122680664062,2.444374322891236,2.44763708114624,2.5089306831359863,2.602566957473755,2.817712545394897,2.663440704345703,2.4261929988861084,2.6892805099487305,2.8334136009216313,2.817733764648437
SNRdb0_p246_240_1407,1.194481611251831,1.5331456661224363,1.564868688583374,1.4855908155441284,1.7642221450805664,1.6941695213317869,1.6256444454193115,1.6145756244659424,1.548511266708374,1.6112149953842163,1.6848592758178709
SNRdb5_p303_046_1407,1.0898680686950684,1.4985792636871338,1.675262689590454,1.6279342174530032,1.8677353858947756,1.8973829746246336,1.533641338348389,1.7310101985931396,1.7886724472045898,1.8110653162002563,1.8127459287643437
SNRdb10_p298_019_1407,1.3056219816207886,1.3806111812591553,1.5731085538864136,1.4523271322250366,1.6230649948120115,1.889068365097046,1.3949867486953735,1.68588387966156,1.6725614070892334,1.803424835205078,1.8702874183654783
SNRdb20_p335_161_1407,2.2208988666534424,2.9617345333099365,3.000779867172241,3.153433561325073,2.445058584213257,2.412546396255493,3.033137559890747,2.978340148925781,3.11198091506958,3.2142853736877437,3.1255624294281006
SNRdb0_p299_381_1422,1.5148489475250244,2.764317512512207,2.766324520111084,2.65744686126709,3.070922374725342,3.1021268367767334,3.0088601112365723,3.070042371749878,3.0784904956817627,3.2047717571258545,3.19131088256836
SNRdb5_p246_271_1422,1.949249505996704,2.739403486251831,2.485893726348877,2.547481060028076,2.7233710289001465,2.8111162185668945,2.988884687423706,2.8655321598052983,2.8868215084075928,2.930147647857666,3.0409862995147705
SNRdb10_p335_360_1422,1.7237260341644287,3.0763978958129883,3.0886766910552983,3.155027151107788,3.1267073154449463,3.498532056808472,3.335367441177368,3.3150484561920166,3.3097615242004395,3.310765504837036,3.5300786495208736
SNRdb20_p298_047_1422,3.4105641841888428,3.199352264404297,3.19047474861145,3.1618752479553223,2.9784526824951167,2.970259666442871,3.546742677688598,3.2933750152587886,3.231462240219116,3.478934526443481,2.674834012985229
SNRdb0_p339_265_1490,1.1790117025375366,1.3928828239440918,1.337127685546875,1.378331422805786,1.389279842376709,2.306538343429565,1.7906227111816406,1.959918975830078,1.5222598314285278,1.4490606784820557,2.401275157928467
SNRdb5_p343_267_1490,1.2789506912231443,1.389441728591919,1.734499216079712,1.6627167463302612,1.7053420543670654,2.059520483016968,1.5475802421569824,2.111096143722534,2.288319826126098,2.0652668476104736,2.277782917022705
SNRdb10_p360_112_1490,1.3706892728805542,1.6796507835388184,1.7461793422698977,1.7570948600769043,1.5377309322357178,2.435183525085449,1.8323569297790527,2.1917436122894287,2.5087354183197017,2.498267650604248,2.5765576362609863
SNRdb20_p303_300_1490,2.711540937423706,3.116538524627685,2.801271915435791,3.109938859939575,3.2385900020599365,3.213045597076416,3.222480297088623,3.287102222442627,3.22623610496521,3.2991321086883545,3.33929443359375
SNRdb0_p335_085_15,1.2114207744598389,1.6303508281707764,1.8383123874664309,1.6713821887969968,1.749356985092163,1.746842622756958,2.0079779624938965,1.945106029510498,1.803591251373291,2.691158533096313,2.9727141857147217
SNRdb5_p306_218_15,1.1940734386444092,2.0056717395782466,2.164770603179932,2.18721342086792,2.0420258045196533,2.1777324676513667,2.44532322883606,2.529543161392212,2.5082719326019287,2.475087881088257,2.6700563430786133
SNRdb10_p298_264_15,1.8856942653656008,3.1525421142578125,3.2777888774871826,3.1297709941864014,3.0794496536254883,3.3353495597839355,3.2324960231781006,3.3997974395751958,3.330695152282715,3.2624197006225586,3.4277303218841557
SNRdb20_p249_125_15,2.8359076976776123,3.2398622035980225,3.34674072265625,3.180426359176636,3.4571075439453125,3.3238511085510254,3.3375556468963623,3.364466428756714,3.45424747467041,3.412818431854248,3.227669715881348
SNRdb0_p339_277_1509,1.1570370197296145,1.34322988986969,1.40787935256958,1.3973976373672483,1.461284637451172,1.5263888835906982,1.527017593383789,1.3961019515991209,1.4081525802612305,1.4984420537948608,1.510875582695007
SNRdb5_p246_210_1509,1.3897724151611328,1.8081333637237549,1.9589719772338867,2.015038251876831,2.34639310836792,2.3329176902771,1.904822945594788,2.2310004234313965,2.1107609272003174,2.1195762157440186,2.4562222957611084
SNRdb10_p335_141_1509,1.4172563552856443,2.0710191726684566,2.1237101554870605,2.085432767868042,2.0724380016326904,2.4713327884674072,2.135373830795288,2.2349283695220947,1.8280744552612305,1.623868107795715,2.8042771816253658
SNRdb20_p339_340_1509,1.6561943292617798,2.7878220081329346,2.8446953296661377,3.020782947540283,2.872763633728028,3.143406867980957,2.880749225616455,3.1309659481048584,3.064941883087158,3.028212785720825,3.208469867706299
SNRdb0_p303_282_1514,1.822165369987488,2.717826128005981,3.0869507789611816,2.876652240753174,3.0688412189483643,3.0241489410400386,2.7583961486816406,3.352880477905273,3.3851027488708496,2.9033451080322266,3.3792412281036377
SNRdb5_p335_182_1514,1.2166398763656616,1.4992890357971191,1.7777960300445557,1.9531821012496948,2.150047063827514,1.7798192501068115,2.060971975326538,2.2613415718078613,2.0445489883422847,2.2617621421813965,1.976864218711853
SNRdb10_p306_351_1514,1.8872051239013672,2.0760836601257324,2.626997709274292,2.7985765933990483,2.809414863586426,2.432747364044189,2.264702796936035,2.9051921367645264,2.627239465713501,2.840828418731689,2.469658374786377
SNRdb20_p339_182_1514,1.7316709756851196,3.18851900100708,3.4501240253448486,3.31877064704895,3.362727403640747,3.457415580749512,3.654316902160645,3.5792276859283447,3.648331642150879,3.462303638458252,3.5157575607299805
SNRdb0_p335_048_1526,1.1490684747695925,1.4704523086547852,1.6424530744552612,1.5006632804870603,2.1532127857208248,1.9659305810928345,1.5365657806396484,1.603499174118042,1.4600255489349363,1.553500413894653,1.5624427795410156
SNRdb5_p303_220_1526,1.2973740100860596,1.8473386764526367,1.8821468353271484,1.8379869461059568,2.1374654769897456,2.601304292678833,2.569338321685791,2.292405605316162,2.745200157165528,2.4723610877990723,2.8201937675476074
SNRdb10_p360_342_1526,1.6599326133728027,2.5460216999053955,2.501934051513672,2.775960683822632,2.5655791759490967,3.219222068786621,3.0416147708892822,3.0916941165924072,2.929771900177002,2.968501329421997,3.1665217876434326
SNRdb20_p246_311_1526,2.714568853378296,3.0323517322540283,3.0209565162658687,2.840425729751587,2.753322124481201,3.1869182586669917,3.096612930297852,3.2013251781463623,3.181793689727783,3.1994388103485107,3.1498627662658687
SNRdb0_p298_120_1535,1.2527332305908203,1.820695638656616,1.8800194263458248,1.9033148288726809,1.9146978855133057,2.2154881954193115,1.797923564910889,1.7935361862182615,2.2515344619750977,2.196448564529419,2.486825466156006
SNRdb5_p303_202_1535,1.3957644701004028,2.452800035476685,2.8189623355865483,2.6400086879730225,2.5984561443328857,2.3786370754241943,2.568690538406372,2.5409867763519287,2.539022445678711,2.694493770599365,2.5603313446044917
SNRdb10_p343_093_1535,1.4505881071090698,2.545591115951538,2.8098862171173096,2.9139187335968018,2.955127954483032,3.0309433937072754,2.4862797260284424,2.9995133876800537,2.9285287857055664,2.9986932277679443,3.0853791236877437
SNRdb20_p249_203_1535,3.0841283798217773,3.347041368484497,3.3457741737365723,3.4765114784240723,3.3708012104034424,3.2716550827026367,3.46695876121521,3.487378597259521,3.521758556365967,3.480376720428467,3.311870574951172
SNRdb0_p251_136_1536,1.0630344152450562,1.1910393238067627,1.222131848335266,1.2321083545684814,1.2679688930511477,1.2763078212738037,1.179564118385315,1.2930362224578855,1.3572142124176023,1.2563165426254272,1.370884895324707
SNRdb5_p303_083_1536,1.1358065605163574,1.521904706954956,1.536792874336243,1.6642298698425293,1.5824809074401855,1.7492113113403318,1.5450336933135986,1.7476869821548462,1.8170424699783323,1.717993974685669,1.6911401748657229
SNRdb10_p303_288_1536,1.3611197471618652,2.0024549961090092,2.4762952327728267,2.1938412189483643,2.405469417572021,2.51425576210022,2.0825223922729488,2.457489013671875,2.2941794395446777,2.268516063690185,2.432199001312256
SNRdb20_p251_327_1536,2.377551794052124,2.437105655670166,2.566185712814331,2.7604987621307373,2.557511568069458,2.785736560821533,2.4343392848968506,2.680623769760132,2.911362409591675,2.913820505142212,2.987910032272339
SNRdb0_p339_046_1537,1.1316444873809814,1.365739107131958,1.4427835941314695,1.3833811283111572,1.394502878189087,1.469627857208252,1.2797870635986328,1.3880398273468018,1.411672830581665,1.3922677040100098,1.5091390609741209
SNRdb5_p360_143_1537,1.5979182720184326,1.584994196891785,1.738140344619751,1.6115806102752686,1.5880799293518066,2.0632429122924805,1.6841740608215332,1.64471173286438,1.9200601577758791,1.635181546211243,2.066361665725708
SNRdb10_p281_375_1537,1.7151212692260742,1.7669427394866943,1.643693923950195,1.84063720703125,1.797337770462036,1.9304059743881223,1.920834183692932,1.8848133087158203,2.0050997734069824,1.9639278650283811,1.7275171279907229
SNRdb20_p306_319_1537,2.2570180892944336,2.5045185089111333,2.22221302986145,2.756192684173584,2.6125962734222408,2.2766783237457275,2.489842176437378,2.4707791805267334,2.7746059894561768,2.8952348232269287,1.9401695728302
SNRdb0_p246_271_1553,1.0924210548400881,1.168026328086853,1.2135201692581177,1.2585195302963257,1.2578506469726562,1.4163763523101809,1.328643560409546,1.3642735481262207,1.2503328323364258,1.331865906715393,1.6576285362243652
SNRdb5_p335_182_1553,1.0626250505447388,1.2022747993469238,1.273831486701965,1.2577581405639648,1.5663247108459473,1.5005003213882446,1.216563105583191,1.291212797164917,1.2029592990875244,1.273712396621704,1.6428284645080566
SNRdb10_p339_095_1553,1.17323899269104,2.101124048233032,2.4762985706329346,2.200616836547852,2.6318304538726807,2.7265520095825195,2.0596358776092534,2.339186191558838,2.4846341609954834,2.512840986251831,2.269434690475464
SNRdb20_p246_320_1553,2.5394015312194824,2.9942467212677,2.934247732162476,2.9299232959747314,2.7568767070770264,2.98039174079895,2.7836806774139404,2.826019763946533,2.839828491210937,2.8219711780548096,2.685133457183838
SNRdb0_p281_037_1556,1.3190598487854004,1.41142475605011,1.3749783039093018,1.5224753618240356,1.5255782604217532,1.6644972562789917,1.5034958124160769,1.634511947631836,1.5601541996002195,1.6191846132278442,1.7116518020629885
SNRdb5_p343_140_1556,1.2708393335342407,1.4939638376235962,1.50410795211792,1.463395357131958,1.6033495664596558,1.6082820892333984,1.4743143320083618,1.5995714664459229,1.4763517379760742,1.6214276552200315,1.5991846323013306
SNRdb10_p335_146_1556,1.5275391340255735,2.0873253345489498,2.851924180984497,2.8972868919372563,2.95187783241272,3.080250740051269,3.01273250579834,3.231794834136963,3.1603071689605717,3.136794090270996,3.2561635971069336
SNRdb20_p335_106_1556,2.7778551578521733,3.27616024017334,3.3589391708374023,3.4152703285217285,3.470042943954468,3.0936400890350337,3.1619679927825928,3.651036739349365,3.430095195770264,3.3230888843536377,3.438512325286865
SNRdb0_p251_356_1569,1.0607807636260986,1.1083191633224487,1.1216373443603516,1.1617310047149658,1.1396472454071045,1.1574082374572754,1.1134413480758667,1.1378355026245115,1.1979800462722778,1.1586368083953855,1.1893291473388672
SNRdb5_p343_049_1569,1.2521474361419678,1.6347213983535769,1.7561171054840088,1.6619080305099487,1.7076122760772705,1.802804470062256,1.634182333946228,1.7217519283294678,1.6600875854492188,1.749377965927124,1.7995638847351074
SNRdb10_p246_278_1569,1.3207063674926758,1.6316605806350708,1.8355635404586792,1.7171564102172852,1.836886167526245,2.081258535385132,1.7075719833374023,1.8854892253875728,1.895627737045288,2.146401643753052,2.612218379974365
SNRdb20_p303_344_1569,2.218700408935547,2.9070556163787837,2.9990808963775635,2.91692328453064,3.0971691608428955,2.9647388458251958,2.9118783473968506,3.217738628387451,3.0848121643066406,2.8731310367584233,2.999345541000366
SNRdb0_p303_288_158,1.0826326608657837,1.2339820861816406,1.251570224761963,1.2816399335861206,1.3606369495391846,1.6010563373565674,1.2790770530700684,1.365574598312378,1.4328203201293943,1.3726284503936768,1.5747735500335691
SNRdb5_p335_071_158,1.2204129695892334,1.6434521675109863,1.670351505279541,1.6657090187072754,1.6516928672790527,1.8627506494522093,1.6486250162124634,1.687124490737915,1.6880064010620115,1.7253255844116209,1.7319067716598509
SNRdb10_p360_255_158,1.6720802783966064,1.5781270265579224,1.5282310247421265,1.526519775390625,1.6378512382507324,2.1200590133666988,1.646647572517395,1.6535742282867432,2.00539779663086,2.4345722198486333,2.3817853927612305
SNRdb20_p299_302_158,1.6647193431854248,2.790034294128418,2.934053659439087,3.021808862686157,3.244879961013794,3.3887972831726074,3.1167359352111816,3.2799692153930664,3.4503657817840576,3.427718162536621,3.1980593204498287
SNRdb0_p246_255_159,1.2244012355804443,1.8111259937286377,1.7804613113403318,1.9203736782073972,2.060187578201294,2.1449823379516597,1.9452826976776123,2.1539876461029053,2.2096259593963623,2.06190824508667,2.435506820678711
SNRdb5_p281_455_159,1.438708782196045,2.016202688217163,1.817906618118286,2.4216787815093994,2.4171383380889893,2.661895990371704,2.0327727794647217,2.780390977859497,2.5375008583068848,2.6176073551177983,2.493804454803467
SNRdb10_p360_147_159,1.870507001876831,2.719302177429199,2.8662304878234863,2.622286081314087,3.0727899074554443,2.8299622535705566,3.055065631866455,2.9117164611816406,3.025926351547241,2.9842894077301025,3.1212308406829834
SNRdb20_p339_241_159,1.7497992515563965,3.3870055675506587,3.0912203788757324,2.967515707015991,3.6723670959472656,3.186387062072754,3.268762350082397,3.291908502578736,3.5427155494689937,3.4369051456451416,3.5395538806915283
SNRdb0_p339_074_1590,1.3138355016708374,2.0204572677612305,2.3750379085540767,2.422308921813965,2.3631749153137207,2.727080583572388,2.4779682159423833,2.8748104572296143,2.6254253387451167,2.823446035385132,2.7845594882965092
SNRdb5_p246_315_1590,1.4611101150512695,1.822248458862305,1.580718755722046,1.6781656742095947,1.6890876293182373,1.8914321660995483,2.113973379135132,2.2068886756896973,2.1961803436279297,2.2908260822296143,2.449345111846924
SNRdb10_p246_352_1590,2.043376207351685,2.7270848751068115,2.884328365325928,2.603088140487671,3.001929521560669,2.9388294219970703,3.11521315574646,3.1602780818939213,3.1490144729614262,3.014100790023804,3.118829727172852
SNRdb20_p339_061_1590,3.429909467697144,3.53420639038086,3.5832920074462886,3.437394380569458,3.613791942596436,2.5600526332855225,3.622292041778565,3.739989280700684,3.601682424545288,3.7298412322998047,3.347562551498413
SNRdb0_p298_287_1609,1.1826399564743042,1.7271876335144043,1.9012697935104368,2.0483663082122803,2.4946508407592773,2.511988639831543,2.1386973857879643,2.233382225036621,2.170641660690308,2.2475833892822266,2.4268617630004883
SNRdb5_p246_287_1609,1.5909587144851685,2.3313989639282227,2.5748720169067383,2.498762607574463,2.808199882507324,2.72963547706604,2.6825473308563232,2.99350905418396,2.7444934844970703,2.8902873992919917,1.8523547649383545
SNRdb10_p343_186_1609,1.7131235599517822,1.910852670669556,2.1306283473968506,2.9442598819732666,3.106891632080078,3.285627841949463,2.9086382389068604,3.2326414585113525,3.107619285583496,3.115050792694092,2.977384328842163
SNRdb20_p306_244_1609,2.879148244857788,3.2550020217895512,3.500797748565674,3.4401471614837646,3.5374295711517334,3.2396578788757324,3.3829352855682373,3.5712690353393555,3.455994129180908,3.5545461177825928,3.2993264198303223
SNRdb0_p343_292_179,1.0950567722320557,1.5647220611572266,1.6433624029159546,1.4793705940246582,1.6051888465881348,1.9723975658416748,1.387055516242981,1.589118719100952,1.6149945259094238,1.6060315370559692,1.8969780206680296
SNRdb5_p298_170_179,1.2390297651290894,1.6177752017974854,1.4236778020858765,1.4994059801101685,1.803719162940979,1.7792779207229614,1.5095794200897217,1.6052095890045166,1.5461628437042236,1.7388138771057131,1.7558510303497314
SNRdb10_p251_225_179,1.5360771417617798,2.0751430988311768,2.074634790420532,1.9814813137054443,2.271183490753174,2.4030992984771733,1.9297078847885127,1.9736692905426023,2.305548906326294,2.4125571250915527,2.2187774181365967
SNRdb20_p335_024_179,1.6344444751739502,2.324885129928589,2.541539430618286,2.160489797592163,2.3611981868743896,2.3394525051116943,2.2441418170928955,2.731781482696533,2.483766794204712,2.4847288131713867,2.077168226242065
SNRdb0_p343_191_193,1.1080105304718018,1.2602149248123171,1.5798355340957642,1.3084031343460083,1.6453044414520264,1.9685320854187007,1.4937214851379397,1.7481217384338381,1.6463967561721802,1.719554424285889,1.5449204444885254
SNRdb5_p249_110_193,1.2777622938156128,1.7237378358840942,1.6071171760559082,1.9500932693481443,2.0025982856750493,1.8881775140762331,1.7416672706604004,1.7449378967285156,1.811951160430908,1.83359694480896,2.1190099716186523
SNRdb10_p298_366_193,2.1388943195343018,2.5796549320220947,2.373310089111328,2.5938246250152592,2.741844892501831,2.426284074783325,2.528441429138184,2.459998607635498,2.497797727584839,2.400553941726685,2.78391170501709
SNRdb20_p246_320_193,3.1541574001312256,3.2684905529022217,3.161370277404785,3.381472110748291,3.2228116989135738,3.2603168487548833,3.4558718204498287,3.41741943359375,3.4565300941467285,3.424042224884033,3.133657217025757
SNRdb0_p343_182_215,1.3650808334350586,1.367321491241455,1.8734922409057615,1.366853952407837,1.4549148082733154,1.5570855140686035,2.0937507152557373,2.13196063041687,1.4749698638916016,1.5812764167785645,2.646768093109131
SNRdb5_p306_052_215,1.3820290565490725,2.3452179431915283,2.5209991931915283,2.4930438995361333,2.597473621368408,2.5260305404663086,2.6701364517211914,2.4298579692840576,2.6010363101959233,2.32632827758789,2.1319117546081543
SNRdb10_p335_318_215,1.579791784286499,1.6392180919647217,1.850021719932556,2.7073071002960205,2.643499851226806,1.8366365432739256,2.627285480499268,2.776761531829834,2.738755702972412,2.802035093307495,1.9525399208068848
SNRdb20_p249_034_215,2.9199161529541016,2.6841504573822017,2.447026252746582,2.6362743377685547,2.8244965076446533,3.2371389865875244,2.7250688076019287,2.839630126953125,2.7828378677368164,3.3814210891723637,2.6539831161499023
SNRdb0_p299_375_216,1.0623918771743774,1.1255719661712646,1.239184856414795,1.2181198596954346,1.2786338329315186,1.3617039918899536,1.2160065174102783,1.151484727859497,1.1507257223129272,1.2029881477355957,1.2422679662704468
SNRdb5_p343_199_216,1.136479377746582,1.5419200658798218,1.8353571891784668,1.58836030960083,1.723255634307861,1.7153686285018919,1.498007893562317,1.6536450386047363,1.554514765739441,1.6596888303756714,1.6319849491119385
SNRdb10_p299_385_216,1.1174795627593994,1.3430557250976562,1.8287525177001955,1.6963679790496826,1.866704225540161,1.9352426528930664,1.260526180267334,1.8588925600051882,1.8070287704467771,1.8062567710876465,2.0280919075012207
SNRdb20_p299_312_216,2.0229659080505367,2.5439372062683105,2.2065446376800537,2.3550941944122314,2.6474626064300537,2.5274641513824463,2.35327410697937,2.658304214477539,2.376318454742432,2.588667392730713,2.851374626159668
SNRdb0_p343_093_225,1.3085806369781494,1.536862015724182,1.640949010848999,1.6999845504760742,1.56189227104187,1.6918327808380127,2.1512176990509038,2.5985338687896733,2.3573038578033447,2.622945070266724,2.796086311340332
SNRdb5_p249_018_225,1.4722800254821775,2.1326708793640137,2.1641552448272705,2.3475759029388428,2.464479684829712,2.767828702926636,2.578700304031372,2.641797542572021,2.5893893241882324,2.683577060699463,2.5469846725463867
SNRdb10_p299_062_225,1.5747745037078855,2.925548553466797,3.0485622882843018,2.9113528728485107,3.204707622528076,3.4478850364685063,3.0782778263092037,3.3960678577423096,3.137256860733032,3.2140817642211914,3.3771259784698486
SNRdb20_p281_448_225,2.987921953201294,2.81477689743042,2.6680850982666016,3.178802490234375,3.00274395942688,3.0584216117858887,3.3487763404846187,3.161478281021118,3.283674478530884,3.2237560749053955,2.949073314666748
SNRdb0_p299_292_245,1.2640198469161987,1.932137489318848,2.313530445098877,2.1975393295288086,2.259786367416382,2.506945848464966,1.9324774742126465,2.1160445213317867,2.0625898838043213,2.268904209136963,2.1201796531677246
SNRdb5_p343_007_245,1.2756446599960327,1.6566674709320068,1.9795567989349363,1.820433259010315,2.07318115234375,2.1955721378326416,1.7031495571136477,2.0826578140258794,2.041677236557007,2.059830904006958,2.2096881866455083
SNRdb10_p251_087_245,1.971289873123169,2.666079521179199,2.7364840507507324,2.6445720195770264,2.923619031906128,2.786328792572021,2.8120341300964355,2.8765461444854736,2.7495877742767334,2.765868902206421,2.565253257751465
SNRdb20_p299_093_245,1.6786983013153076,2.677765130996704,3.0516147613525386,2.8729219436645512,3.5360655784606934,3.4999899864196777,3.3419439792633057,3.590427875518799,3.2951488494873047,3.390766143798828,3.822916269302368
SNRdb0_p251_230_292,1.206743836402893,1.6694579124450684,1.7182607650756836,1.8186500072479248,1.7921169996261597,2.0106515884399414,1.9037697315216064,2.087378740310669,2.0704050064086914,1.97576642036438,2.1523160934448238
SNRdb5_p306_083_292,1.5446642637252808,2.593871593475342,2.7673158645629883,2.836963653564453,2.761962652206421,2.873816728591919,2.7585737705230717,3.1750388145446777,3.0689024925231934,2.6480417251586914,2.562936544418335
SNRdb10_p298_204_292,2.177034854888916,2.98990535736084,3.0629398822784424,3.0256989002227783,3.3982808589935303,3.2658112049102783,3.239029884338379,3.391964197158813,3.348573446273804,3.3243210315704346,3.286463022232056
SNRdb20_p306_222_292,3.5192179679870605,3.573484182357788,3.4548616409301762,3.2930223941802983,3.475980520248413,3.5938374996185303,3.7345600128173833,3.769960641860962,3.758971691131592,3.772415399551392,3.279489755630493
SNRdb0_p335_224_33,1.306769847869873,2.369231700897217,2.749844789505005,2.50093936920166,2.5431525707244877,2.93113112449646,2.8833065032958984,3.041693687438965,2.784435987472534,2.8830907344818115,3.0372650623321533
SNRdb5_p303_338_33,1.7017829418182373,2.351181745529175,3.0320241451263428,2.635948896408081,2.9047000408172607,2.888200283050537,3.0102570056915283,3.394891262054444,3.0237123966217037,2.9131038188934326,2.780632972717285
SNRdb10_p335_206_33,1.7150887250900269,2.9058840274810787,2.9850766658782963,2.91876220703125,3.2522618770599365,2.0865962505340576,3.146028995513916,3.4274051189422607,3.2175848484039307,3.234898805618286,2.582836866378784
SNRdb20_p251_112_33,3.3888852596282963,3.2361631393432617,3.299736499786377,3.2079236507415767,3.479332685470581,3.2614333629608154,3.4542827606201167,3.5859596729278564,3.402439832687378,3.404714107513428,3.0685713291168213
SNRdb0_p343_090_353,1.1522271633148191,1.2352192401885986,1.3254669904708862,1.294355392456055,1.3445864915847778,1.3579576015472412,1.2169408798217771,1.8089647293090818,1.3479795455932615,1.2667280435562134,1.8966368436813357
SNRdb5_p335_007_353,1.2612537145614624,1.4977246522903442,1.580925226211548,1.4835127592086792,1.551154851913452,1.6296720504760742,1.549933671951294,1.4691660404205322,2.2178285121917725,1.7122743129730225,1.5731418132781982
SNRdb10_p298_258_353,2.058718204498291,2.7312936782836914,2.8947451114654537,2.936076641082764,2.9517204761505127,2.865740776062012,2.8292145729064937,2.919552087783813,3.079487562179565,2.9986746311187744,3.0631625652313232
SNRdb20_p246_320_353,2.9060604572296143,3.1570963859558105,3.076288938522339,3.19666075706482,3.3282601833343506,3.1602463722229004,3.3844778537750244,3.3205082416534424,3.261913061141968,3.2088439464569087,3.0952091217041016
SNRdb0_p339_212_356,1.0800727605819702,1.1829500198364258,1.1461256742477417,1.2029958963394165,1.2315852642059326,1.146963119506836,1.1260381937026978,1.1535236835479736,1.1276429891586304,1.1924903392791748,1.159541368484497
SNRdb5_p343_186_356,1.155835747718811,1.474161148071289,1.3772729635238647,1.34236478805542,1.5898705720901491,1.537764310836792,1.3631054162979126,1.54889178276062,1.579516887664795,1.5565812587738037,1.5498952865600586
SNRdb10_p343_104_356,1.2932331562042236,1.569448709487915,1.5855507850646973,1.6489672660827637,1.68947434425354,1.903098940849304,1.650216579437256,1.7323834896087646,1.8240189552307131,2.0090537071228027,2.0532121658325195
SNRdb20_p306_185_356,2.2890760898590092,2.520149946212769,2.4997034072875977,2.6117017269134517,2.4935553073883057,2.1861238479614262,2.453636884689331,2.4948761463165283,2.40732216835022,2.647538185119629,2.611283302307129
SNRdb0_p360_147_362,1.2106683254241943,1.2459686994552612,1.2983415126800537,1.295362949371338,1.4153116941452026,1.4285085201263428,1.2996072769165041,1.3419010639190674,1.3330144882202148,1.423750638961792,1.5366742610931396
SNRdb5_p339_389_362,1.2502988576889038,1.6906633377075195,1.887992024421692,1.684176325798035,2.0259549617767334,2.0688250064849854,1.6628620624542236,1.708190679550171,1.511534333229065,1.7345986366271973,1.908083200454712
SNRdb10_p335_373_362,1.2935985326766968,2.2727282047271733,2.306539535522461,2.146289587020874,2.4034368991851807,2.633192777633667,2.0001935958862305,2.355435371398926,2.3675007820129395,2.6722640991210938,2.6221327781677246
SNRdb20_p339_095_362,2.473784685134888,3.1438601016998287,3.2729122638702397,3.120605945587158,3.2550947666168213,3.3537871837615967,3.3717353343963623,3.4491281509399414,3.10891342163086,3.3655314445495605,3.423941373825073
SNRdb0_p335_193_410,1.0898060798645022,1.20376718044281,1.22009015083313,1.2100520133972168,1.2878882884979248,1.3439347743988037,1.1955798864364624,1.220411777496338,1.2705116271972656,1.2416454553604126,1.422080397605896
SNRdb5_p249_018_410,1.2145769596099854,1.2857038974761963,1.3577187061309814,1.4208662509918213,1.5084854364395142,1.5344727039337158,1.2899936437606812,1.3669116497039795,1.4669252634048462,1.4300236701965332,1.6177043914794922
SNRdb10_p299_094_410,1.2209935188293457,1.894914031028748,2.0443615913391118,2.1295785903930664,2.101889610290528,2.1311204433441158,1.743950605392456,2.3875555992126465,1.902560234069824,2.097179889678955,2.408142328262329
SNRdb20_p299_302_410,2.5529615879058842,3.0693984031677246,3.1464998722076416,3.1180222034454346,3.3970241546630864,3.1174118518829346,3.0434842109680176,3.2892987728118896,3.1756746768951416,3.3728997707366943,3.013347625732422
SNRdb0_p281_313_42,1.1100029945373535,1.2307310104370115,1.2261130809783936,1.1749889850616455,1.2610808610916138,1.266667127609253,1.2537987232208252,1.2831326723098757,1.2964756488800049,1.2750537395477295,1.369584321975708
SNRdb5_p339_320_42,1.1691933870315552,1.9699645042419436,1.875658631324768,1.9522968530654907,2.1697072982788086,2.137554407119751,1.7975106239318848,2.105163812637329,2.083966016769409,2.0386717319488525,2.200406074523926
SNRdb10_p281_161_42,1.3530089855194092,1.501495599746704,1.473765254020691,1.7010746002197266,1.7652277946472168,1.9338396787643437,1.4947794675827026,1.8131639957427976,1.7476682662963867,1.8129032850265503,1.9435672760009768
SNRdb20_p335_071_42,1.9645191431045528,2.927236318588257,2.6734132766723637,2.754737377166748,2.8264255523681636,2.3059606552124023,2.0796709060668945,2.56787371635437,2.7926087379455566,2.729374408721924,2.1479735374450684
SNRdb0_p335_050_432,1.166740894317627,1.3311675786972046,1.4100680351257324,1.4264297485351562,1.4231995344161987,1.5532554388046265,1.377282977104187,1.3906584978103638,1.289942502975464,1.4579527378082275,1.3399658203125
SNRdb5_p298_366_432,1.68134868144989,2.023449182510376,1.9718381166458132,2.01211166381836,1.950629711151123,2.040527582168579,1.9762523174285889,2.002504110336304,2.088866949081421,2.0278165340423584,2.073188066482544
SNRdb10_p251_115_432,1.651770830154419,1.6185102462768557,1.951190710067749,1.9734971523284912,2.1258466243743896,2.033529758453369,1.8812625408172607,2.1684556007385254,1.983259439468384,2.1298038959503174,1.9621233940124512
SNRdb20_p335_351_432,2.52803635597229,2.9349489212036133,2.989614725112915,2.976243019104004,2.938472032546997,3.052667617797852,2.966414213180542,3.0896925926208496,2.984842538833618,3.1708252429962163,3.102238655090332
SNRdb0_p298_179_447,1.0845106840133667,1.3298262357711792,1.4385889768600464,1.3798630237579346,1.5347156524658203,1.6225442886352541,1.3981529474258425,1.564800500869751,1.490176558494568,1.682485580444336,1.878766417503357
SNRdb5_p249_208_447,1.2469323873519895,1.6041364669799805,1.6788041591644287,1.692617893218994,1.7044601440429688,2.0568079948425293,1.5660047531127932,1.6950751543045044,1.7642502784729004,1.9720716476440432,1.832627534866333
SNRdb10_p339_389_447,1.464061975479126,2.1551108360290527,2.348202705383301,2.2136266231536865,2.3920345306396484,2.5344793796539307,2.4518628120422363,2.4145607948303223,2.3604462146759038,2.418361186981201,2.595026016235352
SNRdb20_p298_042_447,2.732480525970459,3.157680034637451,3.107886791229248,2.660810947418213,3.3275914192199707,3.138722419738769,3.077016115188598,3.1013193130493164,2.818089723587036,3.1686761379241943,3.2257564067840576
SNRdb0_p306_256_453,1.123329520225525,1.3996169567108154,1.4157238006591797,1.5546700954437256,1.4652252197265625,1.5058494806289673,1.582850217819214,1.5775918960571291,1.6101515293121338,1.6296775341033936,1.6673660278320312
SNRdb5_p251_285_453,1.4321740865707395,2.230123519897461,2.289435625076294,2.825139045715332,2.5206027030944824,2.646370887756348,2.477224826812744,2.7653801441192627,2.577210664749145,2.5923173427581787,2.718812227249145
SNRdb10_p281_368_453,2.39851975440979,2.819177865982056,2.86404037475586,2.942254066467285,2.9296200275421143,2.8758559226989746,3.1416187286376958,2.920740365982056,3.1667630672454834,2.9317219257354736,3.1678922176361084
SNRdb20_p281_418_453,3.0741636753082275,3.08526349067688,2.4179530143737797,2.4272375106811523,2.967233896255493,2.646465301513672,3.235968828201294,3.191083669662476,3.0774388313293457,3.2871408462524414,2.8702900409698486
SNRdb0_p251_178_469,1.1382055282592771,1.517070770263672,1.593142867088318,1.7811322212219238,1.7862855195999146,1.8618011474609373,1.5141723155975342,1.6609430313110352,1.6298328638076782,1.709871530532837,2.09558629989624
SNRdb5_p251_339_469,1.2860099077224731,1.455323576927185,1.5311827659606934,1.8980724811553955,1.6405534744262695,2.0053529739379883,1.5699222087860107,1.751859426498413,1.7805583477020264,1.705076813697815,1.8022415637969968
SNRdb10_p306_162_469,1.4356865882873535,2.278424024581909,2.5184903144836426,2.5194101333618164,2.753649950027466,2.7317802906036377,2.939955472946167,2.9106264114379883,3.0738773345947266,2.996082305908203,3.0288326740264893
SNRdb20_p299_038_469,2.7026238441467285,3.330022096633911,3.0334744453430176,2.97487473487854,3.4735906124114986,3.1677026748657227,3.4130189418792725,3.3604440689086914,3.303898572921753,3.1792066097259517,3.344831705093384
SNRdb0_p299_319_470,1.0902159214019775,1.3806463479995728,1.4175633192062378,1.3446613550186155,1.6174218654632568,1.5856654644012451,1.460988998413086,1.458379149436951,1.6083097457885742,1.3763971328735352,1.624075174331665
SNRdb5_p299_074_470,1.1704118251800537,1.8119550943374636,1.6947237253189087,1.7195727825164795,1.901928424835205,2.0361051559448238,1.6738102436065674,1.7570101022720337,1.705066204071045,1.6417497396469116,1.9118106365203855
SNRdb10_p303_172_470,1.2067222595214844,1.540072679519653,1.6743886470794678,1.7494239807128906,2.0150692462921143,2.193061828613281,1.6074142456054688,1.8139181137084959,1.995511531829834,2.155413866043091,2.2151131629943848
SNRdb20_p249_005_470,2.162229061126709,2.2899131774902344,2.48582124710083,2.7040584087371826,2.7519688606262207,2.7768232822418213,2.683429956436157,2.8751163482666016,2.8556950092315674,2.7869532108306885,2.7114028930664062
SNRdb0_p281_211_498,1.0607860088348389,1.257054090499878,1.3542907238006592,1.4717737436294556,1.4167137145996094,1.6142979860305786,1.2621476650238037,1.3445441722869873,1.238743782043457,1.4159839153289795,1.5750837326049805
SNRdb5_p249_255_498,1.2607107162475586,1.5100206136703491,1.8546395301818848,1.9111800193786619,1.7328516244888306,1.734386920928955,1.4278329610824585,1.74396014213562,1.5996445417404177,1.719778299331665,1.673045039176941
SNRdb10_p298_236_498,1.729907512664795,2.460290670394897,2.440226554870605,2.530851125717163,2.7329461574554443,2.696319818496704,2.16272521018982,2.253801822662353,2.333461046218872,2.772282361984253,2.4019572734832764
SNRdb20_p298_236_498,2.9677810668945312,2.9806361198425293,3.3863415718078613,3.4498767852783203,3.4115514755249023,3.2102713584899902,3.392018318176269,3.0857574939727783,3.1110336780548096,3.442762851715088,2.8697750568389893
SNRdb0_p299_243_502,1.380136489868164,1.6534953117370603,1.7977125644683838,1.9781672954559328,2.3984813690185547,2.4342947006225586,2.0677478313446045,2.3690111637115483,2.0176587104797363,2.434267282485962,2.501891613006592
SNRdb5_p335_182_502,1.4831783771514893,1.910046100616455,2.329242706298828,2.3385581970214844,1.9601285457611084,1.8869928121566768,2.0811686515808105,2.5219805240631104,2.644161939620972,2.4144651889801025,2.111700773239136
SNRdb10_p299_402_502,1.669007658958435,2.507096290588379,2.762057065963745,2.789715051651001,2.8745212554931636,3.134559869766236,2.969887018203736,2.987323760986328,3.17079758644104,2.983144998550415,2.656301736831665
SNRdb20_p335_113_502,1.9874535799026491,3.3532302379608154,3.262803316116333,3.385595798492432,2.5338265895843506,2.5423583984375,3.474092960357666,3.4188950061798096,2.6280534267425537,3.5098876953125,2.4346158504486084
SNRdb0_p339_135_506,1.2019392251968384,1.4105807542800903,1.6008557081222534,1.4475531578063965,1.6075683832168581,2.1561262607574463,1.8886640071868896,1.7374424934387207,1.4751542806625366,2.429633378982544,2.3477458953857417
SNRdb5_p303_170_506,1.4109361171722412,2.3535873889923096,2.6058459281921387,2.501525402069092,2.6891939640045166,2.6398329734802246,2.5950047969818115,2.7526354789733887,2.8094637393951416,2.8086276054382324,2.7943451404571533
SNRdb10_p335_131_506,1.6701178550720217,2.8734025955200195,3.1512136459350586,2.997992038726806,3.299633026123047,3.3669550418853764,3.2475061416625977,3.204399585723877,3.44974136352539,3.0717668533325195,3.3588309288024902
SNRdb20_p246_151_506,2.9041590690612797,3.085124492645264,3.0663981437683105,3.139387607574463,3.482139587402344,3.4988062381744385,3.2135415077209477,3.613760709762573,3.351116180419922,3.53399395942688,3.4784786701202397
SNRdb0_p251_230_511,1.0713779926300049,1.1504968404769895,1.173920750617981,1.1435109376907349,1.1767332553863523,1.2284128665924072,1.2111365795135498,1.2207846641540527,1.2532402276992798,1.2040449380874634,1.2879838943481443
SNRdb5_p306_222_511,1.1192975044250488,1.2863965034484863,1.3729593753814695,1.6662321090698242,1.416135549545288,1.740760087966919,1.5040862560272217,1.444474458694458,1.6368625164031982,1.878864288330078,1.8833818435668943
SNRdb10_p306_038_511,1.2060425281524658,1.9593003988265991,2.523136615753174,2.3839385509490967,2.488486051559448,2.5277268886566158,2.2956361770629883,2.4344823360443115,2.4715025424957275,2.454411745071411,2.5091049671173096
SNRdb20_p246_060_511,2.0171365737915044,2.5812947750091557,2.0410447120666504,2.627854585647583,2.1388695240020748,2.8888752460479736,2.8338212966918945,2.256347417831421,2.9168426990509038,3.1077895164489746,3.147982120513916
SNRdb0_p360_103_524,1.19073224067688,1.4907422065734863,1.5568366050720217,1.6086719036102295,1.6951996088027954,2.0808122158050537,1.5105855464935305,2.0809366703033447,1.9262348413467407,1.9735641479492188,1.7787750959396362
SNRdb5_p360_138_524,1.6138358116149902,2.163379430770874,2.4030356407165527,1.9591720104217532,2.45193099975586,2.364835023880005,2.3724043369293213,2.761408567428589,2.324856758117676,2.5660221576690674,2.4725546836853027
SNRdb10_p303_162_524,1.4746983051300049,1.7049446105957031,1.7210819721221924,1.8237736225128172,1.9345450401306152,1.7175116539001465,1.908865451812744,3.2221274375915527,2.95902943611145,1.7635433673858645,3.1600656509399414
SNRdb20_p335_199_524,2.01214861869812,3.236793041229248,3.008657693862915,3.0312392711639404,3.54725193977356,3.330968141555786,3.263742208480835,3.675154209136963,3.471003532409668,3.3383090496063232,3.613685607910156
SNRdb0_p306_116_53,1.0675102472305298,1.2507063150405884,1.4070429801940918,1.2653310298919678,1.41982901096344,1.443698525428772,1.2430884838104248,1.364579439163208,1.367176532745361,1.337155818939209,1.3775668144226074
SNRdb5_p343_228_53,1.2260631322860718,1.5361969470977783,1.612862229347229,1.5271520614624023,1.7879340648651123,1.832316279411316,1.5909783840179443,1.7818777561187744,1.7997357845306396,1.6122879981994631,2.0740561485290527
SNRdb10_p246_318_53,1.2881332635879517,1.5310716629028318,1.6854225397109983,1.5964351892471311,1.7702205181121826,1.9173034429550169,1.4759496450424194,1.608764410018921,1.6569055318832395,1.7230281829833984,2.2742624282836914
SNRdb20_p339_005_53,1.809398174285889,2.662391901016236,2.426938533782959,2.7302451133728027,3.001136064529419,2.9604692459106445,2.6179563999176025,2.8936367034912114,2.801554679870605,2.8532536029815674,2.873051166534424
SNRdb0_p360_206_532,1.145828366279602,1.166050910949707,1.182248592376709,1.2910209894180298,1.2785067558288574,1.292734146118164,1.1609214544296265,1.3060002326965332,1.256061315536499,1.3069051504135132,1.319254755973816
SNRdb5_p249_173_532,1.2637441158294678,1.3649940490722656,1.4829216003417969,1.8411459922790527,1.6785708665847778,1.9320421218872068,1.5753438472747805,1.8160412311553955,1.9077725410461424,1.7299628257751465,1.857844948768616
SNRdb10_p281_130_532,1.3455640077590942,1.775429606437683,1.9421935081481931,1.8302021026611328,2.2456207275390625,2.0369174480438232,1.9434809684753416,2.1574358940124507,2.1914718151092534,2.206917524337769,2.1291308403015137
SNRdb20_p360_136_532,2.188638925552368,2.894432544708252,2.8046321868896484,2.7675600051879883,3.0070405006408687,3.1666464805603027,2.745789766311645,2.9076998233795166,3.1049351692199707,2.8368887901306152,2.729412078857422
SNRdb0_p360_024_537,1.2870181798934937,1.7362773418426514,1.6373296976089478,1.6944327354431152,1.7374939918518066,1.8399791717529297,1.7273156642913818,1.762565851211548,1.6906085014343262,1.8019475936889648,1.765645980834961
SNRdb5_p281_208_537,1.7109335660934448,2.0330843925476074,1.519615650177002,1.7895418405532837,1.95250141620636,1.895120620727539,2.0697057247161865,1.7541794776916504,1.8383132219314573,2.02283263206482,1.735654592514038
SNRdb10_p246_352_537,1.7823572158813477,2.416626453399658,2.5721678733825684,2.3200862407684326,2.60495400428772,2.6649761199951167,2.4627034664154053,2.2713096141815186,2.6136276721954346,2.684621334075928,2.6690423488616943
SNRdb20_p249_217_537,3.0108227729797363,3.0381145477294917,3.0819101333618164,3.1951000690460205,3.418208122253418,3.3315436840057373,3.0644652843475337,3.3143057823181152,3.180255889892578,3.20866060256958,2.8947176933288574
SNRdb0_p246_338_555,1.251722812652588,1.3981318473815918,1.4550105333328247,1.5072970390319824,1.597209334373474,1.6274113655090332,1.6687694787979126,1.9175143241882324,1.8798282146453855,1.8594841957092283,1.8017661571502688
SNRdb5_p306_251_555,1.339665174484253,2.1173534393310547,2.155617475509644,2.0364623069763184,2.208712339401245,2.2978861331939697,2.1680126190185547,2.221106767654419,2.196890354156494,2.154705762863159,2.171649932861328
SNRdb10_p298_227_555,2.3739147186279297,3.4090588092803955,3.363524913787842,3.2549071311950684,3.3981809616088867,3.3108959197998047,3.3542494773864746,3.2854325771331787,3.327513694763184,3.1806337833404537,3.358414649963379
SNRdb20_p343_182_555,1.6254636049270632,1.986274242401123,3.3338356018066406,1.967113256454468,1.866567850112915,2.0806643962860107,1.8159977197647093,3.5413718223571777,2.054901361465454,2.1897916793823238,2.119539499282837
SNRdb0_p303_206_556,1.0967283248901367,1.2429126501083374,1.3968853950500488,1.414512276649475,1.53062903881073,1.702521800994873,1.4259377717971802,1.5214685201644895,1.504627704620361,1.7196438312530518,1.8414491415023804
SNRdb5_p303_091_556,1.2157211303710938,1.783252477645874,1.9699550867080688,1.7569129467010498,1.815775275230408,2.030956745147705,2.0284245014190674,2.017293691635132,2.164386749267578,2.3084981441497803,2.378107070922852
SNRdb10_p343_052_556,1.392974853515625,2.2258918285369877,2.4392905235290527,2.3793408870697017,2.740771532058716,2.6154887676239014,2.263401985168457,2.824655294418335,2.4653658866882324,2.742335796356201,2.695259094238281
SNRdb20_p306_124_556,2.392369031906128,3.0345053672790527,2.9139811992645264,3.040462017059326,2.9335532188415527,2.9884707927703857,3.016359567642212,3.11604905128479,2.831629514694214,2.964514970779419,2.9620275497436523
SNRdb0_p335_115_563,1.3984558582305908,2.047820568084717,2.2114648818969727,2.2309279441833496,2.266077041625977,2.723932266235352,2.2116432189941406,2.367720603942871,2.3387038707733154,2.3400661945343018,2.8507111072540283
SNRdb5_p303_007_563,1.2014684677124023,1.8567649126052856,2.0927784442901607,2.0144448280334477,2.1854822635650635,2.147112369537353,2.211359739303589,2.3495514392852783,2.3090741634368896,2.318671703338623,2.1298065185546875
SNRdb10_p251_050_563,2.0862686634063716,2.7086429595947266,2.705233573913574,2.7092888355255127,2.846782684326172,2.916578531265259,2.701710700988769,2.9763097763061523,2.777899265289306,2.883599281311035,2.841100215911865
SNRdb20_p343_341_563,3.1330442428588867,3.3826029300689697,3.18581485748291,3.258755922317505,3.3870675563812256,3.8455274105072017,3.420119285583496,3.387734651565552,3.6496968269348153,3.867091417312622,3.853580713272095
SNRdb0_p281_432_570,1.045207977294922,1.1623450517654421,1.1776323318481443,1.2245421409606934,1.2417986392974854,1.2962452173233032,1.1836279630661009,1.3549014329910278,1.2151168584823608,1.2967934608459473,1.308741807937622
SNRdb5_p298_084_570,1.2865793704986572,1.9233605861663816,1.5039896965026855,1.9426054954528809,2.0486299991607666,2.144111633300781,1.7813444137573242,1.9120051860809328,1.998507022857666,1.9520506858825684,2.08818793296814
SNRdb10_p306_185_570,1.2496485710144043,1.8338966369628904,2.017699718475342,1.9140688180923464,2.124260425567627,2.09118127822876,1.8047995567321775,1.9749624729156492,1.9622354507446291,2.0778818130493164,2.210633993148804
SNRdb20_p251_166_570,2.3650012016296387,2.4054079055786133,2.4327926635742188,2.622586727142334,2.6076319217681885,2.5514357089996342,2.506109476089477,2.603585958480835,2.5992579460144043,2.5063302516937256,2.420475482940674
SNRdb0_p306_115_605,1.1294139623641968,1.2929933071136477,1.526165008544922,1.4843887090682983,1.7717666625976562,1.749117732048035,1.6678813695907593,1.7370989322662354,1.7032918930053709,1.8078455924987795,1.94199013710022
SNRdb5_p281_129_605,1.8630235195159912,1.898398995399475,2.070640087127685,2.008857011795044,2.356453657150269,2.4375932216644287,1.788627028465271,1.991286039352417,2.2275736331939697,2.3413074016571045,2.246981620788574
SNRdb10_p246_098_605,1.7513833045959473,2.312769651412964,2.5824964046478267,2.5636217594146733,2.8068828582763667,2.640646457672119,2.5392544269561768,2.7471601963043213,2.7999234199523926,2.7265172004699707,2.8764650821685787
SNRdb20_p298_047_605,3.044083595275879,3.0816452503204346,3.0039963722229004,3.1378395557403564,2.9041061401367188,2.862208604812622,3.1197705268859863,2.9513840675354004,2.8615026473999023,3.097980737686157,2.5208373069763184
SNRdb0_p339_098_616,1.1419446468353271,1.3302335739135742,1.489461898803711,1.395856261253357,1.669003963470459,2.2006993293762207,1.4893577098846436,1.7879853248596191,2.1886053085327153,2.1039304733276367,2.20632004737854
SNRdb5_p335_393_616,1.5268059968948364,2.0264134407043457,2.143582582473755,2.292066097259521,2.6181986331939697,2.4938290119171143,2.196532249450684,2.4230918884277344,2.3643629550933842,2.606574535369873,2.594547748565674
SNRdb10_p249_133_616,1.861024618148804,2.808021545410156,2.939247131347656,2.743246793746948,3.1537494659423833,2.834993839263916,3.0448944568634038,2.9970920085906982,2.868565559387207,2.9092960357666016,2.9035098552703857
SNRdb20_p306_055_616,2.536205053329468,3.008033275604248,3.2263543605804443,3.182245969772339,3.181204080581665,3.2407798767089844,3.348805904388428,3.234126091003418,3.358818769454956,3.2914855480194087,3.2559657096862797
SNRdb0_p360_206_620,1.125687837600708,1.1760287284851074,1.2959823608398438,1.216766357421875,1.2220041751861572,1.3432738780975342,1.1371326446533203,1.2438821792602541,1.2439610958099363,1.279273509979248,1.4624192714691162
SNRdb5_p246_338_620,1.2169283628463743,1.306663990020752,1.3689537048339844,1.2988545894622805,1.4474899768829346,1.425623655319214,1.6804257631301882,1.85115385055542,1.7505676746368408,1.6801846027374268,1.8127262592315676
SNRdb10_p360_141_620,1.8466975688934328,2.136146068572998,1.940467357635498,2.1211400032043457,2.109198808670044,2.123007774353028,2.204705238342285,2.299437522888184,2.13580322265625,2.290576696395874,2.1096420288085938
SNRdb20_p298_331_620,2.344866752624512,2.802994966506958,2.4438364505767822,2.923012018203736,3.266200542449951,3.1213858127593994,3.2481906414031982,3.1964869499206543,3.244969129562378,3.256459474563598,3.094841718673706
SNRdb0_p298_042_621,1.1359336376190186,1.912020206451416,1.9965031147003172,2.313476324081421,2.252979040145874,2.273149013519287,2.12256121635437,2.5647788047790527,2.4618752002716064,2.36736798286438,2.576821804046631
SNRdb5_p298_007_621,1.502471685409546,2.5418682098388667,2.2172927856445312,2.112346172332764,2.620072841644287,2.7378253936767583,2.519190549850464,2.7545924186706543,2.54163122177124,2.6982669830322266,2.784205675125122
SNRdb10_p343_042_621,1.5272395610809326,1.7619366645812988,1.7502688169479368,1.7063732147216797,1.8084299564361568,1.7311232089996338,1.70660138130188,1.8688983917236328,1.7704914808273315,1.7676839828491209,1.7211724519729614
SNRdb20_p246_095_621,3.0139195919036865,3.063582420349121,3.411217212677002,3.261183023452759,3.63491153717041,3.5457797050476074,3.4612712860107417,3.637359142303467,3.4577083587646484,3.5222625732421875,3.5992507934570312
SNRdb0_p281_151_626,1.130557656288147,1.5099549293518066,1.5579067468643188,1.523967742919922,1.8867621421813965,2.1241414546966557,1.8829846382141116,1.7011239528656006,2.1359617710113525,2.257762670516968,2.380843162536621
SNRdb5_p249_217_626,1.2731873989105225,1.7523605823516846,1.8714146614074707,1.8873006105422971,2.0668685436248784,2.2289578914642334,1.889930009841919,2.3143880367279053,2.4510877132415767,2.256469964981079,2.199610948562622
SNRdb10_p251_007_626,1.6695702075958252,2.2643146514892583,2.5731444358825684,2.1767628192901607,2.667287588119507,2.852173328399658,2.4270334243774414,2.8888392448425293,2.7548904418945312,2.850775957107544,2.870354652404785
SNRdb20_p335_115_626,3.015230655670166,3.511985540390014,3.5789945125579834,3.4915473461151123,3.5299494266510014,3.6890926361083984,3.719480276107788,3.7158687114715576,3.5270078182220463,3.659144878387451,3.757689476013184
SNRdb0_p306_358_627,1.0803730487823486,1.1846399307250977,1.2553097009658811,1.324064016342163,1.4772779941558838,1.547137975692749,1.2814606428146362,1.299488544464111,1.422826051712036,1.3180744647979736,1.4410475492477417
SNRdb5_p298_130_627,1.2672561407089231,1.546912431716919,1.5647579431533811,1.7217754125595093,1.814236640930176,2.0823488235473637,1.5135239362716677,1.5936663150787354,1.6442611217498782,1.6689846515655518,1.734527826309204
SNRdb10_p299_302_627,1.2984824180603027,1.8126370906829836,2.128648042678833,2.015188217163086,2.242959976196289,2.602196455001831,2.1356430053710938,2.2150897979736333,2.287475824356079,2.452984094619751,2.5100789070129395
SNRdb20_p360_236_627,2.023476839065552,2.6289024353027344,2.20194411277771,2.4590766429901123,2.236453056335449,2.69262957572937,2.5074825286865234,2.5972862243652344,2.5844078063964844,2.916934967041016,2.288794994354248
SNRdb0_p306_024_674,1.0617263317108154,1.1752668619155884,1.2151681184768677,1.2221755981445312,1.2462015151977541,1.3050113916397097,1.1674327850341797,1.170392990112305,1.214990258216858,1.2058930397033691,1.2816332578659058
SNRdb5_p249_340_674,1.2122035026550293,1.4112074375152588,1.3464674949645996,1.610689401626587,1.5032124519348145,1.675757646560669,1.4484361410140991,1.374648928642273,1.544353485107422,1.4573913812637331,1.6519923210144043
SNRdb10_p339_347_674,1.3770058155059814,2.2944564819335938,2.3941819667816158,2.2889554500579834,2.4865126609802246,2.4240343570709233,2.2728018760681152,2.334768772125244,2.299557685852051,2.3894364833831787,2.24255633354187
SNRdb20_p299_063_674,2.3999242782592773,2.5059289932250977,2.637824058532715,3.069509267807007,3.15430235862732,2.918055534362793,2.5676743984222408,3.092463493347168,3.070011138916016,2.675066947937012,2.6109957695007324
SNRdb0_p339_392_68,1.064746975898743,1.1605063676834106,1.246258020401001,1.2515740394592283,1.4879131317138672,1.6113097667694092,1.2339539527893066,1.2979862689971924,1.2042657136917114,1.2329798936843872,1.7042567729949951
SNRdb5_p360_084_68,1.2088466882705688,1.2698113918304443,1.2768219709396362,1.24124014377594,1.2869528532028198,1.3645546436309814,1.3728225231170654,1.34175705909729,1.390302658081055,1.325481653213501,1.4466824531555176
SNRdb10_p299_065_68,1.2305415868759155,1.762230634689331,2.0277245044708248,1.97103214263916,2.289925575256348,2.5126070976257324,1.732248306274414,1.960371136665344,2.0684399604797363,2.011310338973999,2.4162559509277344
SNRdb20_p298_233_68,2.0946893692016597,2.4395101070404053,2.035433292388916,2.3793764114379883,2.164551258087158,2.3560166358947754,2.3412742614746094,2.561079978942871,2.4726548194885254,2.5087523460388184,2.594813108444214
SNRdb0_p339_034_731,1.1181535720825195,1.341110348701477,1.4985505342483518,1.3097054958343506,1.6314531564712524,1.8998750448226929,1.6077725887298584,1.844574332237244,1.5576721429824831,1.7869212627410889,1.975767970085144
SNRdb5_p306_208_731,1.2328081130981443,1.947337865829468,1.9469070434570312,1.902988076210022,1.787261962890625,1.980668902397156,1.9881961345672607,2.0178184509277344,2.0529019832611084,2.130105972290039,2.1333794593811035
SNRdb10_p281_182_731,2.0076100826263428,2.4396681785583496,2.7630114555358887,2.4430627822875977,2.769592523574829,2.988156795501709,2.402672529220581,2.877980709075928,2.692645311355591,2.81331729888916,2.9980146884918213
SNRdb20_p298_343_731,3.3386752605438232,3.6008448600769043,3.7743113040924072,3.8754854202270512,3.7617850303649902,3.777815341949463,3.629506349563599,3.5458753108978267,3.530523538589477,3.728809356689453,3.5271422863006587
SNRdb0_p251_019_816,1.111269474029541,1.2242347002029421,1.3427748680114746,1.3168118000030518,1.3058823347091677,1.5167989730834959,1.271843671798706,1.3307830095291138,1.3480125665664673,1.40701425075531,1.5116434097290041
SNRdb5_p335_143_816,1.2315939664840698,2.0294675827026367,2.1747450828552246,1.7186777591705322,2.31435227394104,2.1088995933532715,2.0382156372070312,2.1371216773986816,1.9754951000213623,1.999504566192627,1.5459976196289062
SNRdb10_p303_172_816,1.4769558906555176,2.4828672409057617,2.370861053466797,2.446260929107666,2.5370924472808842,2.6122987270355225,2.3299014568328857,2.410895586013794,2.653686285018921,2.549846649169922,2.7149980068206787
SNRdb20_p299_300_816,3.0509696006774902,3.1717562675476074,2.9406452178955083,3.170259952545166,3.3904037475585938,2.963054180145264,3.188037395477295,3.1877217292785645,2.9130432605743413,2.817804336547852,2.7976479530334477
SNRdb0_p246_217_820,1.126165747642517,1.16579270362854,1.2373595237731934,1.305241942405701,1.1938333511352541,1.2992048263549805,1.2267154455184937,1.196553111076355,1.313971757888794,1.2876206636428833,1.337432622909546
SNRdb5_p303_091_820,1.1257801055908203,1.4502553939819336,1.568168878555298,1.547551512718201,1.5012098550796509,1.728630781173706,1.470369815826416,1.6137906312942505,1.614559769630432,1.5566340684890747,1.7683637142181396
SNRdb10_p249_326_820,1.4270248413085938,1.7279672622680664,1.839495301246643,1.764454364776611,1.8806626796722408,1.9946790933609009,1.964746594429016,1.8217017650604248,1.7848918437957764,1.8288547992706297,1.8187317848205569
SNRdb20_p303_259_820,2.042325735092163,2.437370777130127,2.418401002883911,2.40840744972229,2.6639423370361333,2.3158740997314453,2.60644006729126,2.8698534965515137,2.4092175960540767,2.4336769580841064,2.580613613128662
SNRdb0_p343_209_824,1.0729012489318848,1.351662039756775,1.3302650451660156,1.2930526733398438,1.3547731637954712,1.4298911094665527,1.3130168914794922,1.381148099899292,1.3515536785125732,1.2749912738800049,1.3819949626922607
SNRdb5_p306_269_824,1.1415159702301023,1.3465489149093628,1.6054646968841553,1.4146476984024048,1.4642903804779053,1.7164192199707031,1.2934341430664062,1.4583122730255127,1.4439032077789309,1.3782668113708496,1.7409343719482422
SNRdb10_p281_349_824,1.5303337574005127,1.8315908908843996,2.1656029224395748,2.0095674991607666,2.0858371257781982,2.146015882492065,1.927525758743286,2.0294580459594727,2.08691668510437,2.230651378631592,2.1598618030548096
SNRdb20_p299_094_824,2.283836126327514,2.881664276123047,3.014698982238769,2.8832979202270512,2.933910369873047,2.9593005180358887,2.756653308868408,3.2099571228027344,2.9536170959472656,3.0334067344665527,3.054960966110229
SNRdb0_p335_373_825,1.3093239068984983,1.812715530395508,2.042164087295532,2.263061761856079,2.1445789337158203,2.298978090286255,2.320849895477295,2.068099975585937,2.0067389011383057,2.1489098072051998,2.4481680393218994
SNRdb5_p299_179_825,1.4652342796325684,2.382112979888916,2.633927345275879,1.98598313331604,2.490255832672119,2.7343158721923833,2.4655096530914307,2.6130175590515137,2.782710313796997,2.8010261058807373,2.806875944137573
SNRdb10_p249_139_825,1.9806861877441408,2.731520175933838,2.936192274093628,2.8993499279022217,2.976967096328736,3.06959867477417,2.8731706142425537,3.207214832305908,3.0305778980255127,2.8765459060668945,3.0170104503631587
SNRdb20_p299_183_825,3.0150563716888428,3.332578420639038,3.5427935123443604,3.4580097198486333,3.578315019607544,3.695900201797485,3.462935209274292,3.8239340782165527,3.693616151809693,3.6211302280426025,3.721510171890259
SNRdb0_p249_133_847,1.0751725435256958,1.2052326202392578,1.2027604579925537,1.2631274461746216,1.252857327461243,1.4892226457595823,1.2204160690307615,1.2377703189849854,1.2562471628189087,1.244788408279419,1.4079362154006958
SNRdb5_p298_359_847,1.5247701406478882,1.799482345581055,1.7731345891952517,1.9613901376724243,1.71747088432312,1.891673564910889,1.751903057098389,1.8248941898345947,1.9378519058227541,1.9896979331970213,1.909590482711792
SNRdb10_p246_350_847,1.8251769542694087,2.393731117248535,2.613464117050171,2.317215204238892,2.379063367843628,2.884674549102783,2.4468443393707275,2.64121150970459,2.431249618530273,2.6597161293029785,2.910540103912353
SNRdb20_p298_019_847,2.160767078399658,2.2470932006835938,2.604510307312012,2.516807079315185,2.508065700531006,2.56116271018982,2.339804410934448,2.670992374420166,2.549811840057373,2.660229206085205,2.4077084064483643
SNRdb0_p246_255_858,1.1150225400924685,1.384861707687378,1.4133286476135254,1.3356409072875977,1.5095539093017578,1.7141678333282468,1.4057456254959106,1.4480807781219482,1.502147912979126,1.4281872510910034,1.5034964084625244
SNRdb5_p246_035_858,1.380465030670166,1.649578332901001,1.7585619688034058,1.7359097003936768,1.7678172588348389,2.1119041442871094,1.5418221950531006,1.848578691482544,1.946305513381958,1.9007257223129272,2.233529567718506
SNRdb10_p246_076_858,1.6135632991790771,2.0557632446289062,2.3042166233062744,2.1647911071777344,2.1003193855285645,2.312844038009644,2.059244394302368,1.9892549514770508,2.28254508972168,2.179429292678833,2.4813947677612305
SNRdb20_p360_313_858,2.7491159439086914,2.824837684631348,2.823460102081299,2.803152561187744,3.285707950592041,3.045466184616089,3.0137534141540527,2.655186891555786,2.7784318923950195,3.3487873077392583,3.2497096061706543
SNRdb0_p299_233_867,1.3261079788208008,1.5957152843475342,1.7985868453979492,1.673749923706055,1.8341327905654907,2.0304665565490723,1.656596302986145,1.8948276042938232,1.8929598331451416,1.9898924827575684,2.3766138553619385
SNRdb5_p299_307_867,1.225082278251648,2.1142537593841557,2.5631537437438965,2.3112475872039795,2.556798219680786,2.823446035385132,2.0140206813812256,2.547870635986328,2.485191822052002,2.188509464263916,2.509146451950073
SNRdb10_p335_007_867,1.3399744033813477,2.086415529251098,2.1324894428253174,1.7112588882446291,1.5706278085708618,1.7035975456237793,2.17717719078064,1.899697542190552,2.31534194946289,1.818835973739624,1.6331129074096682
SNRdb20_p298_123_867,2.3835484981536865,2.444209575653076,2.5402421951293945,2.4946181774139404,2.7477405071258545,2.738386631011963,2.6334116458892822,2.7411913871765137,2.695013523101806,2.713029146194458,2.66487455368042
SNRdb0_p303_233_874,1.0817512273788452,1.1917529106140137,1.186498522758484,1.211761236190796,1.2107397317886353,1.2536897659301758,1.1635887622833252,1.1902841329574585,1.2154809236526491,1.2254014015197754,1.273963451385498
SNRdb5_p339_099_874,1.18785560131073,1.7135629653930664,1.8968491554260252,1.8224189281463623,1.8258178234100344,1.9342606067657468,1.7783247232437134,1.613900065422058,1.7723450660705566,1.7359850406646729,1.9853570461273196
SNRdb10_p303_233_874,1.1980072259902954,1.521996021270752,1.752148151397705,1.974426746368408,1.7951874732971191,1.7903788089752195,1.656897783279419,1.7620277404785156,1.8390392065048216,1.8503936529159544,2.0021426677703857
SNRdb20_p360_161_874,2.282165765762329,2.940581798553467,2.8848061561584477,2.7918896675109863,3.148321390151977,3.049504280090332,2.9134507179260254,2.906470775604248,2.93147611618042,3.0727159976959233,2.980533599853516
SNRdb0_p360_151_883,1.3128520250320437,1.6385879516601562,1.6208274364471436,1.7117375135421753,1.899909734725952,1.7709368467330933,1.7090115547180176,1.8031914234161377,1.9234733581542969,1.9819073677062988,1.8275918960571291
SNRdb5_p246_077_883,1.3984436988830566,1.726355791091919,1.7460308074951172,1.6217252016067505,1.902357816696167,1.9482505321502688,1.7471415996551514,1.9365460872650144,1.823161602020264,1.7373619079589844,2.4536690711975098
SNRdb10_p246_210_883,2.149478912353516,2.7205257415771484,2.6503946781158447,2.8832695484161377,2.943865776062012,3.1730191707611084,2.866959571838379,2.9413330554962163,2.855300188064575,3.069085121154785,3.0839624404907227
SNRdb20_p303_259_883,2.6200947761535645,3.2735419273376465,3.076435804367065,3.06172251701355,3.128636121749878,2.8770065307617188,3.14908218383789,3.212857723236084,3.008190631866455,3.1161396503448486,3.170552968978882
SNRdb0_p343_339_900,1.0632967948913574,1.339301586151123,1.2785885334014893,1.2934461832046509,1.3834165334701538,1.5396996736526491,1.2271041870117188,1.2445793151855469,1.386978268623352,1.2521870136260986,1.8639349937438965
SNRdb5_p249_329_900,1.2431113719940186,1.441920042037964,1.6405436992645264,1.6625220775604248,1.9064037799835205,2.164766788482666,1.4970438480377195,1.619391918182373,1.6200913190841677,1.9398539066314695,1.9481611251831052
SNRdb10_p251_209_900,1.4476972818374634,2.205530166625977,2.392354726791382,2.310920000076294,2.2800679206848145,2.42128586769104,2.2856464385986333,2.4048218727111816,2.343714475631714,2.379391670227051,2.536571264266968
SNRdb20_p251_287_900,2.354901075363159,2.327749967575073,2.658827781677246,2.5151867866516118,3.077604055404663,2.774077653884888,2.3105332851409908,2.8806698322296143,2.72147274017334,2.8863000869750977,2.5033748149871826
SNRdb0_p335_226_910,1.2997314929962158,1.766395092010498,1.6133596897125244,1.6965341567993164,2.1157760620117188,1.9969215393066408,1.974242925643921,2.103777885437012,2.076620578765869,2.1751396656036377,2.2419002056121826
SNRdb5_p298_227_910,1.830894470214844,2.8358817100524902,2.8596308231353764,2.843105792999268,3.113289356231689,2.9077606201171875,2.904814481735229,3.1090574264526367,3.0972769260406494,3.148031949996948,3.008146047592163
SNRdb10_p360_019_910,1.4407809972763062,1.8078482151031492,1.88494086265564,2.1673417091369633,1.9531710147857664,2.1624219417572017,2.037891626358032,2.1787898540496826,2.3602182865142822,2.3405394554138184,2.053971529006958
SNRdb20_p335_364_910,2.264378309249878,3.293340921401977,3.343989610671997,3.1850759983062744,3.5646538734436035,3.3598952293396,3.565335750579834,3.655828475952149,3.44178318977356,3.6851656436920166,3.5088460445404053
SNRdb0_p298_076_915,1.0873225927352903,1.2738831043243408,1.3043869733810425,1.3316700458526611,1.310389518737793,1.4262008666992188,1.2444925308227541,1.3617253303527832,1.250438928604126,1.421088933944702,1.468142032623291
SNRdb5_p281_296_915,1.3353512287139893,1.4585511684417725,1.4643633365631104,1.4854484796524048,1.5756641626358032,1.564934492111206,1.310804843902588,1.4336185455322266,1.5360665321350098,1.6899739503860474,1.5644099712371826
SNRdb10_p251_239_915,1.3352315425872805,1.9712493419647217,1.9219702482223509,1.859424352645874,2.021801233291626,1.8421165943145752,1.5251550674438477,1.6773025989532468,1.8591201305389404,1.5988770723342896,1.8735358715057373
SNRdb20_p335_346_915,2.1525259017944336,2.700806140899658,2.570526123046875,2.506057977676392,2.696112871170044,3.0466697216033936,2.683840036392212,2.5024375915527344,2.896811962127685,2.9756667613983154,2.9594595432281494
SNRdb0_p246_224_923,1.1055489778518677,1.3452285528182983,1.5270427465438845,1.3405711650848389,1.6613502502441406,1.6768832206726074,1.442182540893555,1.5147848129272459,1.5355119705200195,1.5829895734786987,1.7332797050476074
SNRdb5_p343_087_923,1.1793652772903442,1.6817991733551023,2.2499542236328125,1.6181349754333496,2.3663654327392583,2.2313132286071777,1.4226384162902832,2.297993421554565,2.339682340621948,2.1939799785614014,2.187618970870972
SNRdb10_p281_149_923,1.996614694595337,2.471325159072876,2.5600910186767583,2.5923326015472408,2.5600390434265137,2.456472635269165,2.5067598819732666,2.610259771347046,2.6762969493865967,2.5397915840148926,2.3874471187591557
SNRdb20_p303_319_923,2.267322540283203,3.0949182510375977,3.3073103427886963,3.146603345870972,3.4601058959960938,3.1234416961669917,3.1067321300506587,3.3385467529296875,3.1352221965789795,3.2057693004608154,3.038682222366333
SNRdb0_p306_246_925,1.1746580600738523,1.5701005458831787,1.7365702390670776,1.4222642183303833,1.6774530410766602,1.8046975135803225,1.9666914939880369,2.1643354892730717,2.135213613510132,2.1430814266204834,2.151681661605835
SNRdb5_p298_288_925,2.442108154296875,3.2999815940856934,3.2111570835113525,3.256507396697998,3.4812848567962646,3.511046886444092,3.326197624206543,3.4202353954315186,3.3073172569274902,3.382554531097412,3.4956254959106445
SNRdb10_p306_083_925,1.4412431716918943,1.9910757541656492,2.7345960140228267,2.6876919269561768,2.50646448135376,2.2800672054290767,2.9294166564941406,3.0729403495788574,2.9497492313385014,2.6994550228118896,2.5627849102020264
SNRdb20_p281_018_925,3.2811272144317627,3.280216693878174,3.29233193397522,3.2146403789520264,3.513725996017456,3.3760454654693604,3.4508156776428223,3.405626058578491,3.5530569553375244,3.539255857467652,3.5115296840667725
SNRdb0_p251_019_931,1.1227577924728394,1.2190357446670532,1.3180454969406128,1.2816064357757568,1.3013591766357422,1.4463868141174316,1.264723539352417,1.2690825462341309,1.3097635507583618,1.4134986400604248,1.4892641305923462
SNRdb5_p360_322_931,1.5611860752105713,2.19212007522583,1.7487926483154297,1.7414826154708862,2.1908657550811768,1.9432833194732664,2.1874678134918213,2.2198874950408936,2.349799394607544,2.111208200454712,2.013539552688598
SNRdb10_p335_240_931,1.3780057430267334,2.5687789916992188,2.726835012435913,2.0732595920562744,2.7045886516571045,2.8290226459503174,2.667287588119507,2.644327163696289,2.766779661178589,2.717759132385254,2.7252626419067383
SNRdb20_p299_219_931,2.679854393005371,3.0377297401428223,3.0529847145080566,3.3481674194335938,3.280833005905152,3.3660385608673096,3.1186063289642334,3.3926026821136475,3.3331620693206787,3.3880155086517334,3.1267309188842773
SNRdb0_p299_318_937,1.0973035097122192,1.3808850049972534,1.3221269845962524,1.4591233730316162,1.5828065872192385,1.5166158676147459,1.4745105504989624,1.4721899032592771,1.4872084856033323,1.5331497192382812,1.6301212310791016
SNRdb5_p281_398_937,1.5242209434509275,1.6882565021514893,1.605224609375,1.8489913940429688,1.7532567977905271,2.0185620784759517,1.6333112716674805,1.624195575714111,1.9606239795684812,1.6815626621246338,1.9952293634414675
SNRdb10_p299_349_937,1.3962365388870241,2.0573346614837646,2.126350879669189,2.0743231773376465,2.5082004070281982,2.5648810863494877,1.9406263828277588,2.218255043029785,2.1360397338867188,2.1703271865844727,2.475254535675049
SNRdb20_p306_083_937,2.4715075492858887,3.0991690158843994,3.2394909858703613,3.2148103713989262,3.145820140838623,3.096502780914306,3.04250717163086,3.1380093097686768,3.1079342365264893,2.835536479949951,2.647273540496826
SNRdb0_p281_139_944,1.2318357229232788,1.8598754405975344,1.933526396751404,2.0597541332244877,2.262062788009644,2.5949668884277344,2.2440664768218994,2.2434253692626958,2.1592841148376465,2.4162542819976807,2.4205596446990967
SNRdb5_p343_019_944,1.3554208278656006,2.121462345123291,2.2058162689208984,2.3679075241088867,2.2409374713897705,2.3358755111694336,2.386481761932373,2.4867544174194336,2.578934669494629,2.5690903663635254,2.336296796798706
SNRdb10_p360_342_944,1.880736351013184,2.271860122680664,2.854832172393799,2.857197999954224,3.022810935974121,3.3035292625427246,2.967682361602783,3.0858793258666988,3.0436022281646733,3.0858805179595947,3.2257091999053955
SNRdb20_p281_414_944,2.59450101852417,2.81862735748291,2.8148512840271,2.95941424369812,3.085124254226685,3.0695741176605225,2.875549793243408,2.7745230197906494,2.717712640762329,2.7367842197418213,3.0550336837768555
SNRdb0_p343_087_97,1.234996676445007,1.5162670612335205,1.4596731662750244,1.395089626312256,1.5072559118270874,2.3809194564819336,1.7731077671051023,2.3171868324279785,2.047759532928467,2.067137718200684,2.3520195484161377
SNRdb5_p251_356_97,1.3926575183868408,2.0556354522705083,2.0764360427856445,2.3371856212615967,2.2201077938079834,2.287359952926636,2.2555506229400635,2.517805814743042,2.4110817909240723,2.2489142417907715,2.2593698501586914
SNRdb10_p360_084_97,1.8920841217041016,1.8815481662750244,2.025887489318848,2.208817720413208,1.7348546981811523,2.57395076751709,2.075725555419922,2.4117019176483154,2.4535670280456543,2.434356689453125,2.427321434020996
SNRdb20_p299_364_97,3.070598602294922,3.630038022994995,3.54502010345459,3.3876779079437256,3.218773365020752,3.71043062210083,3.6489062309265137,3.8749387264251713,3.712273359298706,3.5585324764251713,3.7326641082763667
SNRdb0_p339_007_988,1.066966533660889,1.2420576810836792,1.2012608051300049,1.244762659072876,1.3082579374313354,1.3650240898132324,1.2416075468063354,1.2233625650405884,1.2805136442184448,1.3165528774261477,1.4658472537994385
SNRdb5_p299_262_988,1.2932831048965454,1.4542032480239868,1.8706808090209959,1.915942907333374,2.098949670791626,2.4031240940093994,1.965126872062683,1.967445373535156,2.1122710704803467,2.176745176315308,2.204735517501831
SNRdb10_p360_169_988,1.7096705436706543,1.5489261150360107,1.522919774055481,1.5895713567733765,1.6746649742126465,2.24112319946289,1.9108291864395144,2.027474164962769,2.210921287536621,2.37172794342041,2.2584450244903564
SNRdb20_p298_366_988,2.9421875476837163,3.2419779300689697,3.1554977893829346,3.1460211277008057,3.4213809967041016,3.1756598949432373,3.276991128921509,3.355408906936645,3.397258758544922,3.291335344314575,3.4222280979156494
SNRdb0_p343_186_996,1.0737953186035156,1.1472561359405518,1.1727514266967771,1.2565488815307615,1.2196648120880127,1.2883563041687012,1.1617196798324585,1.1821562051773071,1.2841752767562866,1.2230907678604126,1.3671576976776123
SNRdb5_p246_050_996,1.2415099143981934,1.4499835968017578,1.5136640071868896,1.502719521522522,1.576017141342163,2.0502879619598393,1.558342218399048,1.6402239799499512,1.79018235206604,2.1139333248138428,2.1863722801208496
SNRdb10_p360_201_996,1.6831384897232056,1.7083133459091189,2.1191868782043457,2.0432720184326167,1.9055280685424805,2.2221050262451167,1.917446851730347,2.0209553241729736,2.36995267868042,2.273800134658813,1.9950356483459477
SNRdb20_p298_170_996,2.365338087081909,2.961967945098877,2.983863115310669,2.925125360488892,3.0839877128601074,2.9242494106292725,2.7776546478271484,2.951465129852295,2.799752712249756,2.963132381439209,2.9277567863464355
