file_name,pesq noisy,h4d5 trained on all,h8d5 trained on all,h12d5 trained on all,h24d5 trained on all,h48d5 trained on all,h4d5 transfer on city_center,h8d5 transfer on city_center,h12d5 transfer on city_center,h24d5 transfer on city_center,h48d5 transfer on city_center
SNRdb0_p298_225_1012,1.0470441579818726,1.2805300951004028,1.423564910888672,1.3308327198028564,1.4935386180877686,1.50671648979187,1.3175696134567259,1.4816617965698242,1.5704001188278198,1.6859745979309082,1.6975688934326172
SNRdb5_p339_212_1012,1.1970148086547852,1.3672869205474854,1.8424452543258667,1.6351426839828491,1.843089818954468,1.9948341846466064,1.6304986476898191,1.8359692096710205,1.8757462501525881,1.8765523433685305,1.939117431640625
SNRdb10_p299_278_1012,1.3781085014343262,2.475294828414917,2.650612592697144,2.6031551361083984,2.7506027221679688,2.7666492462158203,2.6651082038879395,2.849008798599243,2.8509414196014404,2.869558572769165,3.1455767154693604
SNRdb20_p306_358_1012,2.133920669555664,2.5592315196990967,2.732882261276245,2.581439018249512,2.8031933307647705,2.8237669467926025,2.722679615020752,2.8863892555236816,2.9634900093078613,2.89833927154541,2.971043109893799
SNRdb0_p335_049_1020,1.0615862607955933,1.3865829706192017,1.6664474010467532,1.399811863899231,1.5484262704849243,1.6811649799346924,1.3741559982299805,1.557830572128296,1.6879700422286987,1.6536285877227783,1.6218411922454834
SNRdb5_p298_056_1020,1.1772212982177734,1.3962273597717283,1.676867961883545,1.5768461227416992,1.8313438892364504,1.6911901235580444,1.4435851573944092,1.5703870058059692,1.781247615814209,1.80097496509552,1.893795371055603
SNRdb10_p343_018_1020,1.3563164472579956,2.1250576972961426,2.1494643688201904,2.3228528499603267,2.261458396911621,2.3733742237091064,2.2739005088806152,2.3799803256988525,2.6063578128814697,2.596886157989502,2.5448226928710938
SNRdb20_p339_213_1020,2.664414644241333,2.6127769947052,2.8844726085662837,2.8271563053131104,2.665034532546997,3.137173175811768,2.978256702423096,2.9422318935394287,2.8704545497894287,3.2243597507476807,3.009262800216675
SNRdb0_p360_313_1033,1.1488385200500488,1.2173413038253784,1.2458781003952026,1.2247397899627686,1.3879584074020386,1.5866117477416992,1.4268937110900881,1.389414668083191,1.339807152748108,1.5865161418914795,1.555905818939209
SNRdb5_p339_212_1033,1.303807258605957,1.618797779083252,1.7470452785491943,1.648683786392212,1.8889338970184328,1.91519832611084,1.8187968730926516,1.9689577817916868,2.0525095462799072,1.553539514541626,2.1794376373291016
SNRdb10_p343_366_1033,1.2388184070587158,2.0050210952758794,2.104736804962158,2.479717254638672,2.1138839721679688,2.688517808914185,2.3603222370147705,2.3957550525665283,2.4713945388793945,2.313920021057129,2.5633935928344727
SNRdb20_p246_135_1033,2.226312160491944,2.522765874862671,2.8825511932373047,2.784787893295288,3.0104293823242188,3.2437386512756348,2.939592838287353,2.970250606536865,2.957539319992065,2.908774375915528,3.2012946605682373
SNRdb0_p299_251_1038,1.0895373821258545,1.5247647762298584,1.5728604793548584,1.5815393924713137,1.6279693841934204,1.934272289276123,1.5425095558166504,1.8623819351196291,1.947359085083008,2.2113571166992188,2.12366271018982
SNRdb5_p298_185_1038,1.2173413038253784,1.8463815450668333,1.9107067584991453,1.9684602022171018,2.2900946140289307,2.239758014678955,1.9738649129867556,2.2317578792572017,2.3142354488372803,2.508131980895996,2.301307678222656
SNRdb10_p298_343_1038,1.774081110954285,2.2101645469665527,2.2949838638305664,2.255980968475342,2.2773807048797607,2.537569284439087,2.242550611495972,2.477933406829834,2.4365010261535645,2.593189477920532,2.4805915355682373
SNRdb20_p343_106_1038,1.1791143417358398,2.5189666748046875,2.696479320526123,1.7325565814971924,3.139493227005005,2.875833749771118,2.548255920410156,2.919093608856201,3.0954840183258057,3.2338545322418213,3.1622533798217773
SNRdb0_p299_349_105,1.1720050573349,1.8990514278411863,2.1303048133850098,2.0137269496917725,1.958429455757141,2.5414602756500244,1.849729061126709,2.17235803604126,2.6531202793121342,2.333423852920532,2.740992307662964
SNRdb5_p306_119_105,1.1699222326278689,1.7481646537780762,2.0084145069122314,1.768445372581482,2.1940596103668213,2.1267592906951904,1.7731013298034668,1.897786021232605,2.0445406436920166,2.383070945739746,2.256840229034424
SNRdb10_p303_344_105,1.7141107320785522,2.568345308303833,2.677525520324707,2.6154208183288574,2.744648694992065,2.898056030273437,2.658406972885132,2.8301119804382324,2.9349744319915767,2.7532823085784908,2.8317563533782963
SNRdb20_p281_227_105,2.7614209651947017,2.8297951221466064,2.49247145652771,2.6995019912719727,2.8023667335510254,2.3288071155548096,2.5732522010803223,2.6227707862854004,2.9950239658355717,2.8709867000579834,2.5953505039215092
SNRdb0_p281_449_1104,1.0460723638534546,1.3180989027023315,1.192811131477356,1.3619565963745115,1.5005943775177002,1.6954948902130127,1.3513869047164917,1.4226634502410889,1.435848593711853,1.471912860870361,1.5889663696289062
SNRdb5_p281_440_1104,1.311033844947815,1.5125951766967771,1.5825920104980469,1.3625166416168213,1.6108560562133791,1.7117471694946291,1.3732541799545288,1.572102189064026,1.611459255218506,1.6170313358306885,1.6044119596481323
SNRdb10_p281_218_1104,1.8715605735778809,2.261319875717163,2.2764205932617188,1.94974946975708,2.1630392074584956,2.190292835235596,2.041693925857544,2.1982681751251216,2.055286407470703,2.1841812133789062,2.1510684490203857
SNRdb20_p303_018_1104,2.061227560043335,2.430175542831421,2.440511465072632,2.731147050857544,3.0449001789093018,3.0732190608978267,2.942040205001831,2.9769611358642583,2.9781494140625,2.9492588043212886,3.0204191207885738
SNRdb0_p281_262_114,1.0666097402572632,1.3474302291870115,1.4348185062408447,1.3331161737442017,1.4516115188598633,1.4767289161682131,1.400468826293945,1.5287504196166992,1.8396522998809812,1.5656416416168213,1.611174702644348
SNRdb5_p306_319_114,1.1215009689331057,1.2773551940917969,1.4760717153549194,1.332153081893921,1.3423932790756226,1.387193202972412,1.2949819564819336,1.4146298170089722,1.4196316003799438,1.6108038425445557,1.41500985622406
SNRdb10_p306_199_114,1.2172390222549438,1.6366028785705566,2.062949180603028,1.7727866172790527,2.0995316505432133,2.068634271621704,1.6993956565856934,1.8291406631469729,2.032416582107544,2.279876947402954,2.1362781524658203
SNRdb20_p299_147_114,2.4872186183929443,2.94032883644104,3.1902072429656982,2.913468599319458,2.881720304489136,3.4048073291778564,3.080034017562866,3.440810203552246,3.5659611225128174,3.18740463256836,3.5149822235107417
SNRdb0_p249_244_1147,1.1371768712997437,1.4046624898910522,1.3697742223739624,1.5021111965179443,1.6292831897735596,1.6483979225158691,1.5416452884674072,1.59881591796875,1.698249340057373,1.7433137893676758,1.619962215423584
SNRdb5_p281_448_1147,1.0650296211242676,1.324904203414917,1.352571725845337,1.344007968902588,1.5295418500900269,1.6262922286987305,1.4642094373703003,1.4562417268753052,1.5758407115936282,1.7039650678634644,1.5728795528411863
SNRdb10_p335_406_1147,1.5291082859039309,1.648237943649292,2.186572313308716,2.213614225387573,2.699660301208496,2.765272617340088,2.2188878059387207,2.3011181354522705,2.2816390991210938,2.7942683696746826,2.801797866821289
SNRdb20_p303_120_1147,2.2586565017700195,2.437445163726806,2.46697998046875,2.8672585487365723,2.6525700092315674,2.715096950531006,3.032843828201294,3.131921529769897,3.156925678253174,2.9426364898681636,2.856098175048828
SNRdb0_p343_260_1151,1.116686224937439,1.4397454261779783,1.7192275524139404,1.5450953245162964,1.893735647201538,2.06441330909729,1.6655735969543457,1.7905919551849363,1.8887732028961184,2.3631415367126465,2.3530704975128174
SNRdb5_p246_224_1151,1.185630202293396,1.5305318832397459,1.613832712173462,1.7428205013275146,2.0903875827789307,1.94324254989624,1.7130534648895264,1.8500686883926392,2.1277472972869877,2.2021853923797607,2.07497239112854
SNRdb10_p281_007_1151,1.6132051944732666,1.6279649734497068,1.388104796409607,1.7660864591598509,1.9572551250457764,2.316544771194458,1.7841458320617676,2.0148074626922607,2.344888925552368,2.1663897037506104,2.225545644760132
SNRdb20_p281_446_1151,2.559036493301392,2.0617094039916988,2.7684929370880127,2.800476551055908,2.526423215866089,2.8320350646972656,2.5031042098999023,2.9479749202728267,2.8276455402374268,2.961092710494995,2.8481361865997314
SNRdb0_p251_212_1156,1.2105066776275637,1.500058889389038,1.5031571388244631,1.6408278942108154,1.734565258026123,1.8860406875610352,1.752804398536682,1.6461117267608645,2.0441665649414062,2.0216436386108403,1.7684948444366455
SNRdb5_p281_403_1156,1.0903754234313965,1.6636018753051758,1.7355484962463381,1.7256464958190918,1.8362176418304443,1.6353901624679563,1.8504170179367063,1.953805923461914,2.1655702590942383,2.1207013130187993,2.0079479217529297
SNRdb10_p281_007_1156,2.0178029537200928,2.1544084548950195,1.5928051471710205,2.1736283302307133,2.2977404594421387,2.4909346103668213,2.1086220741271973,2.094054937362671,2.618104219436645,2.5810351371765137,2.403025388717652
SNRdb20_p360_263_1156,3.1430184841156006,3.1105518341064453,3.20851993560791,3.0155353546142583,2.9837002754211426,2.8721749782562256,2.8219988346099854,3.0463855266571045,2.828761577606201,3.2224693298339844,3.1383719444274902
SNRdb0_p360_161_1159,1.0953915119171145,1.1937333345413208,1.3339449167251587,1.2056691646575928,1.3606436252593994,1.3806084394454956,1.1630308628082275,1.2787225246429443,1.274370193481445,1.3039610385894775,1.3918988704681396
SNRdb5_p298_288_1159,1.2177153825759888,1.7259236574172974,1.907689332962036,1.7019410133361816,1.9617726802825928,2.04209303855896,1.6652076244354248,1.7988812923431396,1.8681764602661133,1.8658134937286377,2.064780712127685
SNRdb10_p303_344_1159,1.5570282936096191,2.476599931716919,2.695162534713745,2.4681766033172607,2.4924640655517583,2.7331712245941158,2.594296455383301,2.635476589202881,2.7941901683807373,2.518228530883789,2.690295696258545
SNRdb20_p343_087_1159,1.297477126121521,1.5496766567230225,1.5797829627990725,2.8150343894958496,2.7722902297973637,2.8456299304962163,2.546323299407959,1.9620846509933472,2.62751841545105,2.7850582599639893,2.905210256576538
SNRdb0_p306_246_1161,1.0455318689346311,1.1807548999786377,1.2632453441619873,1.2545018196105957,1.3710215091705322,1.5558182001113892,1.266502022743225,1.3503727912902832,1.3984591960906982,1.3567825555801392,1.6509294509887695
SNRdb5_p303_130_1161,1.1049147844314575,1.2364358901977541,1.3834587335586548,1.259274125099182,1.335554599761963,1.3482866287231443,1.2650494575500488,1.5798423290252686,1.3302243947982788,1.6878596544265747,1.327555537223816
SNRdb10_p251_104_1161,1.3934341669082642,1.8269422054290767,1.9585709571838381,1.9849091768264768,2.349592924118042,2.2593929767608643,2.0579171180725098,2.3097219467163086,2.4495465755462646,2.320542097091675,2.4547595977783203
SNRdb20_p251_024_1161,2.2376635074615483,2.413076877593994,2.428882360458374,2.616288423538208,2.491938829421997,2.5618691444396973,2.6920344829559326,2.644409656524658,2.888261079788208,2.699840784072876,2.530739545822144
SNRdb0_p249_269_1173,1.0568684339523315,1.3073681592941284,1.4697787761688232,1.3617544174194336,1.6457650661468506,1.6642297506332395,1.3618483543395996,1.6417851448059082,1.6732527017593384,1.6359701156616209,1.5911611318588257
SNRdb5_p303_220_1173,1.1129169464111328,1.3935643434524536,1.587432622909546,1.507798433303833,1.635284423828125,1.9015977382659912,1.5127257108688354,1.7425289154052734,1.6481904983520508,1.7823038101196291,2.1223986148834233
SNRdb10_p343_341_1173,1.3227592706680298,2.0608012676239014,2.274755477905273,2.0636420249938965,2.4881420135498047,2.517406940460205,2.0428035259246826,2.344372034072876,2.259235620498657,2.537939071655273,2.5791749954223637
SNRdb20_p306_139_1173,1.392717719078064,1.7859137058258057,1.7757217884063718,2.5449211597442627,1.9300901889801023,2.076073408126831,1.9001921415328982,2.4745423793792725,2.287469387054444,2.337164163589477,1.9856137037277224
SNRdb0_p249_024_1181,1.0490931272506714,1.2752716541290283,1.3886866569519043,1.3721128702163696,1.5399432182312012,1.5818994045257568,1.3292796611785889,1.4805405139923096,1.5829336643218994,1.4824432134628296,1.618513107299805
SNRdb5_p249_255_1181,1.1704424619674685,1.3757636547088623,1.790669322013855,1.5649633407592771,1.7225104570388794,1.76862633228302,1.4741003513336182,1.7920819520950315,1.8576265573501587,1.7711944580078125,1.7596538066864014
SNRdb10_p335_184_1181,1.2207351922988892,1.952253341674805,2.269686460494995,2.2154061794281006,2.305978536605835,2.393345355987549,2.2036378383636475,2.345386505126953,2.49349308013916,2.484825134277344,2.564157724380493
SNRdb20_p306_119_1181,1.6875412464141846,2.6011857986450195,2.873448371887207,2.797379970550537,2.9073846340179443,2.9941232204437256,2.850844383239746,3.1048073768615723,3.001840829849243,2.9347531795501713,3.0644121170043945
SNRdb0_p246_227_1202,1.3258216381072998,1.333259344100952,1.350623607635498,1.347658634185791,1.4077624082565308,1.3909566402435305,1.2775661945343018,1.4922897815704346,1.5119549036026,1.4849870204925537,1.436023235321045
SNRdb5_p303_074_1202,1.3623768091201782,2.2677149772644043,2.3240246772766118,2.140770435333252,2.309010982513428,2.239834308624268,2.2472736835479736,2.2490193843841557,2.4467995166778564,2.329289197921753,2.276432991027832
SNRdb10_p251_050_1202,1.4618278741836548,1.5292692184448242,1.576527118682861,1.5060880184173584,1.4203448295593262,1.4999321699142456,1.5324558019638062,1.5241231918334959,1.5762943029403689,1.550039529800415,1.7200188636779783
SNRdb20_p306_202_1202,2.655940294265747,2.6151435375213623,2.787931203842163,2.7292075157165527,2.822714805603028,2.897362232208252,2.6626131534576416,2.9115164279937744,2.6849439144134517,2.6192643642425537,2.8313026428222656
SNRdb0_p303_087_1211,1.0556154251098633,1.200800538063049,1.3779640197753906,1.287475824356079,1.4952718019485474,1.3827192783355713,1.2032263278961182,1.5055357217788696,1.4781371355056765,1.341929316520691,1.4509831666946411
SNRdb5_p281_151_1211,1.42151939868927,1.6382027864456177,1.7405216693878174,1.7216660976409912,2.1616380214691158,2.1719729900360107,1.7551904916763306,2.1753039360046387,1.9680631160736084,2.2814295291900635,2.1970696449279785
SNRdb10_p281_313_1211,1.4279533624649048,1.981863021850586,1.604888677597046,1.8223639726638796,2.143253326416016,2.0271744728088383,2.088068008422852,2.0276894569396973,2.180492401123047,2.176520586013794,1.9337143898010252
SNRdb20_p306_133_1211,2.24031138420105,2.4878835678100586,2.793710470199585,2.721596956253052,2.8863239288330083,2.9209139347076416,2.865678071975708,2.9822194576263428,2.8326287269592285,2.865560293197632,2.7156872749328613
SNRdb0_p249_125_1214,1.1149827241897583,1.4611940383911133,1.4815723896026611,1.7173142433166504,1.8933629989624023,1.851639032363892,1.51359224319458,1.6678618192672732,1.9843065738677976,1.8856877088546755,1.820120096206665
SNRdb5_p249_340_1214,1.2741239070892334,1.5468089580535889,1.7846651077270508,1.7763885259628296,2.155815601348877,2.1006026268005367,1.651928186416626,1.9090940952301023,1.8334853649139404,1.8890624046325684,2.1926565170288086
SNRdb10_p343_389_1214,1.4550126791000366,2.4722580909729004,2.4407522678375244,2.737147331237793,2.5648512840271,2.9724555015563965,2.5083484649658203,2.807734251022339,2.9078516960144043,1.931414008140564,3.0219485759735107
SNRdb20_p360_005_1214,2.578558444976806,2.4168901443481445,2.2010416984558105,2.9078357219696045,2.067655086517334,2.6462173461914062,2.585866689682007,2.80930233001709,2.959144830703736,2.715893507003784,2.612649440765381
SNRdb0_p339_389_1219,1.1335393190383911,1.46316659450531,1.6231586933135986,1.4115124940872192,1.8443788290023804,1.965036511421204,1.4804021120071411,1.7223074436187744,1.8569414615631104,1.80007004737854,2.015566110610962
SNRdb5_p251_270_1219,1.198223114013672,1.6838009357452393,1.7017192840576172,1.7605985403060913,2.084205150604248,1.9577558040618896,2.0094954967498784,2.0802409648895264,2.0831341743469243,2.0105655193328857,2.2144689559936523
SNRdb10_p360_191_1219,2.1114542484283447,2.324972629547119,2.597454071044922,2.3740336894989014,2.7438831329345703,2.8449349403381348,2.4619150161743164,2.7501018047332764,2.911088705062866,2.858210802078247,2.7780702114105225
SNRdb20_p306_086_1219,2.437329769134521,2.836094617843628,2.705673933029175,2.8162157535552983,2.6303136348724365,2.391398429870605,2.7385292053222656,2.8539633750915527,2.78604507446289,2.740612268447876,2.395938873291016
SNRdb0_p360_243_1242,1.1023396253585815,1.2075414657592771,1.2201918363571167,1.257693886756897,1.237945795059204,1.3120625019073486,1.179243087768555,1.291911482810974,1.4115217924118042,1.4737262725830078,1.527462363243103
SNRdb5_p343_204_1242,1.185300350189209,1.4897717237472534,1.5959906578063965,1.62666916847229,1.7171086072921753,1.724548578262329,1.6361753940582275,1.790212869644165,2.2773373126983643,1.7367148399353027,1.8713425397872925
SNRdb10_p360_275_1242,1.6815979480743408,2.1945726871490483,2.4592719078063965,2.354822874069214,2.570883512496948,2.5266897678375244,2.423395156860352,2.4066402912139893,2.322776556015014,2.698552370071411,2.5760295391082764
SNRdb20_p249_139_1242,2.5361244678497314,3.066723346710205,2.9802477359771733,3.093557596206665,3.068564176559448,3.326986074447632,3.146791219711304,3.3606173992156982,3.4352169036865234,3.0118989944458012,3.2860426902771
SNRdb0_p281_305_1244,1.0356682538986206,1.1683928966522217,1.218705415725708,1.2010498046875,1.3090665340423584,1.36162531375885,1.188029646873474,1.289452075958252,1.3107739686965942,1.4274237155914309,1.4316259622573853
SNRdb5_p298_282_1244,1.154371738433838,1.4754406213760376,1.4440760612487793,1.5378706455230713,1.74898099899292,2.002316951751709,1.6032576560974119,1.5829734802246094,1.891772508621216,2.3911538124084477,2.1540067195892334
SNRdb10_p299_307_1244,1.1996910572052002,2.134042739868164,2.7193615436553955,2.3333117961883545,2.497191905975342,2.6674160957336426,2.4308922290802,2.85464859008789,2.5007033348083496,2.689138889312744,2.7209153175354004
SNRdb20_p306_137_1244,2.0188336372375493,2.2319753170013428,2.595434188842773,2.7541277408599854,2.725163221359253,2.929763078689575,2.3993980884552,2.6896677017211914,2.9967827796936035,2.6100223064422607,2.946387767791748
SNRdb0_p339_320_1246,1.1760265827178955,2.086791038513184,2.098426342010498,1.8246626853942869,2.31960129737854,2.5265426635742188,2.2401084899902344,2.5135374069213867,2.332229852676392,1.6455881595611572,1.7027325630187988
SNRdb5_p281_151_1246,1.252888798713684,1.6197550296783447,1.7626078128814695,1.5684857368469238,2.088235378265381,2.145026445388794,1.657936930656433,1.7293899059295654,1.6593927145004272,1.886807918548584,2.1132831573486333
SNRdb10_p306_284_1246,1.3294782638549805,2.201037645339966,2.2458302974700928,1.9926936626434328,2.06089186668396,2.392219066619873,2.064309597015381,2.1855244636535645,2.2683119773864746,2.3367483615875244,2.39973521232605
SNRdb20_p299_386_1246,2.0266032218933105,2.733176946640014,2.3000588417053223,2.474838256835937,2.3579659461975098,2.6764163970947266,3.078434705734253,2.634241342544556,2.723017454147339,3.0233113765716557,2.6716396808624268
SNRdb0_p299_287_1254,1.0570125579833984,1.1712157726287842,1.2166566848754885,1.2558159828186035,1.32915198802948,1.3678120374679563,1.1443053483963013,1.288998007774353,1.296973466873169,1.2900903224945068,1.4184327125549316
SNRdb5_p249_024_1254,1.0626479387283323,1.3891855478286743,1.642871618270874,1.630683183670044,1.7410086393356323,1.7658433914184568,1.551288366317749,1.6236984729766846,1.678592085838318,1.601491093635559,1.8063130378723145
SNRdb10_p249_262_1254,1.68025004863739,2.129013061523437,2.5482542514801025,2.430194854736328,2.5326573848724365,2.916783094406128,2.465248107910156,2.694035768508911,2.861961841583252,2.6899313926696777,2.967026710510254
SNRdb20_p343_090_1254,1.4094356298446655,3.1032686233520512,2.8685543537139893,2.800292730331421,3.0523853302001958,2.002606153488159,3.2566280364990234,2.9034152030944824,3.2726805210113525,2.935002088546753,2.898809671401977
SNRdb0_p299_093_1278,1.1703112125396729,1.9703755378723145,1.7888301610946655,1.7064406871795654,2.0028951168060303,2.4658498764038086,1.8966035842895508,1.9493741989135744,2.2098066806793213,1.6066901683807373,2.376636505126953
SNRdb5_p360_387_1278,1.5830111503601074,1.5779926776885986,1.5644482374191284,2.1864330768585205,2.35060715675354,2.337785243988037,1.9699021577835083,1.9617072343826292,2.0979974269866943,2.2864041328430176,1.9776811599731443
SNRdb10_p299_396_1278,1.4280232191085815,2.670779228210449,3.0239477157592773,2.7346463203430176,2.4524154663085938,3.1090683937072754,2.897797107696533,2.887489557266236,3.06909704208374,2.705493450164795,3.0942251682281494
SNRdb20_p339_392_1278,2.750551700592041,3.3224568367004395,3.185590982437134,3.18131422996521,3.2588980197906494,3.3101007938385014,3.3721730709075928,3.3619203567504883,3.4187889099121094,3.335775136947632,3.368083238601685
SNRdb0_p299_300_1295,1.089242935180664,1.331066370010376,1.5434610843658447,1.339963436126709,1.423534274101257,1.76641583442688,1.474902868270874,1.6665811538696291,1.8916983604431152,1.4050127267837524,1.7952356338500977
SNRdb5_p249_132_1295,1.0856661796569824,1.3627150058746338,1.4311342239379885,1.5926166772842407,1.872485637664795,1.9968454837799072,1.5407609939575195,1.8117153644561768,2.0509557723999023,1.763277530670166,1.8270971775054927
SNRdb10_p281_181_1295,1.7751286029815674,1.7023562192916868,1.7975934743881226,2.359903335571289,1.7522435188293457,2.4958059787750244,2.3919360637664795,2.656904697418213,2.4416882991790767,2.366765260696411,2.38222336769104
SNRdb20_p360_018_1295,2.2499065399169917,2.500600576400757,2.495025873184204,2.7044341564178467,2.6407766342163086,3.0393340587615967,2.6732289791107178,2.6576521396636963,2.838643312454224,2.8353667259216313,2.7415847778320312
SNRdb0_p246_172_1302,1.0899319648742676,1.3069987297058103,1.277785062789917,1.3653645515441897,1.33823561668396,1.437675952911377,1.3871076107025146,1.5298268795013428,1.5483198165893557,1.4456980228424072,1.615992307662964
SNRdb5_p281_296_1302,1.3808060884475708,1.61761474609375,1.7407778501510618,1.6825764179229736,1.890736103057861,1.9542524814605715,1.6283873319625854,1.7573896646499634,1.7406129837036133,1.8741521835327148,1.9982054233551023
SNRdb10_p281_440_1302,1.2615889310836792,1.343008279800415,1.4788717031478882,1.3931812047958374,1.651221752166748,1.5976526737213137,1.379643201828003,1.5138490200042725,1.686186671257019,1.6683615446090698,1.618325114250183
SNRdb20_p306_115_1302,1.7296997308731081,2.4858219623565674,2.688600778579712,2.6130857467651367,2.594738006591797,2.223324775695801,2.5456366539001465,2.701228618621826,2.729243755340576,2.7067408561706543,2.541308641433716
SNRdb0_p249_160_1314,1.0415467023849487,1.1764099597930908,1.314760446548462,1.2615025043487549,1.451223850250244,1.632974624633789,1.2503581047058103,1.41577410697937,1.470403075218201,1.4981186389923096,1.5892057418823242
SNRdb5_p339_110_1314,1.0996965169906616,1.8069368600845337,2.0256917476654053,1.914832353591919,1.9927840232849119,2.210029602050781,1.861114263534546,2.1330957412719727,2.2077624797821045,2.1931347846984863,2.480769157409668
SNRdb10_p298_300_1314,1.6348044872283936,2.2169315814971924,2.2756476402282715,2.349861860275269,2.620561122894287,2.580729722976685,2.354008436203003,2.471493721008301,2.5858941078186035,2.64282488822937,2.608417272567749
SNRdb20_p246_260_1314,2.0814967155456543,2.8058767318725586,2.673877716064453,2.7923312187194824,2.7422800064086914,2.9564414024353027,2.8591787815093994,2.942143440246582,3.0952036380767822,2.820873737335205,2.7354469299316406
SNRdb0_p246_227_1322,1.053799033164978,1.1171271800994873,1.129202365875244,1.1457257270812988,1.2478036880493164,1.3356250524520874,1.1541666984558103,1.3159635066986084,1.4274389743804932,1.329232692718506,1.4503637552261353
SNRdb5_p249_208_1322,1.0788778066635132,1.218716740608215,1.3324729204177856,1.3101534843444824,1.516235589981079,1.5571541786193848,1.2938932180404663,1.4583518505096436,1.5862555503845217,1.495910406112671,1.4832749366760254
SNRdb10_p306_111_1322,1.1710426807403564,1.4793795347213743,1.6084895133972168,1.785442590713501,1.9113256931304927,1.9767600297927856,1.6386582851409912,1.7585041522979736,1.9961298704147337,1.8937902450561523,2.1065070629119877
SNRdb20_p335_096_1322,1.994083404541016,2.504577875137329,2.6861629486083984,2.3824303150177,2.646343469619751,2.7964351177215576,2.6024720668792725,2.7315762042999268,2.5873949527740483,2.807501554489136,2.802044630050659
SNRdb0_p303_203_1349,1.0638154745101929,1.3898888826370241,1.3491264581680298,1.4088051319122314,1.5210695266723633,1.3953567743301392,1.322326898574829,1.5182616710662842,1.6727864742279053,1.6691309213638306,1.6627280712127686
SNRdb5_p299_024_1349,1.126279354095459,1.4133639335632324,1.6018152236938477,1.7030229568481443,1.7411514520645142,1.8653597831726076,1.522144079208374,1.8656988143920896,2.0099866390228267,1.9638316631317136,2.3104827404022217
SNRdb10_p299_247_1349,1.2790313959121704,1.74931001663208,2.02478575706482,1.9634103775024412,1.9370903968811035,2.1644954681396484,1.6597912311553955,1.8407649993896484,2.2695391178131104,2.082153081893921,2.1899652481079097
SNRdb20_p303_120_1349,1.5677175521850586,2.0654773712158203,2.3227131366729736,2.61284613609314,2.353719711303711,2.490452527999878,2.618133306503296,2.636399030685425,2.862621068954468,2.6721067428588867,2.613852500915528
SNRdb0_p306_147_1353,1.0349001884460451,1.349303960800171,1.4558817148208618,1.3535003662109375,1.51102614402771,1.5098869800567627,1.3314138650894165,1.3981921672821045,1.4056438207626345,1.393042802810669,1.5962750911712646
SNRdb5_p335_259_1353,1.2594234943389893,1.6865320205688477,2.0783767700195312,1.9303758144378664,2.3465828895568848,2.4564309120178223,1.8369491100311282,2.2780261039733887,2.3651280403137207,2.2987635135650635,2.0946590900421143
SNRdb10_p298_162_1353,1.7759504318237305,1.9630651473999023,2.37186050415039,2.652290344238281,2.6966207027435303,2.438845634460449,2.18799090385437,2.697425842285156,2.7302021980285645,2.664128541946411,2.80937123298645
SNRdb20_p246_320_1353,2.7938928604125977,3.1786043643951416,3.2175114154815674,3.2049403190612797,3.288203239440918,3.298374652862549,3.1569488048553467,3.329188585281372,3.3821833133697514,2.9239048957824707,3.2212958335876465
SNRdb0_p360_131_1369,1.1442800760269165,1.2680740356445312,1.3570491075515747,1.4484395980834959,1.6581612825393677,1.5283305644989014,1.3248169422149658,1.4475406408309937,1.4707435369491575,1.629860281944275,1.50657057762146
SNRdb5_p306_018_1369,1.1534165143966677,1.5462663173675537,2.02028489112854,1.7056212425231934,2.0118639469146733,1.945655345916748,1.662278413772583,2.1241259574890137,2.0577118396759038,2.1392757892608643,2.106996774673462
SNRdb10_p306_219_1369,1.3600680828094482,1.9287366867065432,2.3751087188720703,2.332938432693481,2.121235609054565,2.5176234245300293,2.0066485404968257,2.573902368545532,2.414388656616211,2.240013599395752,2.2330186367034908
SNRdb20_p335_043_1369,1.7175371646881104,2.597919464111328,2.3686153888702397,2.346451759338379,2.847722053527832,2.866374492645264,2.5014939308166504,2.508754253387451,2.9788615703582764,2.9870035648345947,2.847982168197632
SNRdb0_p343_291_1380,1.115359902381897,1.5899056196212769,1.7230983972549438,1.5306978225708008,1.7629435062408447,2.1097514629364014,1.6886231899261477,2.0122005939483643,2.0604915618896484,1.8331346511840818,2.2455074787139893
SNRdb5_p246_278_1380,1.1616977453231812,1.605842351913452,2.0794389247894287,1.7395460605621338,2.098971128463745,2.243438243865967,1.7379508018493652,2.295994758605957,2.098629236221313,2.3111815452575684,2.4849753379821777
SNRdb10_p246_235_1380,1.5960960388183594,2.225592374801636,2.398625373840332,2.3849189281463623,2.6417467594146733,2.3629069328308105,2.325000286102295,2.692474365234375,2.7016527652740483,2.7434792518615723,2.643710136413574
SNRdb20_p251_283_1380,2.5876882076263428,2.570314645767212,3.0296823978424072,2.9142975807189937,2.912114143371582,3.1661911010742188,2.791238784790039,3.0948941707611084,3.0291445255279537,3.15901255607605,3.167866945266724
SNRdb0_p303_005_1385,1.0630279779434204,1.2361854314804075,1.370732307434082,1.340606927871704,1.514820575714111,1.5345501899719238,1.3049962520599363,1.5167707204818726,1.6212511062622068,1.5607683658599854,1.579111933708191
SNRdb5_p246_135_1385,1.249376654624939,1.5171946287155151,1.678048849105835,1.592711329460144,2.0375292301177983,2.1517252922058105,1.8242027759552,1.8725677728652956,2.0838067531585693,2.1336925029754643,2.2203640937805176
SNRdb10_p246_240_1385,2.045818567276001,2.7921550273895264,2.5830929279327397,2.657778739929199,2.8748202323913574,2.889463186264038,2.964404582977295,2.7170641422271733,2.8892230987548833,3.0782177448272705,2.9848949909210205
SNRdb20_p246_095_1385,2.587250232696533,2.874262571334839,2.7692317962646484,2.9481770992279053,3.1337034702301025,3.106176853179932,2.8757057189941406,2.86825966835022,3.196386814117432,3.1691415309906006,3.224770784378052
SNRdb0_p246_240_1400,1.1502299308776855,1.3521051406860352,1.5851783752441406,1.5540306568145752,1.6557995080947876,1.6026567220687866,1.4662017822265625,1.7527307271957395,1.593541383743286,1.7595218420028689,1.658275842666626
SNRdb5_p303_046_1400,1.05593740940094,1.3718279600143433,1.7013078927993774,1.529735803604126,1.8123410940170288,1.719227313995361,1.4939414262771606,1.7830557823181152,1.678027629852295,1.9441328048706052,1.8786240816116333
SNRdb10_p298_019_1400,1.2599737644195557,1.3101739883422852,1.530190348625183,1.497507929801941,1.737752079963684,1.8652611970901491,1.441630244255066,1.6686054468154907,1.7575123310089111,1.8953207731246948,1.9213165044784544
SNRdb20_p335_161_1400,2.0385291576385502,2.8503754138946533,3.017455577850342,2.8372912406921387,2.752035140991211,3.1101479530334477,3.1257121562957764,3.1052725315093994,3.328742504119873,3.1361174583435063,3.0799744129180913
SNRdb0_p299_381_1449,1.090296983718872,1.4171956777572632,1.5611960887908936,1.483135223388672,1.7130041122436523,1.8442249298095703,1.533885478973389,1.8345706462860107,1.8782517910003664,1.6779472827911377,1.776729941368103
SNRdb5_p246_271_1449,1.2045588493347168,1.4668216705322266,1.5670976638793943,1.4846557378768919,1.6604526042938232,1.8365843296051023,1.5216633081436155,1.562164306640625,1.9278864860534668,1.907839298248291,1.8847652673721316
SNRdb10_p335_360_1449,1.272885799407959,2.067718505859375,2.4834153652191158,2.3264272212982178,2.524801731109619,2.8958539962768555,2.2273478507995605,2.4286048412323,2.639796733856201,2.677865505218506,2.9108848571777344
SNRdb20_p298_047_1449,2.2986788749694824,2.19142484664917,2.2945187091827397,2.537493228912353,2.5883629322052,2.5607950687408447,2.603144645690918,2.5838065147399902,2.6846482753753658,2.8259024620056152,2.8276987075805664
SNRdb0_p339_265_147,1.068557858467102,1.405832052230835,1.6229166984558103,1.2610681056976318,1.5147281885147097,1.9652276039123533,1.3047914505004885,1.4950039386749268,1.401057243347168,1.3729798793792725,2.003349781036377
SNRdb5_p343_267_147,1.0657674074172974,1.2372475862503052,1.2698938846588137,1.2355802059173584,1.2661303281784058,1.324084997177124,1.3053988218307495,1.3412855863571167,1.4598826169967651,1.3050220012664795,1.3380157947540283
SNRdb10_p360_112_147,1.1567693948745728,1.1196743249893188,1.1534157991409302,1.1440858840942385,1.1505038738250732,1.2013016939163208,1.2168478965759275,1.3102391958236694,1.2869246006011963,1.342963933944702,1.3066656589508057
SNRdb20_p303_300_147,1.4240484237670898,1.8459210395812988,2.221787691116333,1.9077301025390625,2.0699572563171387,2.2325806617736816,1.9169819355010984,2.320878505706787,2.373004674911499,2.1177971363067627,2.240788221359253
SNRdb0_p335_085_1482,1.108930587768555,1.5255177021026611,1.7157759666442869,1.4132095575332642,1.7537736892700195,1.5911452770233154,1.4699978828430176,1.5334141254425049,1.5805351734161377,2.006793975830078,2.1285173892974854
SNRdb5_p306_218_1482,1.0855647325515747,1.5336370468139648,1.7266850471496582,1.5397343635559082,1.6400680541992188,1.8761026859283447,1.6715340614318848,1.7339391708374023,1.798007249832153,1.9495682716369631,2.04297399520874
SNRdb10_p298_264_1482,1.6502938270568848,2.668592929840088,2.328418016433716,2.650357723236084,2.8284900188446045,2.9124019145965576,2.841417074203491,2.940824031829834,2.618392944335937,2.93407940864563,2.9596598148345947
SNRdb20_p249_125_1482,2.4494078159332275,2.69462513923645,2.980897188186645,2.8868391513824463,2.972995519638061,3.0077829360961914,2.830137014389038,3.230712890625,3.1454334259033203,3.061204671859741,3.071462392807007
SNRdb0_p339_277_1505,1.0620458126068115,1.3249341249465942,1.284302830696106,1.320897340774536,1.4188717603683472,1.4495689868927002,1.3759031295776367,1.36903715133667,1.417655348777771,1.6056716442108154,1.5262655019760132
SNRdb5_p246_210_1505,1.2193820476531982,1.6875567436218262,1.6231279373168943,1.6527308225631714,2.026590585708618,1.9729018211364744,1.7052619457244873,1.9401942491531368,1.9927886724472048,1.9205708503723145,1.9232721328735352
SNRdb10_p335_141_1505,1.1711652278900146,1.696736454963684,2.0258679389953613,1.9802291393280032,2.0026040077209477,2.1983716487884517,1.9358532428741453,2.058473825454712,2.1604106426239014,2.1561501026153564,2.3399975299835205
SNRdb20_p339_340_1505,1.479306936264038,2.7292001247406006,2.825340032577514,2.853794574737549,3.0643033981323238,3.299433708190918,2.89258885383606,2.895430088043213,2.8511316776275635,3.2380034923553467,3.3078408241271973
SNRdb0_p303_282_1511,1.0694589614868164,1.2251235246658323,1.5680872201919556,1.3480247259140017,1.5783188343048096,1.3742787837982178,1.3228601217269895,1.6657719612121582,1.612099051475525,1.628143072128296,1.7927193641662598
SNRdb5_p335_182_1511,1.1776107549667358,1.4192028045654297,1.6234943866729736,1.6818642616271973,1.787485957145691,1.9751511812210083,1.4736392498016355,1.968585968017578,2.015187740325928,1.8999711275100708,1.7947306632995603
SNRdb10_p306_351_1511,1.273989200592041,1.759730100631714,1.7628471851348877,1.8095699548721316,1.8470716476440432,1.9437170028686523,1.7766479253768919,1.8004019260406494,2.2404100894927983,2.2353157997131348,2.000861406326294
SNRdb20_p339_182_1511,1.6408478021621704,3.4726483821868896,3.5516319274902344,3.4922974109649663,3.4867985248565674,3.502227067947388,3.3794989585876465,3.5131311416625977,3.5915012359619136,3.4337878227233887,3.4002444744110107
SNRdb0_p335_048_1513,1.0401186943054201,1.130073070526123,1.2171238660812378,1.1706846952438354,1.3073779344558716,1.31078839302063,1.1400277614593506,1.3351922035217283,1.3419435024261477,1.351365566253662,1.6305110454559326
SNRdb5_p303_220_1513,1.139844536781311,1.4466221332550049,1.6286170482635498,1.7223222255706787,2.000753402709961,2.0340051651000977,1.4522820711135864,1.696669340133667,1.7089732885360718,1.8751256465911863,2.1644515991210938
SNRdb10_p360_342_1513,1.340367317199707,1.7985184192657468,1.5686728954315186,1.6274478435516355,1.888500690460205,2.2005112171173096,1.9315266609191892,1.8505029678344729,2.0612738132476807,2.0315396785736084,1.8725481033325195
SNRdb20_p246_311_1513,1.7736495733261108,2.1536686420440674,2.3683974742889404,2.3842144012451167,2.563208818435669,2.514394044876098,2.15753436088562,2.133373737335205,2.531888723373413,2.1713912487030034,2.3916263580322266
SNRdb0_p298_120_152,1.0975877046585083,1.4592463970184326,1.631895661354065,1.5038609504699707,1.5832449197769165,1.715203046798706,1.5669233798980713,1.7732768058776855,1.7253174781799316,1.7773902416229248,1.8705712556838991
SNRdb5_p303_202_152,1.133641004562378,1.8003429174423218,2.1386711597442627,2.0216879844665527,2.2864041328430176,1.841594219207764,1.96066689491272,2.0653822422027592,2.2557029724121094,2.3885200023651123,2.024625539779663
SNRdb10_p343_093_152,1.1791558265686035,1.6004033088684082,2.216991662979126,1.9504138231277464,2.4784390926361084,2.385892629623413,2.0202882289886475,2.3027629852294917,2.417940378189087,2.402205228805542,2.3249170780181885
SNRdb20_p249_203_152,2.191415309906006,2.353477001190185,2.464322566986084,2.6936872005462646,2.6919949054718018,2.5509912967681885,2.4981415271759038,2.5139236450195312,2.5327935218811035,2.7896225452423096,2.847409963607788
SNRdb0_p251_136_154,1.0337666273117063,1.1478906869888306,1.1867902278900146,1.178144931793213,1.2261898517608645,1.2823688983917236,1.1536808013916016,1.2976541519165041,1.279186725616455,1.2585059404373171,1.1643823385238647
SNRdb5_p303_083_154,1.0783671140670776,1.244556546211243,1.3626710176467896,1.3911921977996826,1.4807020425796509,1.5412780046463013,1.469450831413269,1.5186481475830078,1.7555252313613892,1.5842320919036863,1.7259206771850586
SNRdb10_p303_288_154,1.2886183261871338,1.863708257675171,2.431770801544189,2.145263671875,2.181795835494995,2.4779059886932373,1.9400131702423096,2.251429796218872,2.2833032608032227,2.301853656768799,2.5190818309783936
SNRdb20_p251_327_154,1.981217622756958,2.332631349563598,2.2565724849700928,2.434500932693481,2.587252140045166,2.679583787918091,2.0943748950958248,2.3070743083953857,2.340975522994995,2.7498998641967773,2.629506349563598
SNRdb0_p339_046_1541,1.110725164413452,1.2777180671691897,1.5250351428985596,1.4901530742645264,1.8729345798492432,1.7662168741226196,1.3573060035705566,1.9552559852600095,1.824139714241028,1.8714137077331543,1.943300008773804
SNRdb5_p360_143_1541,1.4633041620254517,2.06709098815918,1.8011897802352903,1.6955842971801758,2.00073790550232,2.3674328327178955,2.107695341110229,2.39235782623291,2.434429168701172,2.4938490390777592,2.7545127868652344
SNRdb10_p281_375_1541,1.853506088256836,1.7803452014923096,1.6133208274841309,2.07449722290039,1.9165430068969729,1.9952120780944824,1.455901026725769,2.103355407714844,1.9515714645385744,2.0535211563110347,1.938774585723877
SNRdb20_p306_319_1541,2.3198904991149902,2.7178938388824463,2.179306507110596,2.8410003185272217,2.385161161422729,2.028555154800415,2.7304728031158447,2.155630111694336,2.9883251190185547,2.9057521820068364,2.2372641563415527
SNRdb0_p246_271_1552,1.0788626670837402,1.1849675178527832,1.2215690612792969,1.2453382015228271,1.2969690561294556,1.504087209701538,1.2918405532836914,1.389727234840393,1.4533226490020752,1.572352170944214,1.727973461151123
SNRdb5_p335_182_1552,1.0699102878570557,1.18074369430542,1.211223602294922,1.19679057598114,1.3452848196029663,1.5470647811889648,1.278007984161377,1.3409967422485352,1.4689772129058838,1.5449957847595217,1.6228134632110596
SNRdb10_p339_095_1552,1.1787580251693726,1.9564073085784912,2.577277421951294,2.3386998176574707,2.614140033721924,2.9660403728485107,2.5822482109069824,2.662212371826172,2.726517677307129,2.643352508544922,2.8900599479675293
SNRdb20_p246_320_1552,2.13207483291626,2.51003646850586,2.447052478790283,2.7553837299346924,2.937949657440185,2.4745252132415767,2.915082693099976,2.555006742477417,2.545383930206299,2.469202280044556,2.668666124343872
SNRdb0_p281_037_1567,1.140626072883606,1.280228853225708,1.3214523792266846,1.3576054573059082,1.4559104442596436,1.5084121227264404,1.3249622583389282,1.4455949068069458,1.4201174974441528,1.6420239210128784,1.5196547508239746
SNRdb5_p343_140_1567,1.1316837072372437,1.4035564661026,1.3891679048538208,1.357909917831421,1.4691448211669922,1.4473657608032229,1.512510061264038,1.5045971870422363,1.5208218097686768,1.4457676410675049,1.4309037923812866
SNRdb10_p335_146_1567,1.2474491596221924,2.123178243637085,2.1032979488372803,2.4316232204437256,2.109539031982422,1.8742963075637815,2.243584632873535,2.201019763946533,2.380173444747925,2.469357252120972,2.535268545150757
SNRdb20_p335_106_1567,2.5770432949066158,2.842760801315308,3.1573772430419917,3.198113918304444,3.0185585021972656,3.0578877925872803,3.1356916427612305,3.2235927581787114,3.3485844135284424,3.2615392208099365,3.160398006439209
SNRdb0_p251_356_1573,1.0444172620773315,1.15623676776886,1.2026569843292236,1.226205348968506,1.3699766397476196,1.2885140180587769,1.1952807903289795,1.2915750741958618,1.4596807956695557,1.3422274589538574,1.36920428276062
SNRdb5_p343_049_1573,1.1381055116653442,1.5046106576919556,1.6691339015960691,1.6115596294403076,1.715733766555786,1.6864883899688718,1.600481033325195,1.6976239681243896,1.704487442970276,2.1475906372070312,2.025484323501587
SNRdb10_p246_278_1573,1.5009381771087646,2.0119733810424805,2.223466396331787,2.1283657550811768,2.201435804367065,2.412466526031494,2.0615816116333012,2.358891010284424,2.418923139572144,2.494882822036743,2.76213002204895
SNRdb20_p303_344_1573,2.2520246505737305,2.9032881259918213,3.091811418533325,2.99234676361084,2.968437910079956,3.124562978744507,3.021247386932373,3.0303385257720947,3.2141685485839844,3.0579221248626713,3.160820484161377
SNRdb0_p303_288_1606,1.104932188987732,1.4024698734283447,1.7676641941070557,1.603895902633667,1.9230798482894895,2.0757408142089844,1.4751536846160889,1.8437111377716064,1.9245624542236328,1.90962016582489,2.0528888702392583
SNRdb5_p335_071_1606,1.2593693733215332,1.6614797115325928,2.0164999961853027,1.6185472011566162,1.7077357769012451,2.1931600570678706,1.5810940265655518,1.8314136266708372,1.6176798343658447,2.0453016757965092,1.7033687829971311
SNRdb10_p360_255_1606,1.539348602294922,1.603385329246521,1.5595223903656006,1.5017659664154053,1.6410844326019287,2.0586185455322266,1.537566304206848,1.560024976730347,1.5193445682525637,1.8875868320465088,1.9987425804138184
SNRdb20_p299_302_1606,2.728121519088745,3.143277406692505,3.2979111671447754,3.3933229446411133,3.2320444583892822,3.436708211898804,3.44645619392395,3.4776551723480225,3.781991720199585,3.4921107292175293,3.5643129348754883
SNRdb0_p246_255_1613,1.140190839767456,1.4645017385482788,1.5210657119750977,1.4423278570175169,1.685138463973999,1.5682015419006348,1.4944324493408203,1.7956466674804688,1.8079264163970947,1.67588472366333,1.898862600326538
SNRdb5_p281_455_1613,1.1091920137405396,1.6034929752349854,1.517983078956604,1.8208192586898804,2.3013792037963867,2.3619420528411865,1.8135757446289065,1.9589624404907229,2.265131711959839,2.17299222946167,2.169955015182495
SNRdb10_p360_147_1613,1.9535067081451416,2.398479700088501,2.580175876617432,2.4132213592529297,2.5848000049591064,2.572723865509033,2.379464864730835,2.560157299041748,2.6172356605529785,2.4340040683746342,2.715430498123169
SNRdb20_p339_241_1613,1.5124857425689695,2.9915225505828857,3.0585951805114746,2.925968885421753,3.139052391052246,3.1659481525421143,3.164386987686157,3.320415496826172,3.4056098461151123,3.164070844650269,3.5319104194641118
SNRdb0_p339_074_17,1.1154013872146606,1.5557966232299805,1.6726582050323486,1.7561120986938477,1.77219557762146,2.0385873317718506,1.625192165374756,1.768017053604126,1.944510817527771,1.9117510318756104,2.011131048202514
SNRdb5_p246_315_17,1.1994181871414185,1.7173972129821775,1.4673005342483518,1.6952570676803589,1.8898962736129759,1.873877763748169,1.9962111711502075,1.6871123313903809,2.070625305175781,1.9858777523040767,1.7972371578216553
SNRdb10_p246_352_17,1.6332573890686035,2.1735315322875977,2.4176700115203857,2.348682403564453,2.587665557861328,2.4615204334259038,2.4118447303771973,2.5985164642333984,2.638434648513794,2.550530433654785,2.6923985481262207
SNRdb20_p339_061_17,1.49963641166687,3.0267019271850586,2.478723526000977,3.1353642940521236,2.485137224197388,3.0614864826202397,3.0303804874420166,3.16994571685791,2.659586906433105,3.1027963161468506,2.764516592025757
SNRdb0_p298_287_174,1.092492938041687,1.477465271949768,1.5813655853271484,1.6533972024917605,1.8180532455444336,2.213805675506592,1.5158406496047974,1.7455761432647705,1.9308969974517824,2.0316820144653316,2.2487897872924805
SNRdb5_p246_287_174,1.3392859697341921,1.6507854461669922,1.7638342380523682,1.6708320379257202,1.938985824584961,1.780867338180542,1.9052445888519287,2.0249338150024414,2.0120298862457275,2.2035503387451167,1.7568349838256836
SNRdb10_p343_186_174,1.426396727561951,2.2592597007751465,2.644514560699463,2.379517078399658,2.6368415355682373,2.6158583164215092,2.3424389362335205,2.8469760417938232,2.7676103115081787,2.7126495838165283,2.875916004180908
SNRdb20_p306_244_174,2.6753771305084233,2.995121717453003,3.1395249366760254,3.1326849460601807,3.2041287422180176,2.989626407623291,3.1840741634368896,3.39084267616272,3.312469482421875,3.2092244625091557,3.089952230453491
SNRdb0_p343_292_177,1.050807237625122,1.3632433414459229,1.3103173971176147,1.383482813835144,1.3118189573287964,1.3602042198181152,1.421348214149475,1.4731048345565796,1.5375604629516602,1.5441665649414062,1.7552943229675293
SNRdb5_p298_170_177,1.1350973844528198,1.3059004545211792,1.5290770530700684,1.3835580348968506,1.6145142316818235,1.691134691238403,1.3548575639724731,1.5199687480926514,1.668406963348389,1.747504472732544,1.6692746877670288
SNRdb10_p251_225_177,1.453765869140625,1.925769925117493,1.980352640151977,1.896456718444824,2.1439988613128658,2.267040967941284,2.02544903755188,2.284451961517334,2.4015071392059326,2.5192229747772217,2.2276499271392822
SNRdb20_p335_024_177,1.6892960071563718,2.102792501449585,2.3501572608947754,2.1044602394104004,2.295329332351685,2.276340246200561,2.249969005584717,2.487161636352539,2.5214545726776123,2.804142713546753,2.286385297775269
SNRdb0_p343_191_219,1.0476032495498655,1.1458998918533323,1.5599453449249268,1.307983160018921,1.7244117259979248,1.7964797019958496,1.2034465074539185,1.5023715496063232,1.4095364809036257,1.747130274772644,1.8073819875717163
SNRdb5_p249_110_219,1.105013370513916,1.2758499383926392,1.5984454154968262,1.3497531414031982,1.5263221263885498,1.5751826763153076,1.4053277969360352,1.6512058973312378,1.7534826993942259,1.742302656173706,1.7495627403259275
SNRdb10_p298_366_219,1.8673255443573,2.2857508659362797,2.544529438018799,2.6653709411621094,2.711710929870605,2.679800748825073,2.5584633350372314,2.5969533920288086,2.7895824909210205,2.9187965393066406,2.8117239475250244
SNRdb20_p246_320_219,2.47550892829895,2.730021953582764,2.9383270740509038,2.9016096591949463,3.0091817378997803,2.652431964874268,2.86966609954834,3.0815126895904537,2.9148108959198,2.6528332233428955,2.6949424743652344
SNRdb0_p343_182_246,1.1247478723526,1.27778959274292,1.3300949335098269,1.6729309558868408,1.4450615644454956,1.513061761856079,1.3394153118133545,1.6584560871124268,1.7384686470031738,1.4057921171188354,1.4489647150039673
SNRdb5_p306_052_246,1.1033506393432615,1.5150368213653564,1.6218568086624146,1.6465494632720947,1.7543171644210815,1.752380132675171,1.573445439338684,1.7137708663940432,1.8380060195922847,1.7448174953460691,1.7861901521682741
SNRdb10_p335_318_246,1.153538942337036,1.448718786239624,1.7891108989715576,1.8647544384002688,1.9053895473480225,1.8688457012176516,1.5855963230133057,1.8538497686386108,1.932575225830078,1.7302628755569458,2.1291964054107666
SNRdb20_p249_034_246,2.6802899837493896,2.4425041675567627,2.2942678928375244,2.372577428817749,2.7955825328826904,2.5801661014556885,2.232494592666626,2.3286025524139404,2.369503736495972,2.27847671508789,2.411808967590332
SNRdb0_p299_375_25,1.08367919921875,1.2899923324584959,1.4482048749923706,1.4209465980529783,1.6374869346618652,1.6935343742370603,1.425798773765564,1.4938162565231323,1.7883408069610596,1.714332103729248,1.7713956832885742
SNRdb5_p343_199_25,1.1411792039871216,1.65578031539917,1.978189468383789,1.667212963104248,2.364051103591919,2.023031711578369,1.6835607290267944,2.046079158782959,1.7855522632598877,2.079071283340454,2.260221242904663
SNRdb10_p299_385_25,1.1351321935653689,1.9878890514373782,2.203845739364624,2.1148309707641597,2.062662363052368,2.254180431365967,2.05199670791626,2.539403200149536,2.3267505168914795,2.222113609313965,2.446277141571045
SNRdb20_p299_312_25,1.8991080522537231,2.478555679321289,2.372334241867065,2.17197847366333,2.54531478881836,2.3250961303710938,2.6669843196868896,2.5345888137817383,2.6445472240448,2.893273115158081,3.0040400028228764
SNRdb0_p343_093_284,1.046899676322937,1.1606903076171875,1.177034616470337,1.2095019817352295,1.2608484029769895,1.328299045562744,1.170490264892578,1.1681978702545166,1.228525161743164,1.213027834892273,1.5599167346954346
SNRdb5_p249_018_284,1.1291537284851074,1.308936595916748,1.4475470781326294,1.4328986406326294,1.5739631652832031,1.6334545612335205,1.406293511390686,1.44127094745636,1.5361199378967283,1.6324542760849,1.6490697860717771
SNRdb10_p299_062_284,1.2054586410522459,1.9693682193756104,2.036184787750244,1.782786846160889,2.263802289962769,2.554568290710449,2.1677296161651607,2.270812749862671,2.456276655197144,2.227677822113037,2.7120466232299805
SNRdb20_p281_448_284,1.893096208572388,2.286588191986084,1.906860947608948,2.3586084842681885,2.53460693359375,2.5130600929260254,2.470916986465454,2.3682281970977783,2.4899325370788574,2.680062294006348,2.3661766052246094
SNRdb0_p299_292_285,1.0948163270950315,1.4429609775543213,1.8316500186920168,1.5189979076385498,1.8554854393005369,2.1105599403381348,1.593825101852417,2.0202889442443848,2.0015325546264653,1.5016486644744873,2.3366169929504395
SNRdb5_p343_007_285,1.1072547435760498,1.295067548751831,1.3990660905838013,1.5475574731826782,1.6569186449050903,1.7918044328689575,1.3907095193862915,1.6736707687377932,1.748718500137329,1.7973825931549072,1.9566382169723509
SNRdb10_p251_087_285,1.308184266090393,1.5310814380645752,2.0495500564575195,1.9389536380767824,2.0257735252380367,2.236633062362671,1.900556683540344,2.40630316734314,2.293763875961304,2.2056918144226074,2.223083734512329
SNRdb20_p299_093_285,1.50010347366333,3.3761250972747803,3.1856727600097656,3.258991241455078,3.3730037212371826,3.2889304161071777,3.409743547439575,3.3396837711334233,3.4325771331787114,3.2913472652435303,3.461564064025879
SNRdb0_p251_230_289,1.0538784265518188,1.273129940032959,1.3439904451370241,1.3752195835113523,1.4080990552902222,1.4655613899230957,1.3842990398406982,1.458208680152893,1.6324632167816162,1.5899664163589478,1.544565200805664
SNRdb5_p306_083_289,1.1446959972381592,1.907492995262146,2.110380887985229,2.2597696781158447,2.3555612564086914,2.514291524887085,2.304702043533325,2.5556814670562744,2.494072914123535,2.688687324523926,2.4703588485717773
SNRdb10_p298_204_289,1.5344400405883791,2.1811835765838623,2.478963613510132,2.312582492828369,2.6332261562347408,2.418066501617432,2.3692562580108643,2.566202163696289,2.737914085388184,2.604832172393799,2.584756374359131
SNRdb20_p306_222_289,1.3681728839874268,3.0319538116455083,2.8826689720153813,3.011796712875366,2.967990636825561,3.336944580078125,3.1620514392852783,3.3874933719635014,3.2174360752105717,3.1194698810577397,3.1677634716033936
SNRdb0_p335_224_306,1.0592774152755735,1.3858628273010254,1.6114389896392822,1.512160062789917,1.7084118127822876,1.8310520648956297,1.4629786014556885,1.58782696723938,1.5704593658447266,1.5227060317993164,1.7508192062377932
SNRdb5_p303_338_306,1.134092926979065,1.5635664463043213,1.6501144170761108,1.7610223293304443,1.8657069206237795,1.814483642578125,1.5796419382095337,1.5283033847808838,1.8857996463775637,1.8971681594848635,2.0409204959869385
SNRdb10_p335_206_306,1.293600082397461,2.148728609085083,1.9839813709259035,2.058462619781494,2.3413677215576167,2.50192666053772,2.229655742645264,2.465769529342652,2.509726524353028,2.5741994380950928,2.7014758586883545
SNRdb20_p251_112_306,2.2840139865875244,2.449352979660034,2.6608507633209233,2.468821287155152,2.549248456954956,2.69876766204834,2.6716408729553223,2.767729520797729,2.8089327812194824,2.812161922454834,2.7926716804504395
SNRdb0_p343_090_334,1.0483922958374023,1.1283373832702637,1.226299285888672,1.3668391704559326,1.6030054092407229,1.6528847217559814,1.2081481218338013,1.2545675039291382,1.6887001991271973,1.6141326427459717,1.725045919418335
SNRdb5_p335_007_334,1.1017920970916748,1.2837347984313965,1.6277937889099119,1.4317610263824463,1.7359695434570312,1.921552777290344,1.3528965711593628,1.6064713001251218,1.5440189838409424,1.7288010120391846,1.532682180404663
SNRdb10_p298_258_334,1.613569974899292,2.1324748992919917,2.5012874603271484,2.086627244949341,2.560385465621948,2.352531909942627,2.0568134784698486,2.6133358478546143,2.333440065383911,2.4985055923461914,2.6160504817962646
SNRdb20_p246_320_334,2.2796456813812256,2.617156982421875,2.8919773101806636,2.9974701404571533,3.051899671554565,2.573395252227783,2.863256931304932,3.1366977691650386,2.9610466957092285,2.545863151550293,2.7001726627349854
SNRdb0_p339_212_342,1.0802736282348633,1.2107137441635132,1.3501523733139038,1.316641092300415,1.4557967185974119,1.6313847303390503,1.356595516204834,1.3284165859222412,1.5358059406280518,1.496268391609192,1.5945396423339844
SNRdb5_p343_186_342,1.106115221977234,1.2618203163146973,1.542870044708252,1.4527912139892578,1.739997148513794,1.792722225189209,1.624461054801941,1.717532515525818,2.0200021266937256,1.971355676651001,1.8991107940673828
SNRdb10_p343_104_342,1.103879690170288,1.370005488395691,1.4202319383621216,1.6392076015472412,1.473133563995361,1.679109811782837,1.32700777053833,1.4264285564422607,1.632641077041626,1.6400933265686035,1.7263261079788208
SNRdb20_p306_185_342,1.8205293416976929,2.0352435111999507,2.58237624168396,2.042652368545532,2.2400691509246826,2.2304494380950928,2.24511456489563,2.4508063793182373,2.16506028175354,2.37980318069458,2.276188850402832
SNRdb0_p360_147_365,1.1192333698272705,1.5175442695617676,1.5749351978302002,1.5309586524963381,1.5912264585494995,1.669222354888916,1.373005986213684,1.623524785041809,1.7200225591659546,1.6917283535003662,1.7269158363342283
SNRdb5_p339_389_365,1.1940983533859253,1.6722869873046875,2.0289695262908936,1.829864501953125,2.237349510192871,2.2735869884490967,1.9031673669815063,1.9558980464935305,2.188250780105591,2.271593809127808,2.272458076477051
SNRdb10_p335_373_365,1.2487698793411257,2.2262074947357178,2.201030969619751,1.9997012615203855,2.8324732780456543,2.697294950485229,2.4573867321014404,2.326279163360596,2.5884206295013428,2.623110055923462,3.0814418792724614
SNRdb20_p339_095_365,2.6510674953460693,3.2292048931121826,3.4219388961791988,2.881910562515259,3.3697760105133057,3.3742318153381348,3.3527655601501465,3.443103313446045,3.0700812339782715,3.449426651000977,3.5376169681549072
SNRdb0_p335_193_40,1.3144114017486572,1.963775634765625,2.251430988311768,2.0666348934173584,2.3098158836364746,2.5307376384735107,1.9855132102966309,2.0879931449890137,2.31602144241333,2.1970326900482178,2.3253631591796875
SNRdb5_p249_018_40,1.6163920164108276,2.105298519134521,2.021472930908203,2.18603777885437,2.451954126358032,2.4439892768859863,2.1344308853149414,2.2917745113372803,2.2816262245178223,2.5126898288726807,2.553593397140503
SNRdb10_p299_094_40,1.3340541124343872,2.3098933696746826,2.609280824661255,2.650055408477783,2.824029922485352,2.7518885135650635,2.597081422805786,2.636270523071289,2.5247039794921875,2.5389790534973145,2.8334286212921143
SNRdb20_p299_302_40,1.6396708488464355,2.369602918624878,3.021840810775757,3.339625597000122,3.1798837184906006,3.3727235794067383,2.498019933700561,3.286473274230957,3.504323005676269,3.289823055267334,3.4590847492218018
SNRdb0_p281_313_403,1.1263529062271118,1.235328197479248,1.2086974382400513,1.2142250537872314,1.357238531112671,1.438767671585083,1.3333134651184082,1.4165763854980469,1.486327052116394,1.3514752388000488,1.5000406503677368
SNRdb5_p339_320_403,1.171175837516785,1.9787123203277588,2.16796350479126,1.7987234592437744,1.8741017580032349,2.160396814346313,2.0113558769226074,2.268334150314331,2.1221070289611816,2.058823823928833,2.4665207862854004
SNRdb10_p281_161_403,1.3488099575042725,1.6447091102600098,1.82832670211792,1.6661458015441897,1.8344008922576904,1.9582197666168213,1.9601697921752932,1.905759334564209,2.121429443359375,2.06150221824646,2.0538387298583984
SNRdb20_p335_071_403,1.803250312805176,2.278558254241944,2.5560555458068848,2.869964122772217,2.5135223865509038,2.3002610206604004,2.374495267868042,2.520709276199341,3.0034937858581543,2.9535841941833496,2.0547189712524414
SNRdb0_p335_050_413,1.1177101135253906,1.535830020904541,1.500772476196289,1.4263708591461182,1.5374202728271484,1.5821614265441897,1.367866277694702,1.7164044380187988,1.7976346015930176,1.4867228269577026,1.8594951629638672
SNRdb5_p298_366_413,1.3795475959777832,1.7024906873703003,1.902357816696167,1.8283917903900144,1.7424577474594116,2.060560941696167,1.88067889213562,1.8017475605010984,2.126168727874756,1.820262432098389,2.0484304428100586
SNRdb10_p251_115_413,1.5637931823730469,2.1817607879638667,2.2843735218048096,1.95623517036438,2.352334260940552,2.05321741104126,2.1116836071014404,2.5492477416992188,2.446786880493164,2.5069708824157715,2.347907066345215
SNRdb20_p335_351_413,2.4441053867340092,2.7419414520263667,2.5101866722106934,2.7980382442474365,2.7292850017547607,2.6664514541625977,2.94368839263916,3.034998178482056,3.1571154594421387,2.9434292316436768,2.617401123046875
SNRdb0_p298_179_435,1.0334150791168213,1.2166959047317505,1.366944670677185,1.2862844467163086,1.5432857275009155,1.6025292873382568,1.250404715538025,1.3104007244110107,1.339222073554993,1.5253498554229736,1.6459965705871582
SNRdb5_p249_208_435,1.120841383934021,1.2898799180984497,1.5472997426986694,1.38187575340271,1.628664493560791,1.578215479850769,1.3647023439407349,1.7712552547454834,1.6224827766418457,1.6309859752655032,1.5513296127319336
SNRdb10_p339_389_435,1.241192102432251,1.8228397369384768,2.105785131454468,2.0940837860107417,2.276729822158813,2.2041423320770264,1.9322347640991209,2.0616543292999268,2.1861164569854736,2.3060431480407715,2.2895395755767822
SNRdb20_p298_042_435,2.205276727676392,3.0309062004089355,2.4097461700439453,2.7638401985168457,3.149008512496948,2.900908231735229,3.0083832740783687,3.185380220413208,2.9930126667022705,2.996433734893799,2.9116885662078857
SNRdb0_p306_256_450,1.070073485374451,1.2495096921920776,1.3277772665023804,1.3092989921569824,1.4765533208847046,1.4454592466354368,1.3270134925842283,1.4664514064788818,1.5128871202468872,1.5728883743286133,1.576615571975708
SNRdb5_p251_285_450,1.078211784362793,1.40221905708313,1.403433322906494,1.4915175437927246,1.7398566007614136,1.8034818172454836,1.5548306703567505,1.7502434253692627,1.9002534151077268,1.8118236064910889,1.862526774406433
SNRdb10_p281_368_450,1.4110398292541504,1.5531213283538818,1.759548544883728,1.8058459758758545,2.0101854801177983,2.2058088779449463,1.8205559253692627,1.9956896305084229,1.9795966148376465,2.0209553241729736,2.119628667831421
SNRdb20_p281_418_450,2.5094974040985107,2.2892332077026367,2.059566736221313,1.8900802135467532,2.9170436859130864,2.479564666748047,2.399697542190552,2.1497392654418945,2.5575263500213623,2.826454162597656,2.4012603759765625
SNRdb0_p251_178_477,1.0586676597595217,1.2864980697631836,1.2774635553359983,1.3144426345825195,1.4180855751037598,1.6046128273010254,1.2820841073989868,1.423393964767456,1.484291911125183,1.5533759593963623,1.7655892372131348
SNRdb5_p251_339_477,1.1400177478790283,1.4363641738891602,1.4893467426300049,1.440176486968994,1.5561364889144895,1.6828899383544922,1.6030321121215818,1.7061361074447632,1.6624648571014404,1.872943639755249,1.6967235803604126
SNRdb10_p306_162_477,1.2837543487548828,1.9789621829986568,2.711234331130981,2.3959767818450928,2.7335681915283203,2.6073284149169917,2.4618923664093018,2.8718278408050537,2.753218412399292,2.5676753520965576,2.9214041233062744
SNRdb20_p299_038_477,2.293329954147339,2.96716833114624,2.8929898738861084,2.8695194721221924,2.7946135997772217,3.2508790493011475,3.08957576751709,3.1191594600677486,3.073271989822388,3.2453899383544917,3.3206706047058105
SNRdb0_p299_319_483,1.0594708919525146,1.3020590543746948,1.3535304069519043,1.4876261949539185,1.405206322669983,1.6166815757751465,1.3558156490325928,1.254172921180725,1.3917012214660645,1.436523199081421,1.535880446434021
SNRdb5_p299_074_483,1.1186126470565796,1.451397180557251,1.8536385297775269,1.7668416500091553,1.94455361366272,2.2639880180358887,1.8565534353256223,2.2212393283843994,2.055628061294556,1.976117253303528,2.3375263214111333
SNRdb10_p303_172_483,1.2027816772460938,1.5809280872344968,1.711672067642212,1.7657103538513184,2.316977500915528,2.100639820098877,1.7997589111328125,1.8944296836853027,2.0110056400299072,1.9192187786102293,2.247023582458496
SNRdb20_p249_005_483,2.0160129070281982,2.1656737327575684,2.4680285453796387,2.420954465866089,2.55021595954895,2.6241180896759038,2.472517490386963,2.623476266860962,2.667217493057251,2.58644700050354,2.6990959644317627
SNRdb0_p281_211_503,1.0461084842681885,1.1424752473831177,1.1295586824417114,1.1755353212356567,1.2025251388549805,1.3265821933746338,1.1625220775604248,1.2188342809677124,1.2819703817367554,1.378381371498108,1.3908677101135254
SNRdb5_p249_255_503,1.3003714084625244,1.621070146560669,1.7730569839477541,1.852912187576294,1.9750473499298096,1.928894281387329,1.7657129764556885,2.02329683303833,2.077821016311645,2.027275800704956,2.0341231822967534
SNRdb10_p298_236_503,1.424446702003479,1.9169707298278809,1.892352104187012,2.4401743412017822,2.3375012874603267,2.3938469886779785,2.1056566238403316,1.8767693042755127,2.310929775238037,2.7384400367736816,2.4284374713897705
SNRdb20_p298_236_503,2.333622932434082,2.6319580078125,3.138590812683105,3.072795152664185,3.3284697532653813,2.9228191375732417,2.772127389907837,2.8627839088439937,3.160352945327759,3.1102123260498047,3.0331919193267822
SNRdb0_p299_243_515,1.1330536603927612,1.3401529788970947,1.6199336051940918,1.5854785442352295,1.904780864715576,1.903894662857056,1.639538288116455,1.7772233486175537,2.0009748935699463,1.9480786323547363,2.434657573699951
SNRdb5_p335_182_515,1.0851321220397951,1.2880470752716064,1.484621286392212,1.3756393194198608,1.6605099439620972,1.7060341835021973,1.3914315700531006,1.6856515407562256,1.7790956497192385,1.7557291984558103,1.7253921031951904
SNRdb10_p299_402_515,1.2882994413375854,2.254239797592163,2.421767234802246,2.722799301147461,2.353158473968506,2.74515438079834,2.49908185005188,2.6840136051177983,2.9109373092651367,2.661598920822144,2.800781011581421
SNRdb20_p335_113_515,1.5004955530166626,2.728167772293091,2.7485780715942383,2.7907750606536865,2.818943738937378,3.025410890579224,2.942712783813477,2.98209285736084,3.210835695266724,3.080133438110352,3.0995516777038574
SNRdb0_p339_135_551,1.1222245693206787,1.2908722162246704,1.9349379539489744,1.3711098432540894,1.404897689819336,1.8560228347778318,1.4276587963104248,1.8190243244171145,1.825975775718689,1.3091182708740234,2.031411409378052
SNRdb5_p303_170_551,1.1009682416915894,1.3689656257629397,1.8050603866577148,1.6319376230239868,1.6829218864440918,1.6474666595458984,1.3963841199874878,1.7265503406524658,1.680070161819458,1.6610985994338991,1.648916244506836
SNRdb10_p335_131_551,1.148470759391785,1.914132833480835,2.053474903106689,2.0497045516967773,2.406424760818481,2.013281345367432,2.0662791728973393,2.424692392349243,2.4804861545562744,2.4636502265930176,2.5229625701904297
SNRdb20_p246_151_551,2.4631919860839844,2.671407699584961,2.8293888568878174,3.038604021072388,3.14729380607605,3.226668119430542,3.1028993129730225,3.1376161575317383,3.212224006652832,3.1601650714874268,3.250368356704712
SNRdb0_p251_230_559,1.0564521551132202,1.247996211051941,1.3084214925765991,1.3423646688461304,1.401430606842041,1.4698524475097656,1.3065462112426758,1.425579309463501,1.581460952758789,1.625887155532837,1.5916393995285034
SNRdb5_p306_222_559,1.0723103284835815,1.2168985605239868,1.5709257125854492,1.4338318109512331,1.7793638706207275,1.8238370418548584,1.3705427646636963,1.4669277667999268,1.9924575090408323,1.9764080047607424,1.9432364702224727
SNRdb10_p306_038_559,1.1061207056045532,1.6714541912078855,2.11818528175354,1.8136801719665527,2.101144790649414,2.119706392288208,1.918051481246948,2.330996513366699,2.2665719985961914,2.3301095962524414,2.178150177001953
SNRdb20_p246_060_559,2.2957980632781982,2.639701128005981,2.072101831436157,2.6828651428222656,2.504405975341797,3.00986123085022,2.7656807899475098,2.339650869369507,2.908531904220581,3.0097341537475586,2.487190723419189
SNRdb0_p360_103_565,1.2056955099105835,1.3377456665039062,1.3498187065124512,1.3988690376281738,1.3906978368759155,1.4576324224472046,1.419666767120361,1.397408962249756,1.5155880451202393,1.413849115371704,1.4354289770126345
SNRdb5_p360_138_565,1.3210180997848509,1.8244245052337649,2.078865766525269,1.838845133781433,1.9942693710327148,1.9823203086853027,1.9604756832122805,2.0877835750579834,1.9614458084106443,1.8921756744384768,1.8421828746795652
SNRdb10_p303_162_565,1.1068710088729858,1.3035659790039062,1.4760339260101318,1.3758453130722046,1.985371232032776,1.5457175970077517,1.2808579206466677,1.7784059047698977,1.5101078748703003,1.5438435077667236,1.6269688606262207
SNRdb20_p335_199_565,2.1527066230773926,2.785153150558472,2.8543906211853027,2.678856611251831,2.741755723953247,3.0294039249420166,3.074965238571167,3.0662682056427,3.033252239227295,3.110121011734009,3.295129776000977
SNRdb0_p306_116_577,1.0416007041931152,1.2762088775634766,1.3905398845672607,1.2440980672836304,1.4506348371505735,1.567005634307861,1.200505614280701,1.376619577407837,1.2667663097381592,1.2117319107055664,1.5374068021774292
SNRdb5_p343_228_577,1.155359387397766,1.5178847312927246,1.63433575630188,1.6072065830230713,1.884269118309021,2.025440216064453,1.510277509689331,1.7092020511627195,1.7578706741333008,1.4084601402282717,1.968390226364136
SNRdb10_p246_318_577,1.3259533643722534,1.721763253211975,1.7720829248428345,1.8404967784881592,2.134808301925659,1.9952075481414795,1.829387187957764,1.8798301219940183,2.0369949340820312,2.170419931411743,2.226150751113892
SNRdb20_p339_005_577,1.6916637420654297,2.7540950775146484,2.4744577407836914,2.8248040676116943,3.0752286911010738,3.139906406402588,2.8384275436401367,2.701580286026001,3.0614309310913086,2.904853343963623,3.2218496799468994
SNRdb0_p360_206_581,1.1085125207901,1.242032170295715,1.3114253282546997,1.178632378578186,1.4367021322250366,1.4846923351287842,1.3884621858596802,1.604362726211548,1.5170423984527588,1.739195466041565,1.466894030570984
SNRdb5_p249_173_581,1.112704515457153,1.4777004718780518,1.8413954973220823,1.66001558303833,1.9053208827972408,1.8271136283874512,1.581508994102478,1.771565556526184,1.9754590988159182,1.8967528343200684,2.0416600704193115
SNRdb10_p281_130_581,1.5216469764709473,1.962010622024536,2.0504906177520748,1.9800349473953247,2.4209649562835693,2.495569229125977,2.1127705574035645,2.2333393096923833,2.449940919876098,2.1788206100463867,2.498889923095703
SNRdb20_p360_136_581,2.428415060043335,2.9146111011505127,2.3368511199951167,2.6702992916107178,2.915795087814331,2.8283007144927983,2.8649990558624268,2.939899444580078,2.943584442138672,2.7849814891815186,2.8556668758392334
SNRdb0_p360_024_591,1.0740751028060913,1.2343025207519531,1.2260361909866333,1.2518954277038574,1.309160232543945,1.352453112602234,1.2622345685958862,1.410788655281067,1.4638458490371704,1.3502252101898191,1.4092553853988647
SNRdb5_p281_208_591,1.2981173992156982,1.391377568244934,1.4046154022216797,1.3805373907089231,1.7140533924102783,1.5567702054977417,1.3967769145965576,1.4749329090118408,1.5589876174926758,1.471059799194336,1.5409514904022217
SNRdb10_p246_352_591,1.3817124366760254,1.925735712051392,1.8485932350158687,1.963787317276001,2.215602397918701,2.2134530544281006,2.0262463092803955,2.4003610610961914,2.298694610595703,2.180999517440796,2.328222274780273
SNRdb20_p249_217_591,2.1647133827209477,2.464354991912842,2.2231719493865967,2.325084924697876,2.0043141841888428,2.6154932975769043,2.6761395931243896,2.850276470184326,2.94092345237732,2.8953161239624023,2.605198621749878
SNRdb0_p246_338_603,1.0653327703475952,1.157045602798462,1.1410362720489502,1.1714205741882324,1.231943130493164,1.2762495279312134,1.1827162504196167,1.2711025476455688,1.3838727474212646,1.4332777261734009,1.3254090547561646
SNRdb5_p306_251_603,1.1612120866775513,1.3479089736938477,1.4759182929992676,1.5555557012557983,1.6192772388458252,1.6954519748687744,1.544697880744934,1.7230679988861084,1.612496852874756,1.7410060167312622,1.8094286918640137
SNRdb10_p298_227_603,2.3398706912994385,3.287137746810913,3.1299612522125244,3.1794803142547607,3.23743748664856,3.1240687370300293,3.27086877822876,3.3358554840087886,3.323167562484741,3.2999074459075928,3.2990415096282963
SNRdb20_p343_182_603,1.322356939315796,1.8131444454193115,2.343250036239624,1.8488116264343264,1.828906893730164,1.9059200286865237,1.8008754253387451,2.72391939163208,2.0607151985168457,1.9317251443862915,1.939891576766968
SNRdb0_p303_206_608,1.0402191877365112,1.200645923614502,1.2709113359451294,1.2666670083999634,1.4019641876220703,1.5862901210784912,1.239151120185852,1.4276783466339111,1.4992742538452148,1.3989049196243286,1.6437230110168457
SNRdb5_p303_091_608,1.127349853515625,1.6381040811538696,1.5854442119598389,1.647536039352417,1.824839472770691,1.841840744018555,1.4707659482955933,1.537219762802124,1.99651837348938,1.9974715709686282,2.019018173217773
SNRdb10_p343_052_608,1.4173661470413208,2.251054048538208,2.34233832359314,2.328990936279297,2.424076795578003,2.76302170753479,2.239912748336792,2.3145427703857417,2.293736696243286,2.8894565105438232,2.886823892593384
SNRdb20_p306_124_608,2.5773694515228267,3.06885027885437,2.912592649459839,3.0460994243621826,2.888760805130005,2.6452805995941158,2.875208854675293,2.912736654281616,3.2413253784179688,2.651238441467285,2.6600170135498047
SNRdb0_p335_115_640,1.134724736213684,1.4664783477783203,1.6386185884475708,1.6393384933471682,1.677509069442749,2.0905017852783203,1.7527909278869631,1.8195607662200928,1.9278700351715088,1.8560646772384644,2.152963638305664
SNRdb5_p303_007_640,1.0781583786010742,1.3289837837219238,1.5437273979187012,1.4034992456436155,1.5415443181991575,1.5830297470092771,1.3861535787582395,1.5754213333129885,1.626603364944458,1.7892193794250488,1.7176082134246826
SNRdb10_p251_050_640,1.4636523723602295,1.7662543058395386,1.4747939109802246,1.7992813587188718,1.9053177833557131,1.4911770820617676,1.8290854692459104,1.6325838565826416,1.9970972537994385,2.0452897548675537,2.1239960193634038
SNRdb20_p343_341_640,2.404019594192505,2.70728611946106,2.6669564247131348,2.99695086479187,2.784007787704468,2.87813401222229,2.5497283935546875,2.728343963623047,2.6614744663238525,3.1702640056610107,2.9855716228485107
SNRdb0_p281_432_651,1.0485149621963499,1.189448595046997,1.2415512800216677,1.34595787525177,1.4070322513580322,1.4269312620162964,1.3722188472747805,1.3175159692764282,1.389463186264038,1.2715587615966797,1.365217924118042
SNRdb5_p298_084_651,1.362226128578186,2.033560037612915,2.1814229488372803,2.2856099605560303,2.0536112785339355,2.352083921432495,2.199826717376709,2.3310344219207764,2.465989351272583,2.311722993850708,2.5331265926361084
SNRdb10_p306_185_651,1.2853248119354248,1.9332284927368164,2.274505615234375,2.099915027618408,2.1635887622833248,2.149690866470337,2.1843500137329097,2.351508378982544,2.146475315093994,2.3044958114624023,2.2280898094177246
SNRdb20_p251_166_651,2.5206096172332764,2.1654045581817627,2.4484176635742188,2.7424819469451904,2.3931267261505127,2.5913000106811523,2.4865880012512207,2.5387370586395264,2.557032823562622,2.545499324798584,2.444424629211426
SNRdb0_p306_115_663,1.0546044111251829,1.2633851766586304,1.582925796508789,1.4982316493988037,1.7241642475128174,1.8275089263916016,1.3908872604370115,1.6579444408416748,1.7715234756469729,1.598127007484436,1.84475576877594
SNRdb5_p281_129_663,1.0848448276519775,1.6361913681030271,1.7396194934844968,1.7196404933929443,1.858855366706848,1.9829416275024412,1.7600545883178709,1.9589744806289675,2.1176767349243164,1.932736873626709,2.080450773239136
SNRdb10_p246_098_663,1.5652186870574951,2.13103985786438,2.379903078079224,2.268643856048584,2.540109395980835,2.350895404815674,2.3122398853302,2.576149702072144,2.6599369049072266,2.521045207977295,2.4892442226409908
SNRdb20_p298_047_663,2.6431915760040283,2.8106939792633057,2.568056344985962,2.7635905742645264,2.7098102569580083,2.678854465484619,2.665064811706543,2.8991582393646236,2.863423585891724,3.0128002166748047,2.942724704742432
SNRdb0_p339_098_675,1.1063613891601562,1.2243247032165527,1.5754289627075195,1.546765685081482,1.819805145263672,1.9694499969482424,1.2556655406951904,1.518217921257019,1.8061373233795168,1.6156837940216064,2.197717905044556
SNRdb5_p335_393_675,1.2652826309204102,1.6708546876907349,1.7378387451171875,1.7352757453918457,2.0842542648315434,1.9149162769317627,1.654468059539795,1.7589335441589355,2.0075209140777592,2.0769741535186768,2.209477186203003
SNRdb10_p249_133_675,1.4623136520385742,2.1277179718017583,2.3237473964691158,2.2221391201019287,2.4152777194976807,2.516394853591919,2.2737810611724854,2.389772891998291,2.3922653198242188,2.2382183074951167,2.5562732219696045
SNRdb20_p306_055_675,2.339468002319336,2.796842336654663,2.982608795166016,2.958942413330078,3.0324578285217285,3.0592610836029053,3.097602128982544,3.131269693374634,3.1947731971740723,2.931621551513672,3.2076807022094727
SNRdb0_p360_206_683,1.113611936569214,1.2864910364151,1.3942618370056152,1.302765130996704,1.5338668823242188,1.6620204448699951,1.4214212894439695,1.5046879053115845,1.629860281944275,1.5590646266937256,1.6802369356155396
SNRdb5_p246_338_683,1.1717052459716797,1.408072590827942,1.597055196762085,1.483875036239624,1.5504043102264404,1.6211247444152832,1.6067154407501218,1.654987096786499,1.9324839115142824,1.7366278171539309,1.8916176557540891
SNRdb10_p360_141_683,1.58361554145813,2.1339032649993896,2.0665900707244877,1.9989252090454104,2.367559671401977,2.210588932037353,2.1754961013793945,2.1184008121490483,2.1810097694396973,2.0189731121063232,2.2524831295013428
SNRdb20_p298_331_683,1.9608411788940432,2.7825965881347656,2.254817008972168,2.702544689178467,2.767565488815308,3.115157127380371,2.978053569793701,2.962432384490967,2.963906526565552,2.8380043506622314,3.043736457824707
SNRdb0_p298_042_693,1.1273478269577026,1.390063762664795,1.7458548545837402,1.377313256263733,1.7012252807617188,1.735334396362305,1.366373062133789,1.9259450435638428,1.8092750310897827,1.835387706756592,1.8982264995574951
SNRdb5_p298_007_693,1.1736804246902466,1.4382541179656982,1.568007230758667,1.5310348272323608,1.725409746170044,1.8316507339477541,1.4617037773132324,1.6487410068511963,1.6513545513153076,2.039602518081665,1.9917223453521729
SNRdb10_p343_042_693,1.161455512046814,1.350081205368042,1.4656631946563718,1.5091816186904907,1.5461416244506836,1.5260086059570312,1.5214799642562866,1.5939500331878662,1.653043508529663,1.8532936573028564,1.5575573444366455
SNRdb20_p246_095_693,2.170926332473755,2.3964767456054688,2.261275291442871,2.6631290912628174,2.7822651863098145,2.885002613067627,2.538506507873535,2.452399015426636,2.857316493988037,2.7940599918365483,2.9778318405151367
SNRdb0_p281_151_702,1.2265976667404177,1.464519500732422,1.5607678890228271,1.799091339111328,1.7905597686767578,1.9049011468887331,1.57655668258667,1.857484221458435,1.9231590032577517,1.845979928970337,2.213810682296753
SNRdb5_p249_217_702,1.1866438388824463,1.4761407375335691,1.6431266069412231,1.6473476886749268,1.6683241128921509,1.9624069929122925,1.6448252201080322,1.8398716449737549,2.007836103439331,1.9207112789154053,2.077325820922852
SNRdb10_p251_007_702,1.40734601020813,1.8824963569641116,1.965098857879639,2.0544652938842773,2.430438756942749,2.2178304195404053,1.9488558769226076,2.3921549320220947,2.2902677059173584,2.597193717956543,2.689154148101806
SNRdb20_p335_115_702,2.681015491485596,3.321910858154297,3.3836176395416264,3.222975492477417,3.1422488689422607,3.469287872314453,3.3573522567749023,3.357753038406372,3.3112423419952397,3.435980319976806,3.4306981563568115
SNRdb0_p306_358_705,1.0561033487319946,1.1759943962097168,1.3459110260009766,1.33747136592865,1.314138650894165,1.441450834274292,1.2444074153900146,1.421436786651611,1.3986709117889404,1.5744476318359375,1.5801337957382202
SNRdb5_p298_130_705,1.2352997064590454,1.658731460571289,1.71837317943573,1.8878651857376096,1.7532949447631836,1.9408557415008545,1.7072714567184448,1.8360767364501955,1.9498183727264404,1.9970793724060056,2.120003223419189
SNRdb10_p299_302_705,1.177783489227295,1.7793161869049072,1.9476234912872317,2.1456000804901123,1.838143348693848,2.2444465160369877,2.052541255950928,2.208055019378662,2.7074944972991943,1.8094828128814695,2.6594624519348145
SNRdb20_p360_236_705,1.977904200553894,2.39558482170105,2.1017627716064453,2.1986677646636963,2.6358120441436768,2.3543031215667725,2.3709206581115723,2.3384110927581787,2.646673679351806,2.6324222087860107,2.48594069480896
SNRdb0_p306_024_714,1.0535514354705808,1.2151832580566406,1.308401584625244,1.2418663501739502,1.4438416957855225,1.6090785264968872,1.2319519519805908,1.4562958478927612,1.502591609954834,1.458283543586731,1.6825449466705322
SNRdb5_p249_340_714,1.258531093597412,1.6325817108154297,1.8399434089660645,1.5545316934585571,1.924720406532288,1.9932303428649905,1.8090616464614868,1.947909593582153,1.8625447750091555,1.9896271228790283,2.0135025978088383
SNRdb10_p339_347_714,1.2668299674987793,2.418034553527832,2.559123277664185,2.4761037826538086,2.5421934127807617,2.6459720134735107,2.44802188873291,2.5358033180236816,2.451323747634888,2.645840644836426,2.531682252883911
SNRdb20_p299_063_714,2.5397040843963623,2.8525612354278564,3.011958122253418,3.0293292999267583,2.976764678955078,2.8793544769287114,2.994575500488281,3.4068000316619877,3.3136303424835205,3.2984333038330083,3.0794565677642822
SNRdb0_p339_392_734,1.0436915159225464,1.1135514974594116,1.1700866222381592,1.12214195728302,1.2062132358551023,1.3061623573303225,1.10548198223114,1.178260087966919,1.1554449796676636,1.199569582939148,1.286916971206665
SNRdb5_p360_084_734,1.4833095073699951,1.49876606464386,1.4831874370574951,1.6737431287765503,1.9244838953018188,1.8535516262054443,1.775395750999451,1.8611347675323489,1.8318740129470823,2.0791215896606445,1.8771116733551023
SNRdb10_p299_065_734,1.3706580400466921,2.266408681869507,2.523606061935425,2.275665760040283,2.3516530990600586,2.755765438079834,2.500844955444336,2.7167527675628658,2.763478279113769,2.5341579914093018,2.631495237350464
SNRdb20_p298_233_734,1.6080951690673828,1.9240674972534182,1.6968238353729248,1.981329679489136,1.9308536052703855,1.8937270641326904,2.1105542182922363,2.0322515964508057,2.2664520740509038,2.3660168647766118,2.334916114807129
SNRdb0_p339_034_742,1.1163761615753174,1.3617537021636963,1.531737208366394,1.5851712226867676,1.7167997360229492,1.737884283065796,1.6265664100646973,1.5785970687866209,1.781705379486084,1.560869216918945,1.7859821319580078
SNRdb5_p306_208_742,1.1747833490371704,1.5905139446258545,1.8834755420684812,1.866112470626831,1.9621267318725584,1.968543648719788,1.7691392898559568,1.8406844139099119,1.7811684608459473,1.833329439163208,1.8958415985107424
SNRdb10_p281_182_742,1.9252595901489256,2.3568427562713623,2.636691808700561,2.608747959136963,2.6971476078033447,2.8223376274108887,2.243187665939331,2.64378023147583,2.6600096225738525,2.4367849826812744,2.5740325450897217
SNRdb20_p298_343_742,3.0921549797058105,3.480402708053589,3.5998740196228027,3.5352160930633545,3.4563782215118413,3.59332013130188,3.5002756118774414,3.531813383102417,3.7544195652008057,3.558581113815308,3.219104766845703
SNRdb0_p251_019_747,1.0364422798156738,1.129611611366272,1.1955347061157229,1.1543687582015991,1.1900871992111206,1.2644615173339844,1.1417173147201538,1.1803709268569946,1.2484283447265625,1.24701726436615,1.293846845626831
SNRdb5_p335_143_747,1.11474871635437,1.5097661018371582,1.6618449687957764,1.659624695777893,1.9285020828247068,1.9301080703735352,1.456261396408081,1.95677387714386,1.8617157936096191,1.9908517599105835,1.9450745582580569
SNRdb10_p303_172_747,1.1953891515731812,1.4923136234283447,1.820528864860535,1.7010045051574707,2.190257787704468,2.081494808197021,1.710519552230835,1.846792221069336,1.968208074569702,1.8476778268814087,2.1080191135406494
SNRdb20_p299_300_747,1.9783740043640137,2.504964590072632,2.456890821456909,2.599965810775757,2.4434964656829834,2.463674306869507,2.5174005031585693,3.0207111835479736,3.066389322280884,2.658633232116699,2.6270592212677
SNRdb0_p246_217_764,1.069732904434204,1.2268685102462769,1.311816930770874,1.36534583568573,1.3949114084243774,1.5814476013183594,1.2834351062774658,1.4427415132522583,1.5639050006866455,1.6769859790802002,1.7571606636047363
SNRdb5_p303_091_764,1.1178857088088991,1.6168880462646484,1.8016657829284668,1.590881109237671,1.9832510948181152,1.8991026878356931,1.6975461244583132,1.7468298673629759,1.8643406629562376,1.897099733352661,1.983919620513916
SNRdb10_p249_326_764,1.4679827690124512,1.8069088459014893,1.9150350093841555,1.8835771083831787,1.9850915670394895,2.0508899688720703,1.920256733894348,1.9512145519256592,1.9661765098571775,2.0696077346801762,2.097902536392212
SNRdb20_p303_259_764,2.09845232963562,2.5207676887512207,2.361224412918091,2.22522234916687,2.3132028579711914,2.344413042068481,2.559849500656128,2.698371410369873,2.6279771327972408,2.63136625289917,2.6455440521240234
SNRdb0_p343_209_804,1.0613656044006348,1.2184280157089231,1.4683971405029297,1.2929567098617554,1.624297857284546,1.5713760852813718,1.3304909467697144,1.530530571937561,1.54913330078125,1.6361596584320068,1.373079776763916
SNRdb5_p306_269_804,1.106767177581787,1.4211808443069458,1.7171790599822998,1.6315641403198242,2.0777008533477783,2.212002754211426,1.6144440174102783,2.040170431137085,2.0719735622406006,2.264819622039795,2.1733255386352544
SNRdb10_p281_349_804,1.373437523841858,2.028299570083618,1.8438342809677124,1.9379746913909912,2.30564022064209,2.360647439956665,1.9454593658447263,2.0597918033599854,2.252715349197388,2.223882913589477,2.140910387039185
SNRdb20_p299_094_804,1.372586727142334,3.09149169921875,3.034098863601685,3.0040502548217773,3.1144504547119136,3.0442423820495605,3.022014141082764,3.1276955604553223,3.128004312515259,3.2558305263519287,3.303442001342773
SNRdb0_p335_373_818,1.070730209350586,1.2881332635879517,1.2815746068954468,1.2489917278289795,1.4531753063201904,1.4215023517608645,1.381378173828125,1.381324291229248,1.607917070388794,1.3900367021560671,1.7093322277069092
SNRdb5_p299_179_818,1.1045421361923218,1.2509567737579346,1.4543465375900269,1.5742833614349363,1.601264476776123,1.779573917388916,1.3273216485977173,1.4281655550003052,1.8008966445922852,1.6517410278320312,1.640425443649292
SNRdb10_p249_139_818,1.3062355518341064,1.8772155046463013,2.196664333343506,2.0962159633636475,2.4427409172058105,2.5763511657714844,2.0411646366119385,2.327722549438477,2.5068788528442383,2.4342939853668213,2.5668163299560547
SNRdb20_p299_183_818,2.071588516235352,2.1043155193328857,2.448563575744629,2.52519965171814,2.839104652404785,2.961907863616944,2.1799678802490234,2.536890983581543,2.8690111637115483,2.7125046253204346,3.0935535430908203
SNRdb0_p249_133_836,1.0417537689208984,1.1902369260787964,1.3450827598571775,1.2963178157806396,1.49063241481781,1.6249191761016846,1.2531477212905884,1.5087482929229736,1.5165174007415771,1.5833430290222168,1.7590957880020142
SNRdb5_p298_359_836,1.1848001480102541,1.4827401638031006,1.893054485321045,1.518776774406433,2.0988428592681885,1.9874300956726076,1.4975903034210205,1.7129054069519043,1.6424820423126218,2.0521612167358403,1.82297158241272
SNRdb10_p246_350_836,1.8797242641448972,2.490508317947388,2.553028106689453,2.5522918701171875,2.4703876972198486,3.0552070140838623,2.5706801414489746,2.8300743103027344,2.752079963684082,3.2728078365325928,3.4301717281341557
SNRdb20_p298_019_836,2.134598016738892,2.0935096740722656,2.271423816680908,2.1669661998748784,2.500716209411621,2.520676374435425,2.369839906692505,2.349788188934326,2.356877326965332,2.525756359100342,2.5094239711761475
SNRdb0_p246_255_853,1.0993695259094238,1.3985939025878906,1.512265682220459,1.459991455078125,1.518688678741455,1.5340183973312378,1.4862097501754759,1.572224736213684,1.5226750373840332,1.7306164503097534,1.6564910411834717
SNRdb5_p246_035_853,1.2303552627563477,1.6382076740264893,1.7279577255249023,1.8004593849182131,1.868801832199097,1.868934273719788,1.8194679021835327,1.8006529808044434,1.786170244216919,1.9442580938339236,1.877974390983581
SNRdb10_p246_076_853,1.4322175979614258,1.7399435043334959,2.002707004547119,2.087410926818848,2.1227436065673833,2.234841823577881,1.9972083568573,2.3477237224578857,2.3606770038604736,2.5168170928955083,2.2491683959960938
SNRdb20_p360_313_853,2.7892394065856934,2.736328601837158,2.486931562423706,2.807729005813598,2.8002259731292725,2.7162084579467773,2.5229671001434326,2.6999266147613525,2.940268516540528,3.1277880668640137,2.5872342586517334
SNRdb0_p299_233_878,1.1362826824188232,1.5044815540313718,1.7069095373153689,1.5376840829849243,1.7097513675689695,1.7211425304412842,1.8899087905883791,1.6420331001281738,1.7458902597427368,1.8705066442489624,1.7586100101470947
SNRdb5_p299_307_878,1.1259863376617432,1.8789129257202148,2.246769666671753,1.9155626296997068,2.0207140445709233,2.472757339477539,2.0848965644836426,2.4513719081878658,2.3136074542999268,2.5058741569519043,2.5021414756774902
SNRdb10_p335_007_878,1.2262657880783079,1.6143536567687988,1.940908670425415,1.594177484512329,1.7045135498046875,1.5567873716354368,1.7417359352111816,1.844316482543945,1.9846776723861692,1.9604074954986568,1.5829646587371826
SNRdb20_p298_123_878,2.4316422939300537,2.909130096435547,2.8744864463806152,2.8435759544372563,2.982746362686157,3.1214232444763184,3.1160962581634517,3.091546535491944,3.10512924194336,3.1429331302642822,3.140352487564087
SNRdb0_p303_233_884,1.0422074794769287,1.183243989944458,1.2185156345367432,1.2878468036651611,1.3258066177368164,1.25221848487854,1.1662325859069824,1.2371397018432615,1.2878124713897705,1.281240463256836,1.2959364652633667
SNRdb5_p339_099_884,1.1429038047790527,1.5825232267379759,1.922577142715454,1.6288313865661619,1.9972090721130369,2.0020396709442143,1.8125133514404297,1.6870865821838381,2.113143920898437,2.325034618377685,1.9741506576538088
SNRdb10_p303_233_884,1.1463483572006226,1.6564044952392578,1.9115235805511477,1.880897045135498,1.9167342185974119,1.885404586791992,1.8705077171325684,1.8101061582565308,1.9915854930877688,1.9860583543777464,1.9793455600738523
SNRdb20_p360_161_884,2.1490478515625,2.5302934646606445,2.75705885887146,2.555483341217041,2.218759298324585,2.694077253341675,2.592727899551392,2.80667781829834,2.453665018081665,2.8628618717193604,2.8663113117218018
SNRdb0_p360_151_901,1.1678893566131592,1.3392353057861328,1.3786689043045044,1.3605979681015017,1.2688699960708618,1.2182705402374268,1.2840312719345093,1.3422720432281494,1.3656778335571291,1.282622218132019,1.3219693899154663
SNRdb5_p246_077_901,1.2675658464431765,1.4657952785491943,1.4756568670272827,1.4812310934066772,1.711129665374756,1.639258861541748,1.5358378887176514,1.8114176988601685,1.879451394081116,1.706421136856079,1.8421955108642576
SNRdb10_p246_210_901,1.3177354335784912,1.814448833465576,1.733067750930786,1.8727965354919436,2.103842496871948,2.0914061069488525,1.9097490310668943,2.147003173828125,1.9768729209899905,2.0362474918365483,2.011463165283203
SNRdb20_p303_259_901,2.069977283477783,2.372281312942505,2.091759204864502,2.1262960433959956,2.1713204383850098,2.363716125488281,2.341928720474243,2.2568554878234863,2.3547537326812744,2.5273206233978267,2.6255171298980717
SNRdb0_p343_339_914,1.0688375234603882,1.3484842777252195,1.4060806035995483,1.5385608673095703,1.3559563159942627,1.7819931507110596,1.369900107383728,1.3912607431411743,1.3862237930297852,1.8513548374176023,1.8528280258178709
SNRdb5_p249_329_914,1.351361632347107,1.714760661125183,1.9565892219543457,1.8247764110565183,2.248905897140503,2.3033101558685303,1.8650803565979004,2.1358628273010254,2.1747164726257324,2.237217903137207,2.2633206844329834
SNRdb10_p251_209_914,1.6875994205474854,2.376544713973999,2.495300531387329,2.33723258972168,2.6878681182861333,2.866286516189575,2.4454143047332764,2.595633029937744,2.313591718673706,2.866279602050781,2.778051376342773
SNRdb20_p251_287_914,2.579331874847412,2.5403146743774414,2.9056856632232666,2.658411026000977,2.8831844329833984,2.9917590618133545,2.9145007133483887,3.069141626358032,3.361161470413208,3.307649850845337,3.1009955406188965
SNRdb0_p335_226_917,1.1235153675079346,1.400471329689026,1.7093505859375,1.5597573518753052,1.7519237995147705,1.705578327178955,1.4707350730895996,1.6920251846313477,1.6896086931228638,2.0784773826599117,1.9932564496994016
SNRdb5_p298_227_917,1.576174020767212,2.3603451251983643,2.635988473892212,2.4419565200805664,2.7597768306732178,2.730168581008911,2.5192675590515137,2.774097442626953,2.9052956104278564,2.8009319305419917,2.8598735332489014
SNRdb10_p360_019_917,1.4952857494354248,1.677706956863403,1.6312310695648191,1.8475899696350095,1.8318675756454468,1.9264453649520876,1.7164093255996704,1.72830069065094,1.933152794837952,2.065268993377685,1.9615763425827024
SNRdb20_p335_364_917,1.586290955543518,3.158635377883911,3.2526981830596924,2.970423460006714,3.2403447628021236,3.22377347946167,3.298183917999268,3.3781254291534424,3.508076429367065,3.3260958194732666,3.3367295265197754
SNRdb0_p298_076_935,1.1119086742401123,1.3410818576812744,1.4373617172241209,1.4135541915893557,1.4081002473831177,1.410407781600952,1.4955224990844729,1.5286942720413208,1.6252676248550415,1.7377901077270508,1.7349519729614258
SNRdb5_p281_296_935,1.3711597919464111,1.5917630195617676,1.786623239517212,1.8914984464645384,1.8984458446502688,1.9047716856002808,1.589682936668396,1.875864624977112,1.9924010038375852,1.8265746831893919,2.0492000579833984
SNRdb10_p251_239_935,1.1878910064697266,1.9219400882720947,1.9697356224060056,2.0156693458557133,2.140576839447021,1.6905796527862549,2.0037615299224854,2.010732650756836,2.0621411800384517,1.9618179798126218,2.0711004734039307
SNRdb20_p335_346_935,2.1165771484375,2.7074363231658936,2.4128429889678955,2.508288860321045,2.74951434135437,2.9678704738616943,2.628267765045166,2.700070142745972,2.8765718936920166,2.9689807891845703,2.984506845474243
SNRdb0_p246_224_945,1.049688458442688,1.0855141878128052,1.1314409971237185,1.128967523574829,1.1343258619308472,1.256244421005249,1.1237413883209229,1.2201148271560671,1.2870028018951416,1.376555562019348,1.3548588752746582
SNRdb5_p343_087_945,1.0694364309310913,1.4383772611618042,1.6634604930877686,1.256270170211792,1.5704941749572754,1.6354217529296875,1.5499547719955444,1.6926597356796265,1.7973668575286863,1.7793327569961548,1.760252833366394
SNRdb10_p281_149_945,1.334769606590271,1.3882691860198977,1.257604718208313,1.4149034023284912,1.5857998132705688,1.7256276607513428,1.5138196945190432,1.7779719829559326,1.64117693901062,1.9290063381195068,1.666234254837036
SNRdb20_p303_319_945,2.0009753704071045,2.700922727584839,2.857465505599976,2.9010601043701167,2.8257122039794917,3.0862696170806885,3.086827516555786,3.0431041717529297,3.171725034713745,3.1032102108001713,3.1118953227996826
SNRdb0_p306_246_964,1.0360184907913208,1.160017013549805,1.235536813735962,1.267573356628418,1.393795609474182,1.4637491703033447,1.2240827083587646,1.2392082214355469,1.3941084146499634,1.2814481258392334,1.5080255270004272
SNRdb5_p298_288_964,1.2195765972137451,1.5926194190979004,1.8340734243392944,1.7829017639160156,2.187113046646118,2.5517613887786865,1.5763773918151855,2.0818748474121094,2.277085542678833,1.9356193542480469,2.095988512039185
SNRdb10_p306_083_964,1.1442666053771973,2.0108649730682373,2.2799813747406006,2.2362806797027592,2.420849084854126,2.3654160499572754,2.139921903610229,2.4160902500152592,2.482753038406372,2.563292980194092,2.5971195697784424
SNRdb20_p281_018_964,2.216052532196045,2.5862269401550293,2.7606852054595947,2.706305742263794,2.9832243919372563,3.018333196640014,2.7350411415100098,2.752914428710937,2.9308855533599854,2.87306809425354,2.972151756286621
SNRdb0_p251_019_974,1.04934561252594,1.1189426183700562,1.1677484512329102,1.1584018468856812,1.2134191989898682,1.3025853633880615,1.1587653160095217,1.1885442733764648,1.2605247497558594,1.3626313209533691,1.3652441501617432
SNRdb5_p360_322_974,1.2690634727478027,1.3488399982452393,1.404405951499939,1.390033483505249,1.389466643333435,1.4482715129852295,1.6838382482528689,1.5797278881072998,1.6387934684753418,1.5168079137802124,1.7031137943267822
SNRdb10_p335_240_974,1.184886455535889,2.0628502368926998,2.1702830791473393,1.9826294183731081,2.1530349254608154,2.33697247505188,2.2068500518798833,2.2901265621185303,2.305535316467285,2.397430181503296,2.5238969326019287
SNRdb20_p299_219_974,2.0093469619750977,2.583003520965576,2.6007699966430664,2.731363534927368,2.6453540325164795,2.9207744598388667,2.7382333278656006,2.7572762966156006,2.8935704231262207,3.0225234031677246,3.0440888404846187
SNRdb0_p299_318_976,1.0973438024520874,1.3380000591278076,1.7460930347442627,1.522261381149292,1.832470417022705,2.0396645069122314,1.4211326837539673,1.7784209251403809,1.986562728881836,1.879905581474304,2.189429521560669
SNRdb5_p281_398_976,1.4402992725372314,1.8507883548736568,2.042351245880127,2.0476152896881104,1.9628851413726809,2.1279842853546143,1.9851009845733645,2.21573543548584,2.243363380432129,2.0457699298858643,2.1081101894378658
SNRdb10_p299_349_976,1.530925750732422,2.448559284210205,2.2294692993164062,2.536900281906128,2.1984779834747314,2.627537250518799,2.703796625137329,2.89075779914856,2.663970232009888,2.8100333213806152,2.797609806060791
SNRdb20_p306_083_976,2.839146852493286,3.2400553226470947,3.453974485397339,3.093633890151977,3.415428638458252,3.1851556301116943,3.3819429874420166,3.4700732231140137,3.267341136932373,3.0995485782623287,3.157698154449463
SNRdb0_p281_139_980,1.0424302816390991,1.166700005531311,1.2383480072021484,1.2833466529846191,1.203807353973389,1.4553885459899902,1.1939046382904053,1.2885432243347168,1.4552011489868164,1.1882269382476809,1.2987200021743774
SNRdb5_p343_019_980,1.1056958436965942,1.333141207695007,1.376124143600464,1.4653061628341677,1.450609803199768,1.5306074619293213,1.4610140323638916,1.5430927276611328,1.7502646446228027,1.6372952461242676,1.6155798435211182
SNRdb10_p360_342_980,1.4744207859039309,1.9427976608276367,1.887179136276245,1.9678525924682615,2.0039229393005367,2.35398268699646,1.8891055583953855,2.2169420719146733,2.1625895500183105,2.004370927810669,2.14959716796875
SNRdb20_p281_414_980,1.8285973072052,2.2030344009399414,2.3797786235809326,2.33833909034729,2.372443199157715,2.2099502086639404,2.526639461517334,2.4600131511688232,2.43306827545166,2.1771488189697266,2.5067875385284424
SNRdb0_p343_087_981,1.0568976402282717,1.189799666404724,1.159082055091858,1.3682582378387451,1.6212425231933594,1.6712937355041504,1.210382342338562,1.257163643836975,1.3860745429992676,1.3420259952545166,1.63922381401062
SNRdb5_p251_356_981,1.0818676948547363,1.3790130615234375,1.3902207612991333,1.4361655712127686,1.5490868091583252,1.4774541854858398,1.4310439825057983,1.509528875350952,1.5880897045135498,1.5465705394744873,1.5085735321044922
SNRdb10_p360_084_981,1.4306784868240356,1.4647932052612305,1.529812574386597,1.509945273399353,1.6870033740997314,1.9766305685043333,1.7265055179595947,1.7560267448425293,1.7015752792358398,1.940869927406311,1.7617512941360474
SNRdb20_p299_364_981,2.274035692214966,3.0035893917083736,2.9443230628967285,2.967630624771118,3.001899003982544,3.0747108459472656,3.104766130447388,2.789212226867676,3.2525339126586914,3.051781177520752,3.1476504802703857
SNRdb0_p339_007_991,1.0703688859939575,1.2272043228149414,1.3891468048095703,1.318360686302185,1.3582308292388916,1.6762819290161133,1.2734977006912231,1.4520268440246582,1.61460280418396,1.5449011325836182,1.7497743368148804
SNRdb5_p299_262_991,1.446570873260498,2.1939067840576167,2.4094038009643555,2.4172534942626958,2.2900407314300537,2.4270925521850586,2.328606128692627,2.485403537750244,2.8204874992370605,2.476675271987915,3.034533262252808
SNRdb10_p360_169_991,1.7147272825241089,1.7330602407455444,1.5586336851119995,1.5332151651382446,1.7471904754638672,2.623984098434448,1.7481708526611328,1.8822593688964844,1.8376603126525881,2.5512926578521733,2.202780246734619
SNRdb20_p298_366_991,2.698648452758789,3.501903295516968,3.23010516166687,3.208171367645264,3.358293294906616,3.1228826045989986,3.3718738555908203,3.3843767642974854,3.44372034072876,3.455718278884888,3.240168571472168
SNRdb0_p343_186_995,1.048741102218628,1.1062302589416504,1.1739020347595217,1.1763330698013306,1.1954565048217771,1.2621334791183472,1.16461181640625,1.3131136894226074,1.2515512704849243,1.346386432647705,1.2336610555648804
SNRdb5_p246_050_995,1.1257708072662354,1.317431926727295,1.409529447555542,1.3120507001876829,1.4996796846389768,1.7555434703826904,1.5172257423400881,1.8031322956085205,1.459070920944214,1.5328625440597534,1.7736835479736328
SNRdb10_p360_201_995,2.265070915222168,2.1967875957489014,2.5519371032714844,2.68466591835022,2.411858558654785,2.552558183670044,2.517305612564087,2.7383134365081787,2.990921258926392,3.0102875232696533,2.4060463905334477
SNRdb20_p298_170_995,2.379474401473999,2.96399474143982,2.9928879737854004,2.9659695625305176,2.87017560005188,2.791219711303711,3.053431749343872,3.141643524169922,3.206120252609253,2.957756757736206,2.793429136276245
