file_name,pesq noisy,h4d5 trained on all,h8d5 trained on all,h12d5 trained on all,h24d5 trained on all,h48d5 trained on all,h4d5 transfer on grocery_store,h8d5 transfer on grocery_store,h12d5 transfer on grocery_store,h24d5 transfer on grocery_store,h48d5 transfer on grocery_store
SNRdb0_p298_225_1000,1.1468749046325684,1.3715050220489502,1.345461130142212,1.3118133544921875,1.3934317827224731,1.5972485542297363,1.3219561576843262,1.3227195739746094,1.5874722003936768,1.6220970153808594,1.710980772972107
SNRdb5_p339_212_1000,1.2087336778640747,1.5794050693511963,1.6153013706207275,1.634835720062256,1.6820216178894043,1.8095732927322388,1.5284342765808103,1.980283498764038,1.8578670024871824,1.9818286895751955,1.902943968772888
SNRdb10_p299_278_1000,1.4145675897598269,2.5983781814575195,2.6308741569519043,2.5776917934417725,2.890550374984741,2.751474142074585,2.42846941947937,2.6487531661987305,2.659386157989502,2.7934398651123047,2.7948150634765625
SNRdb20_p306_358_1000,2.3935041427612305,2.8276150226593018,2.840588092803955,2.866585493087769,2.9816653728485107,3.0087599754333496,2.9098751544952397,2.910672426223755,2.821627378463745,3.15785813331604,3.0783863067626958
SNRdb0_p335_049_1005,1.11303973197937,1.6216603517532349,1.754992961883545,1.5127228498458862,1.7193121910095217,2.07051682472229,1.571927547454834,2.0118942260742188,1.557523488998413,2.2444467544555664,2.1484544277191158
SNRdb5_p298_056_1005,1.3151086568832395,1.5600353479385376,1.7501742839813232,1.7718462944030762,2.090805053710937,2.157555341720581,1.83543598651886,1.8821407556533811,1.918619155883789,2.1579785346984863,2.201681613922119
SNRdb10_p343_018_1005,1.312724471092224,2.123837947845459,2.035646915435791,2.136300563812256,2.260337829589844,2.3690991401672363,1.997602462768555,2.1345686912536617,2.203951597213745,2.210531234741211,2.2535295486450195
SNRdb20_p339_213_1005,2.4557464122772217,2.9107909202575684,2.9435179233551025,2.9774653911590576,3.0845770835876465,3.552220106124878,2.363942623138428,2.903809070587158,2.7135915756225586,3.0415756702423096,3.5490109920501713
SNRdb0_p360_313_1009,1.1957451105117798,1.2183330059051514,1.2625049352645874,1.2656581401824951,1.295950174331665,1.5400514602661133,1.320195555686951,1.39319908618927,1.3159315586090088,1.5773613452911377,1.6598081588745115
SNRdb5_p339_212_1009,1.1458146572113037,1.2781232595443726,1.51465106010437,1.4475913047790527,1.612304449081421,1.7378997802734375,1.4700320959091189,1.5861070156097412,1.8538081645965576,1.9025057554244995,1.7651405334472656
SNRdb10_p343_366_1009,1.20607590675354,1.851625680923462,1.9216551780700684,1.7434513568878174,2.0651013851165767,2.2915937900543213,1.8500524759292605,2.130932331085205,2.1191229820251465,2.232614755630493,2.280148983001709
SNRdb20_p246_135_1009,2.0365965366363525,2.4639906883239746,2.8589651584625244,2.660165548324585,2.996678113937378,3.076756238937378,2.919915199279785,3.0061349868774414,2.9677746295928955,2.987833261489868,3.3546521663665767
SNRdb0_p299_251_1013,1.082858681678772,1.223103165626526,1.2664611339569092,1.5106765031814575,1.395471692085266,1.4230413436889648,1.4839924573898315,1.2633837461471558,1.358665108680725,1.6862103939056396,1.4206738471984863
SNRdb5_p298_185_1013,1.167546272277832,1.6618402004241943,1.8625960350036619,1.4834232330322266,1.7482802867889404,1.9589555263519287,1.5332076549530032,1.961982011795044,1.7557449340820312,2.1769518852233887,2.0401468276977544
SNRdb10_p298_343_1013,1.4888217449188232,1.9119678735733032,1.8966931104660036,1.9710278511047363,2.029995441436768,2.244967460632324,1.5840768814086914,1.781336545944214,1.8009852170944214,2.1124088764190674,2.199098825454712
SNRdb20_p343_106_1013,1.7791779041290283,1.905974507331848,1.8746163845062256,2.0604705810546875,2.3109278678894043,2.5790846347808842,1.9440252780914309,2.028898000717163,2.707394361495972,2.341585636138916,2.8628175258636475
SNRdb0_p299_349_1014,1.1383275985717771,1.4150385856628418,1.8165345191955569,1.8201104402542116,2.185832500457764,2.567156791687012,1.7638065814971924,1.7826586961746216,2.010835886001587,1.986946702003479,2.3642499446868896
SNRdb5_p306_119_1014,1.156424880027771,1.6320340633392334,1.8338779211044312,1.6046035289764404,1.8249504566192627,2.0774271488189697,1.767977595329285,1.9646315574646,1.9478079080581665,2.0165774822235107,2.1090226173400883
SNRdb10_p303_344_1014,1.541860580444336,2.274639368057251,2.5518262386322017,2.3954901695251465,2.564326524734497,2.5212879180908203,2.240896463394165,2.721172332763672,2.507366418838501,2.5012247562408447,2.586800575256348
SNRdb20_p281_227_1014,2.675581693649292,2.5785176753997803,2.643695592880249,2.6738524436950684,2.4897537231445312,2.347961187362671,2.637078762054444,2.678306102752685,2.796989917755127,2.802406311035156,2.4172041416168213
SNRdb0_p281_449_1024,1.0486081838607788,1.1623601913452148,1.1445690393447876,1.1528880596160889,1.2363901138305664,1.453489065170288,1.2188254594802856,1.2781856060028076,1.192774772644043,1.4692525863647459,1.5249512195587158
SNRdb5_p281_440_1024,1.432607889175415,1.5588902235031128,1.4563573598861694,1.517608880996704,1.564781904220581,1.6517298221588137,1.6471682786941528,1.5970619916915894,1.7052474021911619,1.660865068435669,1.5746414661407468
SNRdb10_p281_218_1024,2.136547327041626,2.422313690185547,2.371977567672729,2.1303911209106445,2.7456326484680176,2.2513880729675293,2.4662818908691406,2.484130620956421,2.535864353179932,2.486905574798584,2.257026672363281
SNRdb20_p303_018_1024,2.5190608501434326,2.6349411010742188,2.6476197242736816,2.922282457351685,2.7268378734588623,3.0824966430664062,3.0110015869140625,3.1519367694854736,3.0343992710113525,3.203963279724121,3.188873767852783
SNRdb0_p281_262_1051,1.136347770690918,1.4823064804077148,1.5413618087768557,1.5333907604217532,1.6324667930603027,1.6014833450317385,1.512758731842041,1.6702920198440552,1.609174728393555,1.5990915298461914,1.5769436359405518
SNRdb5_p306_319_1051,1.293010711669922,1.7705543041229248,1.703219652175903,1.6008610725402832,1.7057602405548096,1.5795904397964478,1.573569416999817,1.8090763092041016,1.6070997714996338,1.8942717313766482,1.5804526805877686
SNRdb10_p306_199_1051,1.48600435256958,2.2741193771362305,2.4811222553253174,2.3063697814941406,2.5655250549316406,2.4259884357452397,2.4282240867614746,2.4252054691314697,2.3232312202453613,2.6128828525543213,2.688860893249512
SNRdb20_p299_147_1051,3.0973238945007324,3.1427297592163086,3.4997873306274414,3.4084010124206543,3.3059978485107417,3.48024320602417,3.4720766544342037,3.099958896636963,3.407944679260254,3.55045485496521,3.3191645145416264
SNRdb0_p249_244_1060,1.07298743724823,1.2186449766159058,1.2744462490081787,1.2370318174362185,1.341915726661682,1.3647438287734983,1.2607076168060305,1.319211483001709,1.363178849220276,1.3375916481018066,1.3586111068725586
SNRdb5_p281_448_1060,1.1369301080703735,1.2359991073608398,1.403765320777893,1.3047142028808594,1.3881309032440186,1.5074970722198486,1.297266960144043,1.4798924922943115,1.4186857938766482,1.4255889654159546,1.5014302730560305
SNRdb10_p335_406_1060,1.2681277990341189,1.6051359176635742,1.9472813606262207,1.8825540542602541,2.058836936950684,2.2252683639526367,1.9395631551742556,2.0149378776550293,2.0359525680541988,2.4530670642852783,2.476374626159668
SNRdb20_p303_120_1060,2.0138804912567143,2.2564308643341064,2.564422369003296,2.5826735496521,2.3678793907165527,2.471766471862793,2.4778430461883545,2.7434723377227783,2.5260088443756104,2.9704282283782963,2.813737392425537
SNRdb0_p343_260_108,1.1098166704177856,1.5816802978515625,1.691620707511902,1.637684345245361,1.8655922412872317,1.931926250457764,1.495739221572876,1.6570086479187012,1.4555633068084717,1.5594217777252195,2.042529821395874
SNRdb5_p246_224_108,1.1506128311157229,1.3393499851226809,1.355314016342163,1.6070880889892578,1.7412490844726562,1.6602485179901123,1.5678136348724363,1.7024850845336914,1.7727808952331543,1.7394638061523438,1.845003366470337
SNRdb10_p281_007_108,1.4442381858825684,1.4824013710021973,1.341699242591858,1.5951602458953855,1.7900220155715942,2.0763499736785893,1.710950493812561,1.6109170913696291,2.0918245315551762,1.9454224109649656,1.8538302183151243
SNRdb20_p281_446_108,2.3645737171173096,2.0138278007507324,2.6272993087768555,2.5229952335357666,2.28235936164856,2.583313465118408,2.429482936859131,2.651503086090088,2.526968002319336,2.497069358825684,2.6189303398132324
SNRdb0_p251_212_1091,1.1576441526412964,1.3390544652938845,1.3075242042541504,1.2852487564086914,1.3676996231079102,1.7931411266326904,1.4613186120986938,1.2888649702072144,1.3109227418899536,1.4439470767974854,1.6596791744232178
SNRdb5_p281_403_1091,1.2266167402267456,1.3622766733169556,1.6380627155303955,1.3765358924865725,1.645975112915039,1.5262186527252195,1.5285702943801882,1.62957501411438,1.690941572189331,1.5612988471984863,1.5115603208541868
SNRdb10_p281_007_1091,2.0419602394104004,2.156592845916748,1.62846040725708,2.1753499507904053,2.2191028594970703,2.587641477584839,2.1038658618926998,1.8906290531158447,2.25203800201416,2.3251774311065674,2.2994139194488525
SNRdb20_p360_263_1091,2.6977787017822266,2.8498635292053223,3.204298496246338,3.168231964111328,2.807278871536255,2.802376270294189,2.346630334854126,3.064396381378174,2.6631901264190674,2.9190399646759038,2.8415184020996094
SNRdb0_p360_161_1093,1.1556415557861328,1.299832820892334,1.3644917011260986,1.3117960691452026,1.3686285018920898,1.4966851472854614,1.4986852407455444,1.4709076881408691,1.602539300918579,1.6589384078979492,1.6486021280288696
SNRdb5_p298_288_1093,1.2984229326248171,1.6484619379043581,1.823885440826416,1.8952012062072756,2.1460251808166504,2.302938461303711,1.8937246799468996,2.1159555912017822,2.2605409622192383,2.1271779537200928,2.310459852218628
SNRdb10_p303_344_1093,1.2867920398712158,1.9539549350738523,2.2878336906433105,2.1998982429504395,2.2553975582122803,2.3868770599365234,2.013754367828369,2.493596315383911,2.11864972114563,2.21697735786438,2.5176689624786377
SNRdb20_p343_087_1093,1.2906594276428225,2.8273637294769287,3.056827545166016,3.199102640151977,3.297358751296997,3.3016779422760014,2.775090456008911,3.322504758834839,2.9624571800231934,3.226722717285156,2.7821805477142334
SNRdb0_p306_246_110,1.0514425039291382,1.1880240440368652,1.3564846515655518,1.2880411148071291,1.3830546140670776,1.402151346206665,1.2141339778900146,1.369171977043152,1.3004900217056274,1.4130297899246216,1.4177329540252686
SNRdb5_p303_130_110,1.1303874254226685,1.2522166967391968,1.3558757305145264,1.3060038089752195,1.385333776473999,1.3905644416809082,1.433956742286682,1.455730676651001,1.340066909790039,1.2881903648376465,1.3278896808624268
SNRdb10_p251_104_110,1.4509414434432983,1.86638617515564,1.7481796741485596,1.8979383707046509,1.9130496978759768,2.190552234649658,2.0096545219421387,2.0074818134307857,2.009568452835083,2.3289258480072017,2.2792127132415767
SNRdb20_p251_024_110,2.380502462387085,2.570712089538574,2.5183310508728027,2.708629846572876,2.913112163543701,2.602027416229248,2.549686908721924,2.458378791809082,2.735405445098877,2.508448839187622,2.5579733848571777
SNRdb0_p249_269_1112,1.0581310987472534,1.3454259634017944,1.4128355979919434,1.2815542221069336,1.518283128738403,1.6509180068969729,1.4516228437423706,1.4822760820388794,1.45451819896698,1.7278356552124023,1.6647112369537354
SNRdb5_p303_220_1112,1.1846351623535156,1.4651191234588623,1.606809377670288,1.6573392152786257,1.7611312866210938,2.2342541217803955,1.9094200134277344,1.6483839750289917,1.929537296295166,2.1854603290557857,2.208823680877685
SNRdb10_p343_341_1112,1.333533763885498,1.8460079431533811,1.9895637035369875,1.921112060546875,2.27569317817688,2.350395679473877,1.8026206493377688,1.9525519609451292,1.95728063583374,2.3534014225006104,2.4040467739105225
SNRdb20_p306_139_1112,1.441873550415039,2.448265552520752,2.0377449989318848,2.513826608657837,2.3933122158050537,1.9359345436096191,1.9594813585281368,2.400552272796631,1.8344955444335935,2.95717453956604,2.689969778060913
SNRdb0_p249_024_1124,1.09021258354187,1.246348857879639,1.347054958343506,1.330602765083313,1.5821537971496582,1.7481623888015747,1.4733444452285769,1.581907868385315,1.5725135803222656,1.5165145397186282,1.6596117019653318
SNRdb5_p249_255_1124,1.2601081132888794,1.540926218032837,1.6755509376525881,1.7912436723709106,1.7959606647491455,1.738978147506714,1.8340460062026975,1.9045962095260618,1.821160078048706,1.84861421585083,1.8216103315353396
SNRdb10_p335_184_1124,1.3367916345596311,2.3331799507141118,2.6270956993103027,2.291378259658813,2.744503974914551,2.9121482372283936,2.0958096981048584,2.4291200637817383,2.4120750427246094,2.6652865409851074,2.7709636688232417
SNRdb20_p306_119_1124,2.1853573322296143,2.7845988273620605,3.0313935279846187,2.969035387039185,2.9736974239349365,3.2574446201324463,2.8502368927001958,2.952274799346924,3.06868314743042,3.154067277908325,3.16011118888855
SNRdb0_p246_227_1125,1.1028019189834597,1.219845414161682,1.169527530670166,1.196080207824707,1.263946294784546,1.3318465948104858,1.2248455286026,1.3180720806121826,1.466949224472046,1.431910276412964,1.426341533660889
SNRdb5_p303_074_1125,1.1270594596862793,1.4660838842391968,1.899331331253052,1.7245750427246094,1.7525925636291504,1.723571538925171,1.780125856399536,2.06074857711792,1.999260663986206,2.2254564762115483,1.81803560256958
SNRdb10_p251_050_1125,1.46927011013031,1.8218755722045896,1.478203058242798,1.8199108839035036,1.4737708568572998,1.4906978607177734,1.7772867679595947,1.5364670753479004,1.671910524368286,2.198120594024658,1.7003660202026367
SNRdb20_p306_202_1125,2.4762258529663086,2.7252023220062256,2.9135751724243164,2.821286916732788,2.8838138580322266,2.9044678211212163,2.7270543575286865,2.9759483337402344,2.85806655883789,2.9213652610778813,2.9209110736846924
SNRdb0_p303_087_1145,1.0680783987045288,1.2038391828536987,1.284481644630432,1.2314867973327637,1.3417845964431765,1.4017829895019531,1.2675981521606443,1.389950156211853,1.3665304183959959,1.3624873161315918,1.2981990575790403
SNRdb5_p281_151_1145,1.3451180458068848,1.5163955688476562,1.8115453720092771,1.98755955696106,1.983694076538086,2.0352523326873784,1.8016891479492188,1.925294280052185,2.0375020503997803,1.857971668243408,1.7773451805114746
SNRdb10_p281_313_1145,1.6639863252639768,1.7406167984008791,1.6305656433105469,1.98357892036438,2.2317147254943848,2.1341719627380367,2.0412256717681885,2.1390976905822754,2.0813734531402592,2.184711456298828,1.928156018257141
SNRdb20_p306_133_1145,2.1538457870483403,2.3244106769561768,2.6578257083892822,2.812558889389038,2.37176775932312,2.8271481990814213,2.705489158630371,2.6905453205108643,2.40166974067688,2.690084457397461,2.6343085765838623
SNRdb0_p249_125_116,1.1179651021957395,1.334872126579285,1.5042581558227541,1.257298469543457,1.6579513549804688,1.5871893167495728,1.4346069097518919,1.5841602087020874,1.634980082511902,1.705740213394165,1.8119971752166748
SNRdb5_p249_340_116,1.278363823890686,1.6132599115371704,1.7356410026550293,1.8599098920822144,1.7075324058532717,1.98962664604187,1.7184683084487915,1.6991806030273438,1.8130444288253784,2.0707268714904785,1.9278097152709959
SNRdb10_p343_389_116,1.3910998106002808,2.3353562355041504,2.5182387828826904,2.551661729812622,2.715843915939331,1.7560087442398071,2.219407320022583,2.599570274353028,2.5937533378601074,2.657439708709717,2.6688380241394043
SNRdb20_p360_005_116,2.2585315704345703,2.31609320640564,2.220933437347412,2.929371833801269,2.2200746536254883,2.6522436141967773,2.121382474899292,2.416285991668701,2.36785626411438,2.5585968494415283,2.687931776046753
SNRdb0_p339_389_1170,1.1248815059661863,1.4453561305999756,1.496884822845459,1.3808146715164185,1.5412262678146362,1.7454688549041748,1.483896017074585,1.75917649269104,1.6591572761535645,1.8732078075408936,1.539130449295044
SNRdb5_p251_270_1170,1.3177955150604248,1.5167789459228516,1.5526596307754517,1.6220047473907468,1.6936180591583252,2.3089849948883057,1.902089238166809,1.8635454177856443,1.7401077747344968,2.1603918075561523,2.1945633888244633
SNRdb10_p360_191_1170,2.0676426887512207,2.533357858657837,2.7250819206237797,2.4759247303009038,2.8716917037963867,2.803647041320801,2.7866530418396,2.912421703338623,2.949486255645752,2.8063642978668213,2.766467332839966
SNRdb20_p306_086_1170,2.5327224731445312,2.8553149700164795,2.7740845680236816,3.033586025238037,2.6951124668121342,2.61507511138916,2.7444894313812256,2.794629573822021,2.7712061405181885,2.801613569259644,2.408604145050049
SNRdb0_p360_243_1172,1.0711237192153928,1.1615686416625977,1.185293674468994,1.2239296436309814,1.22662091255188,1.3929609060287476,1.158263087272644,1.2024856805801392,1.2150243520736694,1.3728262186050415,1.391378402709961
SNRdb5_p343_204_1172,1.1333231925964355,1.3887689113616943,1.6037964820861816,1.3581864833831787,1.825571656227112,1.80940055847168,1.4650821685791016,1.6627088785171509,1.4681966304779053,1.73080313205719,1.832172155380249
SNRdb10_p360_275_1172,1.1427080631256104,2.180321216583252,2.1562836170196533,2.1032094955444336,2.29206919670105,2.4070186614990234,1.520582914352417,2.3174703121185303,2.2644989490509038,2.145294189453125,2.487074613571167
SNRdb20_p249_139_1172,2.5139546394348145,2.704446792602539,2.822157144546509,2.8801934719085693,3.0721242427825928,3.1910243034362797,3.1906113624572754,2.8822965621948238,2.4273276329040527,3.070622444152832,3.1938636302948
SNRdb0_p281_305_1175,1.1688799858093262,1.265153884887695,1.2389518022537231,1.2508606910705566,1.256503343582153,1.4833216667175293,1.3304749727249146,1.4398598670959473,1.396704077720642,1.5319480895996094,1.5073918104171753
SNRdb5_p298_282_1175,1.2280681133270264,1.5861685276031494,1.6480127573013306,1.9482923746109009,2.038648128509521,2.2155001163482666,1.663731813430786,1.7852977514266968,2.0755324363708496,2.208320140838623,2.1058149337768555
SNRdb10_p299_307_1175,1.2493149042129517,2.2335612773895264,2.8234405517578125,2.452967405319214,2.8526222705841064,2.784101247787476,1.973715543746948,2.763200044631958,2.687762498855591,2.697205066680908,2.7841591835021973
SNRdb20_p306_137_1175,2.2403507232666016,2.250495433807373,2.68831205368042,2.863048553466797,2.8285062313079834,2.995866298675537,2.7170205116271973,3.0107192993164062,2.8502871990203857,2.7567217350006104,3.020416259765625
SNRdb0_p339_320_1192,1.1570214033126829,1.806166768074036,1.8806617259979248,1.798438549041748,1.836108922958374,1.9905277490615845,1.8898241519927976,1.9105682373046875,2.0055572986602783,1.9746205806732176,2.1477153301239014
SNRdb5_p281_151_1192,1.4188878536224363,1.672800064086914,1.627834677696228,1.7346129417419434,1.6037204265594482,2.134443044662476,1.748224854469299,1.7772369384765625,1.7633551359176636,2.0749332904815674,2.1115865707397456
SNRdb10_p306_284_1192,1.2550314664840698,1.9793514013290403,1.9872052669525144,1.9145736694335935,1.8781635761260984,2.2090723514556885,1.9264695644378664,1.878306865692139,1.918714165687561,1.9982670545578003,2.1012988090515137
SNRdb20_p299_386_1192,2.3382031917572017,2.6315486431121826,2.9882917404174805,3.1209392547607417,2.9224777221679688,2.9932990074157715,2.786350011825561,2.752272605895996,3.121565341949463,2.8715724945068364,3.070091962814331
SNRdb0_p299_287_1193,1.104467749595642,1.1909533739089966,1.239313006401062,1.2164396047592163,1.309718132019043,1.4673649072647097,1.2140110731124878,1.220106840133667,1.3676207065582275,1.4763532876968384,1.2657798528671265
SNRdb5_p249_024_1193,1.1392300128936768,1.6767053604125977,1.6906120777130127,1.6953192949295044,1.8698316812515257,2.0486187934875493,1.8186556100845337,1.937514424324036,1.9622726440429688,2.017417907714844,2.1210381984710693
SNRdb10_p249_262_1193,1.5393997430801392,1.7655143737792969,2.463641881942749,2.646515369415283,2.5857245922088623,2.9389028549194336,2.491140842437744,2.1341447830200195,2.8125345706939697,2.9225041866302486,2.9445955753326416
SNRdb20_p343_090_1193,1.7199553251266482,2.93027138710022,2.773759126663208,2.8186159133911133,2.9837064743041988,2.042752981185913,2.888301372528076,2.784505605697632,2.8417744636535645,2.7854902744293213,2.8264880180358887
SNRdb0_p299_093_1247,1.1290490627288818,1.118274450302124,1.1862566471099854,1.4010727405548096,1.3442672491073608,1.4311904907226562,1.2633227109909058,1.412497639656067,1.5628268718719482,1.408277153968811,1.4786533117294312
SNRdb5_p360_387_1247,1.515145778656006,1.4762635231018066,1.55470609664917,1.4973442554473877,1.4988409280776978,1.7927573919296265,2.0482327938079834,1.7668535709381104,2.0933492183685303,2.0603277683258057,2.1886005401611333
SNRdb10_p299_396_1247,1.2520711421966553,2.3851468563079834,2.4251728057861333,1.9020898342132568,2.6249396800994877,2.6751437187194824,2.418243169784546,2.2672576904296875,2.100332975387573,2.0515482425689697,2.496532440185547
SNRdb20_p339_392_1247,2.2564237117767334,2.7837483882904053,2.691685676574707,2.774940013885498,2.8580894470214844,3.085004568099976,2.346677541732788,2.5947377681732178,2.8039722442626958,3.113147258758545,3.0399198532104488
SNRdb0_p299_300_1274,1.151353359222412,1.265199065208435,1.3908056020736694,1.5589358806610107,1.495913028717041,1.9080822467803955,1.3037265539169312,1.5224165916442869,1.6604399681091309,1.5595855712890625,1.5693771839141846
SNRdb5_p249_132_1274,1.3550485372543335,1.7847822904586792,2.4280788898468018,2.196500539779663,2.473250150680542,2.439633846282959,2.0736920833587646,2.4108073711395264,2.297747850418091,2.3163061141967773,2.223607063293457
SNRdb10_p281_181_1274,1.755115270614624,2.386897325515747,2.5623795986175537,2.4965124130249023,2.7756032943725586,2.581315040588379,2.56495213508606,2.6186208724975586,2.572148084640503,2.702611923217773,2.2898762226104736
SNRdb20_p360_018_1274,2.6398484706878658,2.8167564868927,2.9265935420989986,2.8961715698242188,3.043128490447998,2.8460373878479004,2.6058032512664795,2.683090209960937,2.515599250793457,2.7210965156555176,2.8205797672271733
SNRdb0_p246_172_1286,1.118876576423645,1.261627197265625,1.2954158782958984,1.3010135889053345,1.359827995300293,1.4758102893829346,1.3129092454910278,1.3546552658081057,1.2583746910095217,1.5020506381988523,1.7871053218841553
SNRdb5_p281_296_1286,1.5043077468872068,1.7091704607009888,1.5925794839859009,1.7488226890563965,1.9511450529098509,1.78246808052063,1.6919240951538086,1.7765028476715088,1.8985769748687744,1.8574764728546145,1.9248759746551516
SNRdb10_p281_440_1286,1.5747511386871338,1.6762843132019043,1.7436838150024414,1.6399741172790527,1.6904772520065308,1.7236535549163818,1.6346427202224731,1.619587779045105,1.7508091926574707,1.6893906593322754,1.5542327165603638
SNRdb20_p306_115_1286,2.0662083625793457,2.475644588470459,2.8258936405181885,2.615586757659912,2.7407681941986084,2.3053948879241943,2.3701424598693848,2.8779392242431636,2.6725704669952397,2.7598285675048833,2.6724262237548833
SNRdb0_p249_160_129,1.0678571462631226,1.248345971107483,1.391552448272705,1.4461679458618164,1.5603291988372805,1.6340081691741943,1.5026817321777344,1.5282649993896484,1.6350398063659668,1.7622281312942505,1.700693130493164
SNRdb5_p339_110_129,1.198681354522705,1.6821579933166504,2.1761281490325928,2.0737981796264653,2.3323428630828857,2.2958526611328125,2.0616607666015625,2.1969125270843506,2.139710664749145,2.415545463562012,2.6062958240509038
SNRdb10_p298_300_129,1.915653705596924,2.2231240272521973,2.533536672592163,2.4113662242889404,2.622875452041626,2.7936832904815674,2.289992332458496,2.556854724884033,2.6611785888671875,2.725773572921753,2.6036534309387207
SNRdb20_p246_260_129,2.3307344913482666,2.9441516399383545,2.958805561065674,3.036860704421997,3.4286067485809326,3.1091797351837163,3.117151498794556,3.113797903060913,3.174574136734009,3.2052526473999023,2.8879425525665283
SNRdb0_p246_227_1315,1.1292451620101929,1.3305009603500366,1.2395695447921753,1.309827208518982,1.4635727405548096,1.537668228149414,1.4669911861419678,1.3588005304336548,1.4103591442108154,1.586533784866333,1.4750487804412842
SNRdb5_p249_208_1315,1.2002731561660769,1.5444393157958984,1.5950517654418943,1.5146489143371582,1.6625497341156006,1.7509255409240725,1.632455587387085,1.6308302879333496,1.8104374408721924,1.7709028720855713,1.7234582901000977
SNRdb10_p306_111_1315,1.4134339094161987,1.6992971897125244,1.8566733598709104,2.2398488521575928,2.328911781311035,2.4406659603118896,2.105236053466797,2.1549956798553467,2.2945713996887207,2.562861204147339,2.33109974861145
SNRdb20_p335_096_1315,1.8886817693710327,2.8517065048217773,3.0125539302825928,2.838225841522217,2.781428337097168,3.1578052043914795,2.7672815322875977,3.0162448883056636,2.9839327335357666,2.6302175521850586,3.2067856788635254
SNRdb0_p303_203_1336,1.0565229654312134,1.1431032419204712,1.1866319179534912,1.1828138828277588,1.2676246166229248,1.3044039011001587,1.1577954292297363,1.2717779874801636,1.2765021324157717,1.3110924959182741,1.3220802545547483
SNRdb5_p299_024_1336,1.1557583808898926,1.4462358951568604,1.6290242671966553,1.6525287628173828,1.853991985321045,1.9137591123580933,1.7122098207473757,1.7275230884552002,1.9238939285278318,2.0393114089965816,2.106281042098999
SNRdb10_p299_247_1336,1.4498529434204102,2.1205484867095947,2.3152055740356445,2.046109437942505,2.371033191680908,2.4248061180114746,2.0305984020233154,2.1144781112670903,2.311018466949463,2.5715997219085693,2.468616008758545
SNRdb20_p303_120_1336,2.193042039871216,2.669651746749878,2.973653554916382,3.075825929641724,2.818540096282959,2.7870213985443115,2.7283143997192383,3.069008111953736,3.126438617706299,3.1625900268554688,3.1743323802948
SNRdb0_p306_147_1338,1.039738655090332,1.2464183568954468,1.3893873691558838,1.3571813106536863,1.6783822774887085,1.500828981399536,1.2609727382659912,1.3684868812561035,1.525810956954956,1.3940317630767822,1.6499376296997068
SNRdb5_p335_259_1338,1.1231361627578735,1.355411171913147,1.4815642833709717,1.3407286405563354,1.5997686386108398,2.369051933288574,1.4239320755004885,1.5361673831939695,1.5673037767410278,1.9557535648345947,2.370218515396118
SNRdb10_p298_162_1338,1.6037390232086182,1.8231954574584959,1.9172728061676023,2.0713560581207275,2.267274618148804,2.3297955989837646,1.8211846351623533,2.047341108322144,2.409775972366333,2.4827535152435303,2.5334231853485107
SNRdb20_p246_320_1338,2.735054016113281,2.8895866870880127,3.093775749206543,2.9993402957916264,3.0275254249572754,2.9085798263549805,2.843591451644897,2.906688690185547,3.107438325881958,3.107468605041504,2.8553194999694824
SNRdb0_p360_131_1348,1.076620101928711,1.182486057281494,1.2058930397033691,1.239413142204285,1.3641515970230105,1.4680711030960083,1.2064272165298462,1.2573690414428709,1.3055498600006104,1.360110878944397,1.3095810413360596
SNRdb5_p306_018_1348,1.108745574951172,1.4280482530593872,1.7791025638580322,1.5406427383422852,1.8503446578979488,1.891685485839844,1.5923514366149902,1.7181237936019895,1.7500573396682741,1.8958048820495603,1.7551817893981934
SNRdb10_p306_219_1348,1.2107549905776978,1.738893747329712,1.7954788208007812,1.7607028484344482,2.0530893802642822,2.015043973922729,1.7295486927032468,1.6732603311538696,1.6089582443237305,1.7654852867126465,1.8446004390716555
SNRdb20_p335_043_1348,2.404743194580078,2.561395168304444,2.618790864944458,2.8559019565582275,2.547959089279175,2.982043743133545,2.902257204055786,2.573223114013672,2.787207126617432,2.9059126377105717,2.911582946777344
SNRdb0_p343_291_1352,1.0587238073349001,1.2341008186340332,1.2933428287506104,1.270053505897522,1.4189811944961548,1.4886505603790283,1.3260629177093506,1.4213346242904663,1.3811383247375488,1.5918896198272705,1.4871962070465088
SNRdb5_p246_278_1352,1.129860520362854,1.3884576559066772,1.375530481338501,1.3950999975204468,1.5039215087890625,1.8246825933456419,1.6110045909881592,1.6397140026092532,1.622138500213623,1.9820668697357176,1.8248872756958008
SNRdb10_p246_235_1352,1.402750849723816,1.9671106338500977,1.919837474822998,1.5949879884719849,2.1320018768310547,1.880836606025696,1.7993097305297852,1.774264574050903,1.8236708641052248,2.0130863189697266,2.1648526191711426
SNRdb20_p251_283_1352,1.9194453954696653,1.821758508682251,1.983886122703552,2.202815294265747,1.8167638778686523,2.513347148895264,1.9727994203567505,2.0191216468811035,2.1079561710357666,2.3549041748046875,2.524457693099976
SNRdb0_p303_005_1372,1.0433712005615234,1.116160273551941,1.1971904039382937,1.161168932914734,1.2638423442840576,1.3541454076766968,1.2182068824768066,1.2395278215408323,1.3101067543029783,1.3528850078582764,1.4352585077285769
SNRdb5_p246_135_1372,1.1490299701690674,1.3377976417541504,1.5733542442321775,1.4655392169952393,1.714703917503357,1.7197904586791992,1.6055479049682615,1.7102487087249756,1.62702476978302,1.9386296272277832,1.9276047945022583
SNRdb10_p246_240_1372,1.7204704284667969,2.216665267944336,1.999574899673462,2.0725758075714107,2.23937726020813,2.4695816040039062,2.3415696620941158,2.209251880645752,2.2177014350891118,2.468080282211304,2.460326910018921
SNRdb20_p246_095_1372,2.0774929523468018,2.2940797805786133,2.305058002471924,2.3571653366088867,2.6585922241210938,2.920552492141724,2.58293890953064,2.2495458126068115,2.36963963508606,2.8490524291992188,3.0368425846099854
SNRdb0_p246_240_1384,1.3181661367416382,1.8714194297790527,1.9093403816223145,1.8214125633239744,1.9736065864562988,1.7978873252868652,1.8794841766357424,1.7306369543075562,1.87992000579834,1.83995521068573,2.0438673496246342
SNRdb5_p303_046_1384,1.1181166172027588,1.654253005981445,1.9423424005508425,1.7342886924743652,1.873515486717224,2.1807084083557133,1.9095201492309568,1.952594757080078,1.9623141288757324,1.9128160476684568,1.7486199140548706
SNRdb10_p298_019_1384,1.58154559135437,1.6178939342498782,2.0018043518066406,1.9509778022766116,1.836371898651123,2.1213207244873047,1.720956563949585,1.9780198335647583,1.9486234188079836,2.190316200256348,1.9088129997253416
SNRdb20_p335_161_1384,2.360247850418091,2.8283188343048096,2.793523073196411,2.8599438667297363,3.068953037261963,3.1228694915771484,2.6307015419006348,2.8674676418304443,2.854574918746948,2.898732662200928,3.132704734802246
SNRdb0_p299_381_1397,1.2039557695388794,1.5676994323730469,1.5912325382232666,1.5347505807876587,1.6015872955322266,1.6753549575805664,1.7272851467132568,1.7935030460357666,2.01613450050354,1.8428559303283687,2.0684740543365483
SNRdb5_p246_271_1397,1.3229511976242063,1.3854038715362549,1.272113800048828,1.3688865900039673,1.2905089855194092,1.465994954109192,1.5489306449890137,1.5886917114257812,1.6664868593215942,1.850141525268555,1.8677321672439573
SNRdb10_p335_360_1397,1.376680612564087,2.144207239151001,2.1887884140014653,2.2157213687896733,2.424666404724121,2.28659462928772,2.442024946212769,2.4053165912628174,2.343364953994751,2.753077507019043,2.76908802986145
SNRdb20_p298_047_1397,2.5704171657562256,2.733007907867432,2.759956359863281,2.6451938152313232,2.6105964183807373,2.6260740756988525,2.170108795166016,2.1276199817657466,2.273569345474243,2.9019935131073,2.4270355701446533
SNRdb0_p339_265_1424,1.0666720867156982,1.3274859189987185,1.3027842044830322,1.42832350730896,1.3401888608932495,1.4271972179412842,1.3812711238861084,1.5900447368621826,1.6230462789535522,1.5834295749664309,1.7507951259613037
SNRdb5_p343_267_1424,1.1232472658157349,1.362084984779358,1.3165016174316406,1.3568215370178225,1.3812037706375122,1.347711205482483,1.3347182273864746,1.529860258102417,1.5464704036712646,1.6363646984100342,1.7056016921997068
SNRdb10_p360_112_1424,1.2159861326217651,1.307511806488037,1.3126602172851562,1.2021427154541016,1.282063603401184,1.3274500370025637,1.3807363510131836,1.5503840446472168,1.4037048816680908,1.911571264266968,2.1159501075744633
SNRdb20_p303_300_1424,2.395739316940308,2.828553915023804,2.551886320114136,2.8072645664215092,2.8286709785461426,2.9986252784729004,2.959716320037842,3.0685136318206787,2.9475550651550293,2.983914613723755,3.0325381755828857
SNRdb0_p335_085_1436,1.155552625656128,1.5565539598464966,1.5014870166778564,1.528780817985535,1.6411988735198977,2.0960233211517334,1.7326545715332031,1.564758539199829,1.7156038284301758,2.108284711837769,2.1946744918823238
SNRdb5_p306_218_1436,1.1236814260482788,1.6629366874694824,1.9131264686584477,1.9381800889968872,1.9091668128967283,2.061485290527344,1.6369776725769043,1.9046077728271484,1.919298768043518,2.000434875488281,1.819817066192627
SNRdb10_p298_264_1436,1.934969186782837,2.838014841079712,2.6609201431274414,2.707140684127808,2.6163887977600098,2.8759031295776367,2.423060178756714,2.7935032844543457,2.853229761123657,3.019965171813965,3.1379635334014893
SNRdb20_p249_125_1436,2.587164878845215,2.8606162071228027,3.166087865829468,2.9843316078186035,3.2321147918701167,3.0302214622497563,2.967392921447754,3.116504907608032,3.063072919845581,3.1387810707092285,3.0819215774536133
SNRdb0_p339_277_1454,1.0981444120407104,1.301377534866333,1.290950059890747,1.4579018354415894,1.6583967208862305,1.6122422218322754,1.3930931091308594,1.5534969568252563,1.6140289306640625,1.5420740842819214,1.6838619709014893
SNRdb5_p246_210_1454,1.3048688173294067,1.471293807029724,1.4588825702667236,1.6365629434585571,1.5822286605834959,2.0363664627075195,2.0907788276672363,2.1470789909362797,2.173119306564331,2.177405834197998,2.2534282207489014
SNRdb10_p335_141_1454,1.3402001857757568,2.30605149269104,2.519418716430664,2.4196808338165283,2.275545835494995,2.721042394638061,2.284458637237549,2.500818967819214,2.5801236629486084,2.1191725730896,2.8212287425994877
SNRdb20_p339_340_1454,2.2230262756347656,2.670348644256592,2.76108717918396,2.794067859649658,2.867586612701416,3.2206156253814697,2.8125452995300293,2.6613268852233887,2.7618541717529297,3.0398266315460205,3.201408863067627
SNRdb0_p303_282_1460,1.1129863262176514,1.3615727424621582,1.6781909465789795,1.562840700149536,1.8463852405548096,1.61665940284729,1.583465576171875,1.7225747108459473,1.7045373916625977,1.694336175918579,1.617023468017578
SNRdb5_p335_182_1460,1.1248761415481567,1.4395864009857178,1.5474203824996948,1.462272047996521,1.761624813079834,1.769946575164795,1.4557038545608518,1.5789034366607666,1.5600504875183103,1.8166301250457764,1.870245218276977
SNRdb10_p306_351_1460,1.4019407033920288,1.6405255794525146,1.6868606805801392,1.666313409805298,1.6941664218902588,1.6674597263336182,1.6916829347610474,1.865689754486084,1.7572795152664185,1.763134479522705,1.7771625518798828
SNRdb20_p339_182_1460,2.9341278076171875,3.46229887008667,3.4269700050354004,3.3922011852264404,3.289710998535156,3.335463523864746,3.376307964324951,3.284177541732788,3.2401418685913086,3.1425108909606934,3.1873974800109863
SNRdb0_p335_048_1468,1.1650006771087646,1.414022445678711,1.5168240070343018,1.5869462490081787,1.898759126663208,1.7847003936767578,1.3903818130493164,1.414858102798462,1.578687310218811,2.1871798038482666,1.714102268218994
SNRdb5_p303_220_1468,1.1974365711212158,1.59199857711792,1.6424869298934937,1.6520525217056274,1.8000756502151491,2.3080592155456543,1.820894956588745,1.7778872251510618,1.9731557369232176,2.2394165992736816,2.325730800628662
SNRdb10_p360_342_1468,1.7976367473602295,2.289929151535034,2.0969305038452153,2.614911794662476,2.499967098236084,3.0260803699493413,2.735090732574463,2.7155776023864746,2.8491132259368896,2.900644540786743,3.0157260894775386
SNRdb20_p246_311_1468,2.694359540939331,2.9520359039306636,2.9201030731201167,2.8744089603424072,2.6648993492126465,3.0343129634857178,3.11334228515625,3.1634624004364014,3.0311949253082275,3.036096334457397,3.0774333477020264
SNRdb0_p298_120_1473,1.1638500690460205,1.3901844024658203,1.363484501838684,1.3440760374069214,1.6800670623779297,1.7113842964172363,1.3959922790527344,1.4853475093841553,1.7245047092437744,1.6985306739807131,1.7723739147186282
SNRdb5_p303_202_1473,1.1910488605499268,2.0250391960144043,2.172902584075928,2.194598913192749,2.163318157196045,2.0884261131286617,2.1821579933166504,2.1605236530303955,2.1650326251983643,2.39054799079895,2.1262774467468257
SNRdb10_p343_093_1473,1.307676076889038,1.828398942947388,2.5559115409851074,2.3328192234039307,2.657815933227539,2.656054735183716,1.6313447952270508,2.594451904296875,2.5056138038635254,2.557385206222534,2.6977744102478027
SNRdb20_p249_203_1473,2.612743377685547,2.832016706466675,2.607394218444824,2.8688642978668213,2.852047204971313,3.112095355987549,2.65390682220459,2.836923837661743,2.6434714794158936,2.8796401023864746,2.921513319015503
SNRdb0_p251_136_1489,1.1076878309249878,1.2641148567199707,1.3414243459701538,1.4027998447418213,1.393231987953186,1.5135581493377686,1.3328070640563965,1.4977638721466064,1.4491020441055298,1.814991116523743,1.6577165126800537
SNRdb5_p303_083_1489,1.216822385787964,1.7406768798828125,1.7044727802276611,1.9514076709747317,1.5826740264892578,2.151652812957764,1.7971553802490234,2.122387409210205,2.1850674152374268,2.2130730152130127,1.92799973487854
SNRdb10_p303_288_1489,1.656388521194458,2.4389610290527344,2.647686004638672,2.377017974853516,2.7037510871887207,2.7211170196533203,2.554449796676636,2.566217422485352,2.571155071258545,2.711267709732056,2.592296838760376
SNRdb20_p251_327_1489,2.4879050254821777,2.381969928741455,2.542717695236206,2.769969701766968,2.636664867401123,2.8458611965179443,2.4899733066558842,2.493891477584839,2.53203558921814,3.0732581615448,2.9691367149353027
SNRdb0_p339_046_1512,1.1420921087265017,1.2822151184082031,1.4641733169555664,1.418333888053894,1.7563309669494631,1.8078397512435915,1.8150783777236936,1.8718147277832031,1.7933301925659182,1.9052517414093015,1.9269875288009644
SNRdb5_p360_143_1512,1.6876291036605835,1.973022699356079,1.679013729095459,1.984946012496948,2.1023588180541988,2.32581090927124,2.049875974655152,2.3147194385528564,2.624973773956299,2.7798900604248047,2.7318992614746094
SNRdb10_p281_375_1512,1.7591125965118408,1.7494604587554932,1.7370644807815552,2.0699324607849117,1.9078047275543213,2.052196741104126,1.911711812019348,2.147915363311768,1.9234360456466677,2.1863341331481934,2.069101333618164
SNRdb20_p306_319_1512,2.363531351089477,2.8155746459960938,2.2252798080444336,2.8862955570220947,2.7412278652191158,2.4294588565826416,2.81793212890625,2.1914746761322017,2.81666898727417,2.9631946086883545,1.99606192111969
SNRdb0_p246_271_1516,1.1533186435699463,1.1802717447280884,1.2507174015045166,1.2382776737213137,1.2575149536132812,1.2759103775024414,1.2640380859375,1.2821139097213743,1.4241955280303955,1.467460870742798,1.5234122276306152
SNRdb5_p335_182_1516,1.083643913269043,1.1931753158569336,1.2369242906570437,1.208134412765503,1.2595245838165283,1.406714677810669,1.3300873041152954,1.3875795602798462,1.534482717514038,1.5295710563659668,1.4584676027297974
SNRdb10_p339_095_1516,1.5102066993713381,2.018016815185547,2.2109816074371342,2.0660440921783447,2.1535463333129883,2.2313830852508545,2.329792261123657,2.411215782165528,2.383000373840332,2.018154621124268,2.7406995296478267
SNRdb20_p246_320_1516,2.4826536178588867,2.642985820770264,2.9108235836029053,2.76530385017395,2.691474914550781,2.935597419738769,2.7040374279022217,2.7322640419006348,3.002803325653076,2.915032386779785,2.7560389041900635
SNRdb0_p281_037_1528,1.1995787620544434,1.2349179983139038,1.2383939027786257,1.3644640445709229,1.3521665334701538,1.5057408809661863,1.252164602279663,1.4116820096969604,1.440183401107788,1.523745894432068,1.4318709373474119
SNRdb5_p343_140_1528,1.175257682800293,1.51118803024292,1.505695104598999,1.4582176208496094,1.4417105913162231,1.4907293319702148,1.5060335397720337,1.5190552473068235,1.510398030281067,1.6030277013778689,1.6807465553283691
SNRdb10_p335_146_1528,1.3029601573944092,2.213589906692505,2.246880531311035,2.6885852813720703,2.3777012825012207,2.3175806999206543,2.1620197296142583,2.202188491821289,2.0343642234802246,2.242990493774414,2.800827980041504
SNRdb20_p335_106_1528,2.4348137378692627,3.014790773391724,3.150385856628418,3.2287485599517822,3.3221750259399414,3.1485135555267334,3.026453018188477,3.1819710731506348,2.9743168354034424,3.1224889755249023,3.0103549957275386
SNRdb0_p251_356_1531,1.0854790210723877,1.2663695812225342,1.3544487953186035,1.3759753704071045,1.5294651985168457,1.4449067115783691,1.2757139205932615,1.3588402271270752,1.3507975339889526,1.5078420639038086,1.5579761266708374
SNRdb5_p343_049_1531,1.317443609237671,1.8740091323852541,2.1480455398559566,1.9043198823928835,2.470544576644897,2.207265138626098,1.95668363571167,1.9673376083374023,1.9825220108032229,2.384528636932373,2.0796964168548584
SNRdb10_p246_278_1531,1.5610343217849731,2.203112840652466,2.442845582962036,2.3080196380615234,2.5417463779449463,2.8314709663391118,2.221686601638794,2.5491576194763184,2.3992550373077397,2.737955093383789,2.9758195877075195
SNRdb20_p303_344_1531,2.586766004562378,3.1933720111846924,3.403305768966675,3.3319568634033203,3.5245041847229004,3.3421535491943364,2.7628345489501958,3.481822967529297,3.131001234054565,3.347775936126709,3.3726229667663574
SNRdb0_p303_288_1540,1.0753792524337769,1.1815756559371948,1.27350914478302,1.2490506172180176,1.4318418502807615,1.4276119470596311,1.2799384593963623,1.3110837936401367,1.3625842332839966,1.361487627029419,1.410076379776001
SNRdb5_p335_071_1540,1.1287281513214111,1.2241451740264893,1.38398015499115,1.3782750368118286,1.5167226791381836,1.7164654731750488,1.355606198310852,1.3726346492767334,1.4217629432678225,1.4184472560882568,1.4169894456863403
SNRdb10_p360_255_1540,1.5214219093322754,1.6555979251861572,1.4445010423660278,1.4547436237335205,1.5698486566543581,1.8298182487487795,1.4022228717803955,1.5489180088043213,1.670691967010498,2.093326568603516,2.274155139923096
SNRdb20_p299_302_1540,2.079521656036377,2.5189526081085205,2.294584035873413,2.668844223022461,2.7035253047943115,2.6239244937896733,2.493308782577514,2.5926218032836914,2.5771725177764893,2.504826068878174,2.6795334815979004
SNRdb0_p246_255_1547,1.1389659643173218,1.5353434085845947,1.290529489517212,1.421511173248291,1.4505417346954346,1.5664647817611694,1.5697511434555054,1.7482538223266602,1.7065305709838867,1.714283466339111,1.8772851228713991
SNRdb5_p281_455_1547,1.1990468502044678,1.3815145492553709,1.420726299285889,1.3391791582107544,1.5034711360931396,2.118139743804932,1.4605331420898438,1.3882853984832764,1.5629498958587646,2.1787915229797363,1.968727469444275
SNRdb10_p360_147_1547,1.728039264678955,2.352754831314087,2.3902149200439453,2.287435531616211,2.2701869010925293,2.4181480407714844,2.1974134445190434,2.3337740898132324,2.1431751251220703,2.4105091094970703,2.3954079151153564
SNRdb20_p339_241_1547,2.298168420791626,2.634434938430786,2.8261432647705083,2.6889452934265137,3.159428119659424,3.4360547065734863,2.885578393936157,2.8339693546295166,3.0590574741363525,3.0393309593200684,3.3357660770416264
SNRdb0_p339_074_1562,1.0433186292648315,1.1827973127365112,1.3924593925476074,1.2630741596221924,1.4126441478729248,1.6346188783645632,1.2549465894699097,1.360497236251831,1.494304656982422,1.5746307373046875,1.654710054397583
SNRdb5_p246_315_1562,1.1524499654769895,1.4190618991851809,1.4475877285003662,1.5417449474334717,1.666154861450195,1.7005978822708132,1.5330564975738523,1.3675405979156494,1.5373151302337646,1.6698535680770874,1.6827170848846436
SNRdb10_p246_352_1562,1.201521396636963,1.370816946029663,1.5990953445434568,1.6341691017150881,1.702751398086548,1.8385353088378904,1.462890386581421,1.7032108306884766,1.9309160709381104,1.9716601371765137,1.8290828466415403
SNRdb20_p339_061_1562,1.9316802024841309,2.0851991176605225,2.2322978973388667,2.1490089893341064,2.2878007888793945,2.253239631652832,1.7376184463500977,2.3244125843048096,1.711681842803955,2.3931443691253658,2.184898853302002
SNRdb0_p298_287_1565,1.1025269031524658,1.3627406358718872,1.3830054998397827,1.4535266160964966,1.4810808897018433,1.743618369102478,1.2756400108337402,1.5230062007904053,1.5595409870147705,1.7895143032073977,1.8864903450012207
SNRdb5_p246_287_1565,1.2681233882904053,1.4088630676269531,1.3587980270385742,1.3370896577835083,1.4640443325042725,1.3831920623779297,1.3609498739242554,1.584957718849182,1.6163650751113892,1.8508048057556152,1.5931833982467651
SNRdb10_p343_186_1565,1.3240708112716677,2.162698745727539,2.27311110496521,2.2911980152130127,2.344410896301269,2.41910982131958,2.2431297302246094,2.4425816535949707,2.567702054977417,2.509437084197998,2.5178630352020264
SNRdb20_p306_244_1565,2.3097681999206543,2.9226911067962646,3.144806385040283,3.07358455657959,3.0730948448181152,2.95217514038086,2.9742946624755864,3.2858328819274902,3.098879098892212,3.099239587783813,2.9860048294067383
SNRdb0_p343_292_1568,1.0854511260986328,1.3610782623291016,1.6421692371368408,1.482164978981018,1.6373555660247805,1.7969272136688232,1.5287742614746094,1.7083104848861694,1.7637478113174438,1.844369888305664,1.84517502784729
SNRdb5_p298_170_1568,1.3038818836212158,1.7832204103469849,1.7059721946716309,1.646692991256714,1.9079909324646,2.0499486923217773,1.7027164697647097,1.8224378824234009,1.732231855392456,1.806825876235962,1.69002366065979
SNRdb10_p251_225_1568,1.4430410861968994,1.8426512479782104,1.9993364810943604,1.883756160736084,2.0921406745910645,2.258194923400879,2.0547091960906982,2.1063427925109863,2.097754955291748,2.328716516494751,2.1661195755004883
SNRdb20_p335_024_1568,2.508425712585449,2.7659366130828857,2.5362606048583984,2.630415916442871,2.5274946689605717,2.49023175239563,2.6107659339904785,2.6240267753601074,2.4949169158935547,2.816643476486206,2.467228412628174
SNRdb0_p343_191_1586,1.162309646606445,1.3411407470703125,1.9230399131774905,1.72957444190979,2.148846387863159,2.303778886795044,1.845537543296814,1.9751386642456052,1.444215178489685,1.504549503326416,2.204896688461304
SNRdb5_p249_110_1586,1.2570458650588991,1.5833405256271362,1.6960196495056152,1.9454183578491209,1.7802159786224363,1.9881018400192259,1.7686591148376465,1.9990239143371584,2.0373358726501465,2.177352905273437,1.9834228754043581
SNRdb10_p298_366_1586,2.194665670394897,2.734272718429565,2.530633449554444,2.6511130332946777,2.915192127227783,2.751526117324829,2.6885855197906494,2.700802564620972,2.872938632965088,3.0101130008697514,3.03318190574646
SNRdb20_p246_320_1586,2.924166202545166,3.1209709644317627,3.2114949226379395,3.320762634277344,3.2519817352294917,3.2054128646850586,3.0918431282043457,3.1727123260498047,3.3128986358642583,3.21047592163086,3.2699859142303467
SNRdb0_p343_182_1597,1.1083085536956787,1.197666883468628,1.4649267196655271,1.4904451370239258,1.2518595457077026,1.5422620773315432,1.2770519256591797,1.4874849319458008,1.378178596496582,1.607391595840454,1.6780564785003662
SNRdb5_p306_052_1597,1.2151650190353394,1.77178692817688,2.0832552909851074,1.8542653322219849,2.2442994117736816,2.399674892425537,1.734888195991516,2.1251373291015625,1.947211742401123,2.1500704288482666,2.214399814605713
SNRdb10_p335_318_1597,1.241740107536316,1.706848382949829,2.099292516708374,1.9233778715133667,2.1979243755340576,2.1702470779418945,2.1750895977020264,2.0526702404022217,2.1380541324615483,2.3099822998046875,2.2208259105682373
SNRdb20_p249_034_1597,2.2805638313293457,2.281648874282837,2.1522233486175537,2.2905917167663574,2.326472043991089,2.5734899044036865,2.194324254989624,2.2403347492218018,2.29131293296814,2.292001962661743,2.3819377422332764
SNRdb0_p299_375_1600,1.0546051263809204,1.1261249780654907,1.1780166625976562,1.1941499710083008,1.267464280128479,1.286357879638672,1.1371188163757324,1.2021030187606812,1.2422256469726562,1.2222366333007812,1.247706651687622
SNRdb5_p343_199_1600,1.1200476884841921,1.5267895460128784,1.7272553443908691,1.6480455398559568,1.7473212480545044,1.606637716293335,1.602012276649475,1.68182635307312,1.505154728889465,1.7993885278701782,1.8465356826782229
SNRdb10_p299_385_1600,1.1134424209594729,1.5965378284454346,1.9176914691925049,1.7367030382156372,1.9233098030090328,1.8182410001754759,1.8904561996459959,2.1038622856140137,2.2234106063842773,2.1203718185424805,1.8567237854003904
SNRdb20_p299_312_1600,2.1738324165344243,2.803452968597412,2.658904552459717,2.5172765254974365,2.741299629211426,2.715268611907959,2.4434185028076167,2.6701552867889404,2.6681883335113525,2.7764036655426025,2.8168761730194087
SNRdb0_p343_093_165,1.0854941606521606,1.2508808374404907,1.2746777534484863,1.236526370048523,1.3145451545715332,1.548825740814209,1.2443797588348389,1.322994589805603,1.3898019790649414,1.3355507850646973,1.331881761550903
SNRdb5_p249_018_165,1.2538516521453855,1.658647537231445,1.7257307767868042,1.886435270309448,1.9475963115692136,1.914319634437561,1.8254886865615845,1.7442941665649414,1.938883662223816,2.0039002895355225,1.975680351257324
SNRdb10_p299_062_165,1.4119940996170044,2.5654993057250977,2.969681978225708,2.0639219284057617,2.8735809326171875,2.842412233352661,3.0286152362823486,2.953023195266724,2.512469291687012,2.5873148441314697,2.7859039306640625
SNRdb20_p281_448_165,2.4519410133361816,2.5035569667816158,2.3316245079040527,2.795645236968994,2.8184056282043457,2.748934507369995,2.4781181812286377,2.4404780864715576,2.740999460220337,2.7192025184631348,2.512352705001831
SNRdb0_p299_292_196,1.1233148574829102,1.5723397731781006,1.900345087051392,1.680611252784729,1.7571923732757568,1.959981203079224,1.6849322319030762,1.9454827308654783,1.908846378326416,1.8173272609710691,1.5261372327804563
SNRdb5_p343_007_196,1.1102735996246338,1.3790647983551023,1.5009887218475342,1.5517176389694214,1.65366792678833,1.7392196655273438,1.468038558959961,1.4629355669021606,1.5075377225875854,1.664336323738098,1.644853591918945
SNRdb10_p251_087_196,1.5221734046936035,1.7184383869171145,2.243039846420288,2.301849603652954,2.20831036567688,2.4346635341644287,2.170747995376587,2.438894748687744,2.1143038272857666,2.2477705478668213,2.258920669555664
SNRdb20_p299_093_196,2.4970436096191406,3.232823610305786,3.3224921226501465,3.3637790679931636,3.4255287647247314,3.3005871772766118,3.0509049892425537,3.119328498840332,3.0559606552124023,3.2270267009735107,3.43580961227417
SNRdb0_p251_230_208,1.0826945304870603,1.344404697418213,1.3890438079833984,1.423397660255432,1.5254354476928709,1.4173877239227295,1.390072226524353,1.5113763809204102,1.408273696899414,1.4017484188079834,1.5869659185409546
SNRdb5_p306_083_208,1.1269469261169434,1.83759880065918,1.9972887039184568,1.891181230545044,2.0530712604522705,2.2252631187438965,1.983080267906189,2.1091864109039307,2.1533184051513667,2.1018612384796143,2.0920584201812744
SNRdb10_p298_204_208,1.577945113182068,2.1309309005737305,2.414076566696167,2.315300703048706,2.635682821273804,2.2097983360290527,2.2850587368011475,2.4680562019348145,2.532177448272705,2.5026392936706543,2.2402803897857666
SNRdb20_p306_222_208,1.306136965751648,2.851430177688598,2.894348621368408,2.9577693939208984,2.0774779319763184,2.9647369384765625,2.802957057952881,3.0565876960754395,2.9284887313842773,2.9614737033843994,2.714056968688965
SNRdb0_p335_224_210,1.0551563501358032,1.230249285697937,1.24898099899292,1.374027967453003,1.3330059051513672,1.6131832599639893,1.3188683986663818,1.3276599645614624,1.2849758863449097,1.4312758445739746,1.4404411315917969
SNRdb5_p303_338_210,1.1146589517593384,1.307007908821106,1.4758169651031494,1.3546698093414309,1.5839080810546875,1.7699201107025146,1.4113543033599854,1.50615656375885,1.5115687847137451,1.4916248321533203,1.548306226730347
SNRdb10_p335_206_210,1.2836148738861084,2.232784509658813,1.9345808029174805,2.1680281162261963,2.4308950901031494,1.8833043575286863,2.379913568496704,1.944621562957764,2.3708970546722408,2.5380229949951167,2.0630528926849365
SNRdb20_p251_112_210,2.1672594547271733,2.258124589920044,2.3645384311676025,2.235295057296753,2.6409599781036377,2.541458368301392,2.0533041954040527,2.3592185974121094,2.4235365390777592,2.165398120880127,2.4245624542236333
SNRdb0_p343_090_242,1.1235159635543823,1.2215818166732788,1.2805125713348389,1.6959131956100464,1.3370269536972046,1.892875075340271,1.3406866788864136,1.3708503246307373,1.4164917469024658,1.6054526567459106,1.4566388130187988
SNRdb5_p335_007_242,1.1925857067108154,1.5195841789245603,1.4887170791625977,1.3904870748519895,1.5174977779388428,1.8347294330596924,1.5451699495315552,1.3607494831085205,1.4560933113098145,1.5683745145797732,1.5508065223693848
SNRdb10_p298_258_242,2.078786849975586,2.540363311767578,2.8613049983978267,2.609809160232544,2.770143747329712,2.6609365940093994,2.894888162612915,2.7621543407440186,2.8396053314208984,2.9918324947357178,3.000510931015014
SNRdb20_p246_320_242,2.912006378173828,3.0688960552215576,3.2255680561065674,3.3028085231781006,3.2211394309997563,3.2647626399993896,3.0407509803771973,3.1880502700805664,3.276031017303467,3.1903276443481445,3.112065076828003
SNRdb0_p339_212_249,1.0714552402496338,1.0954598188400269,1.1117576360702517,1.1300444602966309,1.1527504920959473,1.166719675064087,1.1693130731582642,1.2107417583465576,1.2068002223968506,1.2254095077514648,1.2957464456558228
SNRdb5_p343_186_249,1.1649258136749268,1.4849443435668943,1.441956877708435,1.525188446044922,1.331265211105347,1.5845845937728882,1.816813826560974,1.5521490573883057,1.915771245956421,1.9444532394409182,1.9188895225524905
SNRdb10_p343_104_249,1.5897806882858276,1.79347825050354,1.7652961015701294,1.692760944366455,1.7253317832946775,1.929861545562744,1.6998651027679443,2.1242837905883794,1.9237318038940432,2.1228077411651607,2.1865622997283936
SNRdb20_p306_185_249,2.777273654937744,2.5772168636322017,2.7433185577392583,2.6251516342163086,2.6499457359313965,2.229145050048828,2.53640365600586,2.721493721008301,2.5317652225494385,2.7242531776428223,2.6676340103149414
SNRdb0_p360_147_26,1.1978801488876345,1.2529728412628174,1.4031927585601809,1.3265774250030518,1.4013962745666504,1.503051519393921,1.5260331630706787,1.782594084739685,1.8609764575958248,1.7670907974243164,1.6137888431549072
SNRdb5_p339_389_26,1.231306791305542,1.3706384897232056,1.8481076955795288,1.6076596975326538,1.7679957151412964,2.1204206943511963,1.8048248291015625,2.05546236038208,1.9412190914154053,2.1651959419250493,1.9379780292510984
SNRdb10_p335_373_26,1.332591533660889,2.321942090988159,2.324101209640503,2.155084609985352,2.442488431930542,2.698056697845459,2.706706285476685,2.252328872680664,2.4021553993225098,2.946345090866089,2.935455322265625
SNRdb20_p339_095_26,2.3225934505462646,2.949263572692871,3.289648056030273,2.9725875854492188,3.3144371509552,3.4163494110107417,2.9899134635925293,3.3895375728607178,3.0166356563568115,3.3083336353302,3.2723464965820312
SNRdb0_p335_193_267,1.1099730730056765,1.3595843315124512,1.5384314060211182,1.3641278743743896,1.5781286954879759,1.8230414390563965,1.350161075592041,1.4463163614273071,1.5307569503784182,1.6469218730926514,1.9049458503723145
SNRdb5_p249_018_267,1.174628734588623,1.4105136394500732,1.4740540981292725,1.4876546859741209,1.5853621959686282,1.67478609085083,1.4814964532852173,1.4567129611968994,1.5671223402023315,1.76068377494812,1.7647695541381836
SNRdb10_p299_094_267,1.1432338953018188,1.5324523448944092,1.867859363555908,1.599774718284607,1.9318615198135376,1.9423567056655884,1.562854886054993,1.845258831977844,1.8816585540771484,1.8818347454071045,2.068617582321167
SNRdb20_p299_302_267,1.4968764781951904,2.7494771480560303,2.3941397666931152,2.436389923095703,2.8446199893951416,3.005735158920288,2.097564697265625,2.2396461963653564,2.426663875579834,2.6057758331298833,3.1011955738067627
SNRdb0_p281_313_269,1.151592254638672,1.250963568687439,1.308420181274414,1.388674020767212,1.4202706813812256,1.6857285499572754,1.4702043533325195,1.4434607028961182,1.4071455001831057,1.6540727615356443,1.5603685379028318
SNRdb5_p339_320_269,1.210569977760315,2.056414127349853,2.427241563796997,2.0513663291931152,2.447418451309204,2.6794376373291016,2.2085630893707275,2.1493287086486816,2.4059112071990967,2.413914203643799,2.471967458724976
SNRdb10_p281_161_269,1.4265230894088743,1.7182270288467407,1.871074914932251,1.7105498313903809,2.0636239051818848,1.9937130212783811,2.0565788745880127,1.8542250394821167,2.207520008087158,2.164535999298096,2.052562475204468
SNRdb20_p335_071_269,2.7222862243652344,2.651827335357666,2.948317289352417,2.7181642055511475,2.676220178604126,2.4613678455352783,2.6886215209960938,2.531549453735352,2.1439986228942867,2.913540363311768,2.8872549533843994
SNRdb0_p335_050_28,1.1387301683425903,1.4070994853973389,1.5339999198913574,1.4840152263641355,1.5613369941711426,1.7938494682312012,1.581877827644348,1.6344504356384275,1.6299580335617063,1.7736166715621948,1.7015058994293213
SNRdb5_p298_366_28,1.5748605728149414,1.961232662200928,2.26619029045105,2.1496124267578125,2.3471271991729736,2.3103344440460205,2.468449831008911,2.3945975303649902,2.3887040615081787,2.526852369308472,2.456033706665039
SNRdb10_p251_115_28,1.5279748439788818,1.756600260734558,2.052707433700561,2.129952907562256,2.299074649810791,2.039801359176636,1.8773742914199831,2.109203100204468,2.1940126419067383,2.047338485717773,2.03209924697876
SNRdb20_p335_351_28,2.381553649902344,3.0986130237579346,3.255244255065918,3.2288742065429688,3.2186453342437744,3.3027646541595463,2.8646957874298096,3.2790567874908447,3.439087390899658,2.9266448020935063,3.0272216796875
SNRdb0_p298_179_280,1.0929772853851318,1.1951165199279783,1.253193736076355,1.2531900405883791,1.3154232501983645,1.5427639484405518,1.129077672958374,1.2152107954025269,1.2148627042770386,1.328105092048645,1.4313019514083862
SNRdb5_p249_208_280,1.101858615875244,1.3853812217712402,1.5350241661071775,1.3997315168380735,1.5855069160461426,1.780184030532837,1.4048693180084229,1.4801955223083496,1.5802743434906006,1.5991168022155762,1.7901620864868164
SNRdb10_p339_389_280,1.3027151823043823,1.8766313791275024,1.8524317741394043,1.6235928535461426,1.8606014251708984,2.438961267471313,1.6405515670776367,1.8931437730789185,1.6770591735839844,1.5016579627990725,2.1105916500091557
SNRdb20_p298_042_280,2.082913875579834,2.239615201950073,2.2616968154907227,2.2959678173065186,2.591256618499756,2.452059268951416,2.5530097484588623,2.41066312789917,2.278024435043335,2.570964336395264,2.4148311614990234
SNRdb0_p306_256_297,1.0673800706863403,1.148526906967163,1.198558330535889,1.2348835468292236,1.2355848550796509,1.231499433517456,1.2065855264663696,1.2139118909835815,1.2677555084228516,1.2887781858444214,1.2472858428955078
SNRdb5_p251_285_297,1.1126809120178225,1.2892751693725586,1.4102002382278442,1.416484236717224,1.3332226276397705,1.4484035968780518,1.374267816543579,1.4960066080093384,1.4707914590835571,1.5527770519256592,1.7516666650772097
SNRdb10_p281_368_297,1.3656997680664062,1.588214635848999,1.7135446071624756,1.7669167518615725,1.8212528228759768,1.9540122747421265,1.8950287103652956,1.941996693611145,2.0252759456634517,2.1393136978149414,2.104626417160034
SNRdb20_p281_418_297,2.441108226776123,2.537997245788574,2.259305715560913,1.903892040252685,2.3913793563842773,2.4030063152313232,2.70531964302063,2.1288747787475586,2.6951160430908203,2.867041826248169,2.341290235519409
SNRdb0_p251_178_298,1.0761709213256836,1.238453030586243,1.246718168258667,1.3162869215011597,1.3685094118118286,1.4203567504882812,1.4272630214691162,1.375483751296997,1.4271384477615356,1.567894458770752,1.5917205810546875
SNRdb5_p251_339_298,1.1618279218673706,1.3562005758285522,1.3264803886413574,1.3224389553070068,1.4059666395187378,1.5893981456756592,1.41619873046875,1.522694110870361,1.5074803829193115,1.725870132446289,1.5884968042373655
SNRdb10_p306_162_298,1.3207063674926758,2.3346354961395264,2.715581178665161,2.686742782592773,2.7819294929504395,2.553996086120605,2.57599139213562,2.717052936553955,2.72464656829834,2.685145616531372,2.594505786895752
SNRdb20_p299_038_298,2.3719823360443115,2.9419453144073486,3.1550967693328857,3.2549891471862797,3.391057252883911,3.2582585811614986,3.2513234615325928,3.2431252002716064,2.9710142612457275,3.36783218383789,3.171941041946411
SNRdb0_p299_319_300,1.1475751399993896,1.5824528932571411,1.7026104927062988,1.4856071472167969,1.7142500877380369,2.117746114730835,1.7825155258178709,1.4907958507537842,1.635679006576538,1.705198049545288,1.700287699699402
SNRdb5_p299_074_300,1.2916439771652222,1.7780107259750366,2.196872472763061,2.0337553024291988,2.286362648010254,2.599872350692749,1.768700122833252,1.811398983001709,1.9262505769729612,1.7785314321517944,2.349656343460083
SNRdb10_p303_172_300,1.4788628816604614,2.1065921783447266,2.282798290252685,2.0882418155670166,2.2470924854278564,2.416670799255371,2.293614149093628,2.390767812728882,2.354727268218994,2.6077880859375,2.57924485206604
SNRdb20_p249_005_300,2.5897440910339355,2.513693332672119,2.9208834171295166,2.9485676288604736,2.904536724090576,3.002464771270752,2.939888000488281,3.0737700462341313,2.911184072494507,3.0547213554382324,3.1043200492858887
SNRdb0_p281_211_302,1.2324522733688354,1.211126685142517,1.1864728927612305,1.1790556907653809,1.238000750541687,1.5277917385101318,1.539389729499817,1.6952966451644895,1.5260261297225952,1.7177168130874634,1.6597590446472168
SNRdb5_p249_255_302,1.4132095575332642,1.4949225187301636,1.9332637786865237,1.6561461687088013,1.6966155767440796,1.7404385805130005,1.6801921129226685,2.034597635269165,1.799318552017212,1.816033124923706,1.807300686836243
SNRdb10_p298_236_302,1.8805344104766848,2.3594448566436768,2.286447525024414,2.4477615356445312,2.6875019073486333,2.531538724899292,2.2556993961334233,1.9946635961532595,2.475085496902466,2.76641845703125,2.5665812492370605
SNRdb20_p298_236_302,2.8707849979400635,2.89989972114563,3.4001543521881104,3.3193459510803223,3.367821455001831,3.1523475646972656,3.214186906814575,3.035930633544922,3.2548751831054688,3.3525545597076416,2.8528101444244385
SNRdb0_p299_243_312,1.136934757232666,1.362950086593628,1.5148048400878906,1.4989418983459473,1.7502825260162354,1.7796897888183594,1.3577182292938232,1.6224353313446045,1.425455093383789,1.6148293018341064,1.7970516681671145
SNRdb5_p335_182_312,1.1094391345977783,1.3001039028167725,1.6086602210998535,1.2821043729782104,1.6062304973602295,1.6946284770965576,1.3792272806167605,1.5070078372955322,1.560746431350708,1.6632804870605469,1.5403612852096558
SNRdb10_p299_402_312,1.2851958274841309,2.0282485485076904,2.2377266883850098,2.235165596008301,2.3759701251983643,2.6371996402740483,2.035102844238281,2.0415699481964107,2.3339991569519043,2.095238447189331,2.224780559539795
SNRdb20_p335_113_312,2.48780369758606,2.6173157691955566,2.6624748706817627,2.703789472579956,2.275339126586914,2.9405293464660645,2.6467690467834477,2.7556309700012207,2.761699676513672,2.8545889854431152,2.7505571842193604
SNRdb0_p339_135_316,1.1398946046829224,1.2735793590545654,1.8327906131744385,1.332987666130066,1.3869975805282593,1.5063471794128418,1.3352400064468384,1.9249358177185056,1.3661658763885498,2.205145835876465,2.117879629135132
SNRdb5_p303_170_316,1.191633939743042,1.5570576190948486,2.029072523117065,1.8168175220489504,2.0466375350952153,2.289142847061157,1.9205050468444824,2.1566367149353027,2.0995519161224365,2.0361506938934326,2.113501071929932
SNRdb10_p335_131_316,1.3243860006332395,2.353041887283325,2.822580099105835,2.6243553161621094,2.9685633182525635,2.7418153285980225,2.3551104068756104,2.898829221725464,2.6955037117004395,2.727532148361206,2.889933824539185
SNRdb20_p246_151_316,2.189594030380249,2.3188495635986333,2.7616374492645264,2.731351375579834,2.975050210952759,3.044299602508545,2.5794031620025635,2.566439151763916,2.6810340881347656,2.8934221267700195,3.063930034637451
SNRdb0_p251_230_339,1.0723714828491209,1.1518691778182983,1.1313698291778564,1.1502013206481934,1.130352020263672,1.1331795454025269,1.1351735591888428,1.1700435876846311,1.197782039642334,1.2338533401489258,1.2411179542541504
SNRdb5_p306_222_339,1.0980784893035889,1.3233994245529177,1.2245874404907229,1.314003586769104,1.2916419506072998,1.5824811458587646,1.3368178606033323,1.3953412771224976,1.3194702863693235,1.4591046571731567,1.7708179950714111
SNRdb10_p306_038_339,1.2815654277801514,1.750650405883789,2.3221473693847656,2.18970251083374,2.358708381652832,2.222269058227539,2.254372358322144,2.3647944927215576,2.3301734924316406,2.396335363388061,2.438301086425781
SNRdb20_p246_060_339,1.971901297569275,2.385584115982056,2.0862658023834233,2.5034022331237797,2.0114278793334956,2.8294029235839844,2.1472852230072017,2.3745496273040767,2.776265859603882,2.767343521118164,2.92250919342041
SNRdb0_p360_103_350,1.24754536151886,1.3301535844802856,1.3194622993469238,1.3782047033309937,1.351024508476257,1.47694993019104,1.35706889629364,1.3905420303344729,1.394079327583313,1.5137860774993896,1.4355275630950928
SNRdb5_p360_138_350,1.5181256532669067,1.8473968505859373,1.7809255123138428,2.022989273071289,1.7036210298538208,1.900052785873413,2.234283208847046,2.038611888885498,1.8977909088134768,2.108618259429932,1.8721895217895508
SNRdb10_p303_162_350,1.1655035018920898,1.46621572971344,2.0034134387969966,1.4708144664764404,1.9928040504455569,1.7344133853912354,1.3657454252243042,2.0983004570007324,2.1590838432312007,1.6865434646606443,1.7021698951721191
SNRdb20_p335_199_350,1.9300204515457156,2.2714030742645264,2.4856181144714355,2.524273633956909,2.623573303222656,2.75314998626709,2.2843153476715092,2.630378007888794,2.7467966079711914,2.8511066436767583,2.91899847984314
SNRdb0_p306_116_352,1.0687212944030762,1.2800079584121704,1.5376033782958984,1.3703526258468628,1.5005325078964231,1.6498064994812012,1.359849452972412,1.414041519165039,1.5484628677368164,1.72227144241333,1.6565983295440674
SNRdb5_p343_228_352,1.2621530294418335,1.660097599029541,1.832604169845581,1.8089591264724727,2.224541187286377,2.234249830245972,1.8730430603027344,2.217945337295532,2.1846930980682373,2.1899452209472656,2.3362319469451904
SNRdb10_p246_318_352,1.4566059112548828,1.7701404094696045,1.8357027769088743,1.766237497329712,1.8346747159957888,2.2916300296783447,1.8167030811309812,1.878100633621216,1.7535381317138672,2.287400484085083,2.6255502700805664
SNRdb20_p339_005_352,2.5202183723449707,2.820749998092652,2.500362634658813,2.9560027122497563,3.0390813350677486,3.0778684616088867,2.826101064682007,2.490583896636963,3.1076140403747563,2.949324607849121,3.01090931892395
SNRdb0_p360_206_373,1.1477198600769043,1.1752464771270752,1.199958562850952,1.199752688407898,1.1464835405349731,1.1324542760849,1.2745243310928345,1.254262089729309,1.2977100610733032,1.3382768630981443,1.4044840335845947
SNRdb5_p249_173_373,1.3928442001342771,1.3556921482086182,1.5928990840911863,1.6528631448745728,1.6177772283554075,1.7110433578491209,1.686504364013672,1.6374458074569702,1.7772016525268557,1.8282208442687988,1.858035683631897
SNRdb10_p281_130_373,1.2986774444580078,1.4706497192382812,1.5957107543945312,1.5394697189331057,1.6052390336990356,1.90296483039856,1.9575464725494385,2.0913472175598145,2.3258380889892583,2.239487171173096,2.235957622528076
SNRdb20_p360_136_373,2.1630322933197017,3.0127561092376713,2.548109769821167,2.6840124130249023,2.9393084049224854,2.827710628509521,2.0004632472991943,3.0191433429718018,3.078284502029419,2.9485454559326167,2.608978033065796
SNRdb0_p360_024_44,1.1965407133102417,1.2336421012878418,1.2149651050567627,1.2094601392745972,1.2224409580230713,1.259219765663147,1.2137713432312012,1.274878978729248,1.301340937614441,1.2947328090667725,1.2731010913848877
SNRdb5_p281_208_44,1.3687615394592283,1.2883799076080322,1.1794660091400146,1.2260760068893433,1.17695415019989,1.3265585899353027,1.490939736366272,1.3325848579406738,1.345736742019653,1.6371507644653318,1.6334950923919678
SNRdb10_p246_352_44,1.3278625011444092,1.5680856704711914,1.616728663444519,1.6776468753814695,1.6731321811676023,1.6909663677215576,1.794517159461975,1.7883106470108032,1.9618003368377688,1.9255399703979488,2.1899235248565674
SNRdb20_p249_217_44,2.315804004669189,2.610332489013672,2.6666371822357178,2.432387590408325,3.1397030353546143,3.0381054878234863,2.1333792209625244,3.0306437015533447,1.8213627338409424,2.888538360595703,2.933560848236084
SNRdb0_p246_338_466,1.114234447479248,1.2388931512832642,1.189615249633789,1.190823316574097,1.304508924484253,1.4926291704177856,1.2452123165130615,1.3177473545074463,1.3898015022277832,1.4752347469329834,1.4703891277313232
SNRdb5_p306_251_466,1.196594476699829,1.6183404922485352,1.5579572916030884,1.5437264442443848,1.7961251735687256,1.939802408218384,1.5376372337341309,1.7628839015960691,1.8198380470275881,1.9528731107711792,1.9101724624633791
SNRdb10_p298_227_466,1.976305723190308,2.618048667907715,2.730799436569214,2.5814223289489746,3.0664422512054443,2.8573076725006104,2.5922229290008545,2.7717645168304443,2.981410503387451,3.1910653114318848,2.8104321956634517
SNRdb20_p343_182_466,1.392319917678833,2.9765017032623287,1.8219757080078125,1.695514440536499,1.7632460594177246,1.838096022605896,1.6721071004867554,2.0266647338867188,1.7855939865112305,1.8861305713653564,2.1264057159423833
SNRdb0_p303_206_488,1.0769186019897459,1.2840837240219116,1.3551740646362305,1.3348536491394043,1.5958708524703982,1.6287602186203003,1.3467557430267334,1.475968599319458,1.470600962638855,1.651766061782837,1.753845453262329
SNRdb5_p303_091_488,1.1938873529434204,1.7298157215118408,1.849536895751953,1.8715257644653318,1.850805759429932,2.143241167068481,1.9054265022277832,1.8078346252441408,1.900826930999756,2.319918632507324,2.098254442214966
SNRdb10_p343_052_488,1.3355913162231443,2.1682484149932857,2.399172067642212,2.2939436435699463,2.4400875568389893,2.545689582824707,2.157146692276001,2.479745388031006,2.2618987560272217,2.712252616882324,2.532292127609253
SNRdb20_p306_124_488,2.2943947315216064,2.802398681640625,2.7687225341796875,2.8397426605224614,2.877704620361328,2.7429001331329346,2.4237852096557617,2.868816375732422,2.5220212936401367,2.6548619270324707,2.992056131362915
SNRdb0_p335_115_489,1.2234492301940918,1.8221167325973509,2.1190142631530757,1.936078667640686,2.1269233226776123,2.047252655029297,2.0810916423797607,2.0052270889282227,2.2249059677124023,2.1934065818786617,2.3657426834106445
SNRdb5_p303_007_489,1.1654716730117798,1.5740177631378174,1.9198377132415767,1.868804931640625,1.8227758407592771,1.948000192642212,1.7750637531280518,1.6827335357666016,1.7411980628967283,2.1123855113983154,1.9313175678253172
SNRdb10_p251_050_489,1.6794304847717283,2.1468636989593506,1.6366548538208008,2.31892728805542,2.3484957218170166,1.669925332069397,2.0759525299072266,2.0965895652771,2.2641887664794917,2.5369181632995605,2.196167230606079
SNRdb20_p343_341_489,2.7175657749176025,3.152597665786743,2.846848249435425,2.945788860321045,3.1088943481445312,3.6260602474212646,2.8081836700439453,2.9475457668304443,2.7862813472747803,3.322293519973755,3.488067150115967
SNRdb0_p281_432_49,1.127216339111328,1.2019307613372805,1.2152495384216309,1.2470903396606443,1.2999862432479858,1.3376916646957395,1.24653160572052,1.3958752155303955,1.3520519733428955,1.406501531600952,1.4913427829742432
SNRdb5_p298_084_49,1.2365015745162964,1.6519308090209959,1.8844954967498782,1.8615949153900144,2.146384954452514,2.1078574657440186,1.734610676765442,2.0148518085479736,2.107464551925659,2.235219955444336,2.1408355236053467
SNRdb10_p306_185_49,1.243756651878357,1.6276777982711792,2.0793931484222408,1.9663870334625244,2.103971242904663,2.1027483940124507,2.0143468379974365,2.2610301971435547,2.1347367763519287,2.294564723968506,2.0884077548980717
SNRdb20_p251_166_49,2.566092729568481,2.4715521335601807,2.572838544845581,3.03488564491272,2.622201919555664,2.6409289836883545,2.3463497161865234,2.7358949184417725,2.530264139175415,2.5241096019744877,2.306589841842652
SNRdb0_p306_115_497,1.0655227899551392,1.2984848022460938,1.5016238689422607,1.4551355838775637,1.5646637678146362,1.7025130987167358,1.374399185180664,1.5413997173309326,1.6541304588317869,1.6965813636779783,1.7255477905273438
SNRdb5_p281_129_497,1.401195406913757,1.6544437408447266,1.746838092803955,1.6755110025405884,1.8853936195373533,2.094879388809204,1.7747523784637451,1.9544289112091064,2.102622032165528,1.9213920831680296,2.0377697944641118
SNRdb10_p246_098_497,1.4703845977783203,2.096048355102539,2.3464829921722408,2.263283491134644,2.2738325595855717,2.3956291675567627,2.0146284103393555,2.2920758724212646,2.419111728668213,2.365011215209961,2.4716565608978267
SNRdb20_p298_047_497,2.565683364868164,2.5402731895446777,2.562582015991211,2.766752958297729,2.4660885334014893,2.7342326641082764,2.1812772750854488,2.1010453701019287,2.274768352508545,2.8504321575164795,2.525378465652466
SNRdb0_p339_098_529,1.0761542320251465,1.1308298110961914,1.1486774682998655,1.151849389076233,1.2618448734283447,1.3324010372161863,1.225989580154419,1.1615949869155884,1.3998489379882812,1.4196507930755615,1.6506600379943848
SNRdb5_p335_393_529,1.18388032913208,1.5015313625335691,1.4316060543060305,1.425801396369934,1.4210280179977417,1.6194295883178709,1.5505545139312744,1.5963404178619385,1.5384604930877686,1.770434856414795,1.9241559505462649
SNRdb10_p249_133_529,1.437746286392212,1.69231915473938,1.566232681274414,1.703818678855896,1.6999720335006714,1.899075269699097,1.9304457902908323,1.8177847862243648,1.9885594844818115,2.264467477798462,2.258839607238769
SNRdb20_p306_055_529,2.379058122634888,2.715169668197632,2.8279473781585693,2.852541208267212,2.836811780929565,2.8415470123291016,2.901857852935791,2.732978820800781,3.0934436321258545,2.9505057334899902,2.96757173538208
SNRdb0_p360_206_543,1.0893933773040771,1.193831205368042,1.502918004989624,1.2989590167999268,1.29790997505188,1.6833889484405518,1.3451321125030518,1.4077531099319458,1.5630326271057131,1.4844894409179688,1.3327150344848633
SNRdb5_p246_338_543,1.1933138370513916,1.318078637123108,1.3958361148834229,1.5027979612350464,1.497711181640625,1.57417893409729,1.416466474533081,1.4421218633651731,1.7038309574127195,1.7538189888000488,1.7302310466766355
SNRdb10_p360_141_543,1.8112986087799072,2.3918206691741943,2.2993741035461426,2.1920785903930664,2.2046751976013184,2.2576184272766118,1.827724933624268,2.390645265579224,2.369162082672119,2.332138061523437,2.3334755897521973
SNRdb20_p298_331_543,2.3472702503204346,2.8948748111724854,2.252546787261963,2.817974090576172,3.0258455276489262,3.065550804138184,2.5308661460876465,2.7740046977996826,3.033619165420532,3.1261770725250244,3.0094373226165767
SNRdb0_p298_042_550,1.0615581274032593,1.3349404335021973,1.3524633646011353,1.5244786739349363,1.6796653270721436,1.7442396879196167,1.3686556816101074,1.5243748426437378,1.7000656127929688,1.6966195106506348,1.7371220588684082
SNRdb5_p298_007_550,1.3043947219848633,1.6661946773529053,1.8426488637924197,1.8246564865112305,1.8131840229034424,2.069943904876709,1.6281232833862305,1.6732690334320068,1.788581609725952,2.1351804733276367,2.0446717739105225
SNRdb10_p343_042_550,1.2571649551391602,1.3975205421447754,1.8383945226669312,1.6409168243408203,1.6930488348007202,1.6448616981506348,1.5958210229873655,2.750652551651001,1.6632080078125,1.6588242053985596,1.5728703737258911
SNRdb20_p246_095_550,2.5103518962860107,2.779004573822021,2.678971529006958,2.9314680099487305,3.2045896053314213,3.1380820274353027,3.1126537322998047,3.1460590362548833,3.1042447090148926,3.119080781936645,3.139420986175537
SNRdb0_p281_151_588,1.248680830001831,1.3519946336746216,1.2514352798461914,1.3521566390991209,1.587801456451416,1.6766862869262695,1.6767816543579102,1.5950475931167605,1.6792820692062378,1.7640101909637451,2.0519547462463383
SNRdb5_p249_217_588,1.1624904870986938,1.4370954036712646,1.5878355503082275,1.56265127658844,1.6290202140808103,1.6602978706359863,1.689389944076538,1.7437297105789185,1.8060686588287356,1.899843692779541,1.8564250469207764
SNRdb10_p251_007_588,1.4481638669967651,2.0296280384063716,2.1110329627990723,2.1863446235656743,2.3478524684906006,2.567072629928589,2.0125272274017334,2.221529245376587,2.2077410221099854,2.710228443145752,2.605562686920166
SNRdb20_p335_115_588,2.6213514804840092,3.1770291328430176,3.306047916412353,3.4032692909240723,3.2917723655700684,3.4917492866516118,3.3698940277099614,2.9192280769348145,3.2685058116912837,3.137721300125122,3.286259412765503
SNRdb0_p306_358_594,1.0865297317504885,1.2219885587692259,1.3925052881240845,1.4011332988739014,1.5064048767089844,1.5868053436279297,1.3340673446655271,1.5820558071136477,1.6573565006256104,1.524134397506714,1.8487753868103027
SNRdb5_p298_130_594,1.3501548767089844,1.8224240541458132,1.7798691987991333,1.847373127937317,1.837048053741455,2.1289942264556885,1.7348585128784182,1.8583362102508545,2.1511549949646,2.2718684673309326,2.4789502620697017
SNRdb10_p299_302_594,1.4287481307983398,2.7387678623199463,2.781368494033813,2.557735681533813,2.8200831413269043,2.811270475387573,2.7256290912628174,2.5491585731506348,2.8750793933868413,2.8467676639556885,2.9581508636474614
SNRdb20_p360_236_594,2.317075490951538,2.9108612537384038,2.2728114128112797,2.844571590423584,2.31057071685791,2.851976156234741,2.3511171340942383,2.7905755043029785,2.7357702255249023,2.63081169128418,2.5588667392730717
SNRdb0_p306_024_612,1.0601434707641602,1.235735297203064,1.3037614822387695,1.288503646850586,1.3645155429840088,1.6148083209991455,1.2963078022003174,1.3866212368011477,1.4521664381027222,1.3951168060302734,1.5312142372131348
SNRdb5_p249_340_612,1.2335658073425293,1.453722596168518,1.7755675315856934,1.6584081649780271,1.7865844964981081,2.120445966720581,1.7161284685134888,1.7495392560958862,1.7797815799713137,2.069943189620972,2.066771507263184
SNRdb10_p339_347_612,1.391340732574463,2.4776690006256104,2.6946585178375244,2.529510021209717,2.6736924648284908,2.795954942703247,2.165475845336914,2.386441707611084,2.67586612701416,3.0226709842681885,2.8325750827789307
SNRdb20_p299_063_612,2.397836208343506,2.9791135787963867,2.9898874759674072,3.0792968273162837,3.4273598194122314,3.2113595008850098,2.638192176818848,3.016035795211792,3.071113586425781,2.961937665939331,3.006058692932129
SNRdb0_p339_392_628,1.09297776222229,1.3487309217453003,1.4977219104766846,1.4201288223266602,1.6216288805007937,1.6919986009597778,1.3801538944244385,1.4874525070190432,1.3608989715576172,1.4401158094406128,1.5671954154968262
SNRdb5_p360_084_628,1.2097870111465454,1.3977948427200315,1.3706209659576416,1.4533936977386477,1.3795831203460691,1.5103251934051514,1.4209126234054563,1.380347728729248,1.395384669303894,1.4577128887176514,1.6166939735412598
SNRdb10_p299_065_628,1.3595197200775146,2.1827950477600098,2.450901746749878,2.147656917572021,2.385565280914306,2.668867826461792,2.227407693862915,2.504770040512085,2.230231523513794,2.4685938358306885,2.4031877517700195
SNRdb20_p298_233_628,2.4346485137939453,2.6755259037017822,2.1241590976715092,2.772972583770752,2.589803695678711,2.6564087867736816,2.385875940322876,2.6648483276367188,2.846521139144897,2.950144052505493,2.9193150997161865
SNRdb0_p339_034_633,1.0546258687973022,1.154521942138672,1.4216446876525881,1.3060107231140137,1.4342031478881836,1.5478760004043581,1.3060367107391355,1.3328633308410645,1.2732771635055542,1.476917028427124,1.6380453109741209
SNRdb5_p306_208_633,1.0744736194610596,1.458701729774475,1.6259377002716064,1.4481658935546875,1.605214238166809,1.7265692949295044,1.5056846141815186,1.5536222457885742,1.5107135772705078,1.7265968322753906,1.8159446716308596
SNRdb10_p281_182_633,1.377110242843628,1.7880853414535522,1.8181324005126955,1.85202157497406,2.067708969116211,2.02846908569336,1.604461431503296,2.154357433319092,1.832801818847656,2.095130205154419,1.791860818862915
SNRdb20_p298_343_633,2.4751265048980717,2.936785697937012,2.9256076812744136,2.9548244476318364,2.742753267288208,3.0740385055541988,3.0670223236083984,2.837163209915161,2.7455973625183105,2.964346170425415,2.886420488357544
SNRdb0_p251_019_638,1.1371480226516724,1.2354755401611328,1.312185764312744,1.310119390487671,1.3402625322341921,1.5139591693878174,1.375154972076416,1.3792524337768557,1.3921184539794922,1.5814017057418823,1.5455946922302246
SNRdb5_p335_143_638,1.2187955379486084,1.6040843725204468,2.086585283279419,2.2273423671722408,2.4233157634735107,2.3420064449310303,1.982947587966919,2.408047914505005,2.2696499824523926,2.3747663497924805,2.0561411380767822
SNRdb10_p303_172_638,1.4413833618164062,2.0823278427124023,2.201858758926392,2.0248823165893555,2.162656307220459,2.4386861324310303,2.2666406631469727,2.244147777557373,2.273803234100342,2.476239919662476,2.5837502479553223
SNRdb20_p299_300_638,3.0308051109313965,3.3053369522094727,3.24777889251709,3.3168931007385254,3.3443937301635738,2.80411696434021,3.034437894821167,3.274671792984009,3.3791821002960205,2.946791172027588,2.862218379974365
SNRdb0_p246_217_645,1.1244711875915527,1.3564655780792236,1.4334659576416016,1.4275239706039429,1.3498167991638184,1.6637203693389893,1.5064208507537842,1.5372154712677002,1.482144117355347,1.6071712970733645,1.681414246559143
SNRdb5_p303_091_645,1.2167235612869265,1.9607199430465696,1.8166134357452397,1.8884170055389404,1.803557515144348,2.016619920730591,1.857353925704956,2.044394016265869,1.952972173690796,2.3152379989624023,2.161334991455078
SNRdb10_p249_326_645,1.8879654407501218,2.026801347732544,2.035860776901245,2.21773362159729,2.1946039199829097,2.339127540588379,2.247525691986084,2.4359760284423833,2.1774604320526123,2.517164945602417,2.2807695865631104
SNRdb20_p303_259_645,2.478992462158203,2.8858232498168945,2.918067455291748,2.854386568069458,3.094303846359253,2.6903350353240967,2.611292600631714,3.024921417236328,2.739371061325073,2.6799654960632324,2.834343910217285
SNRdb0_p343_209_66,1.1166805028915403,1.5775890350341797,1.5831153392791748,1.7025301456451416,1.8310623168945312,1.82223641872406,1.40483558177948,1.7155685424804688,1.6370716094970703,1.662109375,1.9436081647872925
SNRdb5_p306_269_66,1.1488754749298096,1.500427007675171,1.8994354009628296,1.831828594207764,2.1394622325897217,2.333884954452514,1.8108621835708616,1.973566055297852,1.7615489959716797,2.1003398895263667,2.218839406967163
SNRdb10_p281_349_66,1.425642013549805,1.6319922208786009,1.5569130182266235,1.5415754318237305,1.79583477973938,2.2786343097686768,1.8214582204818728,1.8580690622329712,1.8476171493530276,2.0215408802032466,2.0431900024414062
SNRdb20_p299_094_66,1.7777049541473389,3.049888610839844,3.157139778137207,3.072885751724243,3.1246395111083984,3.1642134189605717,2.755490303039551,3.174808979034424,3.0277562141418457,3.0325703620910645,3.1770501136779785
SNRdb0_p335_373_680,1.1855998039245603,1.515588879585266,1.7401889562606812,1.7787225246429443,1.7463748455047607,1.8911869525909424,1.728404521942139,1.9950801134109497,1.7841627597808838,2.2095983028411865,1.82255220413208
SNRdb5_p299_179_680,1.2679572105407717,1.7960860729217532,2.5042150020599365,2.2585487365722656,2.501040458679199,2.7546136379241943,2.1317720413208012,2.3129827976226807,2.2731821537017822,2.636343002319336,2.5437958240509038
SNRdb10_p249_139_680,1.5297634601593018,2.3618013858795166,2.757673740386963,2.567576169967652,2.7489938735961914,2.834043264389038,2.4729783535003658,2.7634828090667725,2.210724353790283,2.7621240615844727,2.742159605026245
SNRdb20_p299_183_680,2.510105609893799,3.2397730350494385,3.1714868545532227,3.1200835704803467,3.358485698699951,3.439861297607422,3.005995512008667,3.1993405818939213,3.448000192642212,3.1402666568756104,3.4440317153930664
SNRdb0_p249_133_681,1.0748175382614136,1.1735050678253174,1.1960909366607666,1.237278938293457,1.229703068733215,1.226856708526611,1.280912160873413,1.3202712535858154,1.3969168663024902,1.3270113468170166,1.409575581550598
SNRdb5_p298_359_681,1.518777847290039,1.558924436569214,1.821820974349976,1.8363538980484009,1.8443095684051516,2.0119431018829346,1.9894254207611084,1.942145586013794,2.139106273651123,2.338007688522339,2.252890586853028
SNRdb10_p246_350_681,1.733644962310791,1.819000482559204,2.1367142200469966,1.7671000957489014,1.6033082008361816,1.8690226078033447,2.558589458465576,2.202512502670288,2.3327710628509517,2.582006931304932,2.977922201156616
SNRdb20_p298_019_681,2.272057056427002,2.209355354309082,2.7881791591644287,2.7261767387390137,2.6662442684173584,2.7141008377075195,2.4466702938079834,2.710537433624268,2.7040910720825195,2.772003412246704,2.695929288864136
SNRdb0_p246_255_7,1.117389678955078,1.2504007816314695,1.3312721252441406,1.2628626823425293,1.4172050952911377,1.3765660524368286,1.4843297004699707,1.4012891054153442,1.7083473205566406,1.5848932266235352,1.6723731756210327
SNRdb5_p246_035_7,1.2429347038269043,1.5951071977615356,1.4736175537109375,1.5625172853469849,1.7505979537963867,1.8646000623703003,1.8362667560577397,1.7984721660614014,1.9787476062774656,1.8852577209472656,2.2614433765411377
SNRdb10_p246_076_7,1.5008602142333984,1.83740496635437,1.9703298807144165,2.014089584350586,2.068704843521118,2.1235094070434566,1.96162223815918,2.329535961151123,2.239058017730713,2.253910779953003,2.0280704498291016
SNRdb20_p360_313_7,2.509372472763061,2.815190076828003,2.7995119094848637,2.816838026046753,3.0104889869689937,2.8874309062957764,2.391998052597046,3.004603624343872,2.8135998249053955,2.822190999984741,2.4608232975006104
SNRdb0_p299_233_70,1.1308878660202026,1.4541046619415283,1.707714319229126,1.5446066856384275,1.5403343439102173,1.6901440620422363,1.4840911626815796,1.4830403327941897,1.572014570236206,1.64805269241333,1.655750751495361
SNRdb5_p299_307_70,1.1228868961334229,1.906402349472046,2.355052947998047,2.0735120773315434,2.3319308757781982,2.594895839691162,1.7491936683654783,2.107372760772705,2.302775621414185,1.9131941795349119,2.182222604751587
SNRdb10_p335_007_70,1.2003053426742554,1.6227369308471682,2.0953261852264404,1.6240825653076172,1.6336016654968262,1.650220513343811,1.5367262363433838,1.7404038906097412,2.0570671558380127,1.6086874008178709,1.5007818937301636
SNRdb20_p298_123_70,2.301126718521118,2.826786994934082,2.79450798034668,2.67563271522522,2.802509069442749,2.9738576412200928,2.8790783882141118,2.8521664142608643,2.815236806869507,2.731308460235596,2.856858968734741
SNRdb0_p303_233_716,1.0650265216827393,1.1902614831924438,1.207717776298523,1.2475097179412842,1.3202142715454102,1.2830054759979248,1.1705682277679443,1.2672529220581057,1.2125400304794312,1.313145637512207,1.4012616872787476
SNRdb5_p339_099_716,1.08612322807312,1.4214766025543213,1.5803685188293457,1.5261707305908203,1.5720233917236328,1.6395297050476074,1.6001074314117432,1.6623345613479614,1.733227014541626,1.8466222286224363,1.7182650566101074
SNRdb10_p303_233_716,1.2016326189041138,1.6619038581848145,1.815573573112488,1.6701443195343018,1.7878172397613523,1.8132320642471316,1.7424155473709106,1.9192868471145632,1.686913013458252,1.8430793285369875,2.0053813457489014
SNRdb20_p360_161_716,2.3242511749267583,2.431918144226074,2.3809821605682373,2.043475389480591,2.562835931777954,2.757960557937622,2.5374293327331543,2.64003586769104,2.5037851333618164,2.7495815753936768,2.813077688217163
SNRdb0_p360_151_721,1.3058245182037354,1.4936926364898682,1.6161758899688718,1.528643250465393,1.5537554025650024,1.6216697692871094,1.6132899522781372,1.6331751346588137,1.6950838565826416,1.7388733625411987,1.682525396347046
SNRdb5_p246_077_721,1.3440110683441162,1.590637445449829,1.8003844022750854,1.8099012374877932,1.959170937538147,2.2552814483642583,1.8482158184051516,2.067767858505249,1.7978059053421018,2.321483850479126,2.485619068145752
SNRdb10_p246_210_721,1.6541107892990112,2.3072423934936523,2.199647665023804,2.54719877243042,2.865565299987793,2.8202021121978764,2.683382272720337,2.7924013137817383,2.6615679264068604,2.8062448501586914,2.8970274925231934
SNRdb20_p303_259_721,2.109841108322144,2.7343003749847408,2.6785848140716557,2.6400864124298096,2.9333820343017583,2.500856637954712,2.508933782577514,2.8687548637390137,2.670799970626831,2.647373676300049,2.744638204574585
SNRdb0_p343_339_73,1.0681495666503906,1.2249627113342283,1.3664082288742063,1.2261780500411987,1.2908010482788086,1.473975419998169,1.2728593349456787,1.446443796157837,1.3948181867599487,1.649127721786499,1.8396512269973757
SNRdb5_p249_329_73,1.2257958650588991,1.3658998012542725,1.4864978790283203,1.4526997804641724,1.6358587741851809,1.7499454021453855,1.4432258605957031,1.4135531187057495,1.5562005043029783,1.5107533931732178,1.6580955982208252
SNRdb10_p251_209_73,1.4788084030151367,2.0710155963897705,2.4314868450164795,2.1924643516540527,1.7875703573226929,2.619407415390014,2.382103681564331,2.6714868545532227,2.4627814292907715,2.7210116386413574,2.667775869369507
SNRdb20_p251_287_73,2.413806438446045,2.2808637619018555,2.6889967918396,2.282812118530273,2.9314980506896973,2.642629861831665,2.566948413848877,2.621631622314453,2.9345004558563232,3.1947193145751958,2.9532375335693364
SNRdb0_p335_226_730,1.1159727573394775,1.3134925365447998,1.302544116973877,1.4417085647583008,1.4256353378295898,1.44746994972229,1.315162181854248,1.5138968229293823,1.5164289474487305,1.612621784210205,1.5429482460021973
SNRdb5_p298_227_730,1.5034677982330322,1.6344939470291138,1.7576962709426882,1.677634835243225,1.841614842414856,1.9409927129745483,2.109771251678467,1.972429037094116,2.2772462368011475,2.4101665019989014,2.19144868850708
SNRdb10_p360_019_730,1.2596919536590576,1.408719539642334,1.4086859226226809,1.4696500301361084,1.4778592586517334,1.6499345302581787,1.577451467514038,1.5224559307098389,1.674210786819458,1.6338374614715576,1.7063530683517456
SNRdb20_p335_364_730,1.8139572143554688,3.020615100860596,3.056343078613281,2.631335735321045,3.180602550506592,3.0996527671813965,3.129610538482666,3.1087350845336914,3.141785144805908,3.0921230316162114,3.077889442443848
SNRdb0_p298_076_758,1.1339184045791626,1.4086072444915771,1.4819766283035278,1.4374191761016846,1.4364417791366575,1.4713973999023438,1.3419220447540283,1.4864894151687622,1.6779038906097412,1.808688163757324,1.6999635696411133
SNRdb5_p281_296_758,1.5165374279022217,1.5113768577575684,1.5742843151092532,1.587748408317566,1.7011234760284424,1.8924875259399412,2.004117488861084,2.065948009490967,1.9118201732635496,2.0662641525268555,1.943216681480408
SNRdb10_p251_239_758,1.5029993057250977,2.224090337753296,2.1083664894104004,2.2140464782714844,2.3918402194976807,1.846944808959961,2.093625783920288,2.4257287979125977,2.249709129333496,2.3886308670043945,2.3504230976104736
SNRdb20_p335_346_758,1.9970510005950928,2.6606218814849854,2.494614839553833,2.594226121902466,2.6351590156555176,3.0724406242370605,2.7038166522979736,2.5507738590240483,2.8605077266693115,2.980879783630371,3.193471670150757
SNRdb0_p246_224_792,1.0662895441055298,1.1800599098205566,1.260360836982727,1.2439500093460083,1.2970691919326782,1.4558007717132568,1.2810328006744385,1.385871648788452,1.3673062324523926,1.539170503616333,1.55108904838562
SNRdb5_p343_087_792,1.1155188083648682,1.7106583118438718,1.506878137588501,1.671804904937744,2.236628532409668,2.0029432773590092,1.8042805194854736,1.5212531089782717,1.9145752191543581,2.0241594314575195,2.0026662349700928
SNRdb10_p281_149_792,1.678761601448059,1.6619572639465332,2.1353259086608887,2.271261692047119,2.056274652481079,2.010230541229248,1.949113130569458,2.218905210494995,2.0930886268615723,2.3261196613311768,2.308813571929932
SNRdb20_p303_319_792,2.1905181407928467,3.0752041339874268,3.141567707061768,3.1031057834625244,3.167569637298584,3.0064985752105717,3.107367992401123,3.2571909427642822,3.0384960174560547,3.2342000007629395,3.0060045719146733
SNRdb0_p306_246_802,1.0352259874343872,1.1216871738433838,1.1582661867141724,1.2043017148971558,1.2953121662139893,1.368844509124756,1.1091991662979126,1.1224372386932373,1.1488654613494873,1.2119449377059937,1.3027344942092896
SNRdb5_p298_288_802,1.146103024482727,1.4643170833587646,1.572856068611145,1.4094433784484863,1.4835381507873535,1.7456922531127932,1.340656042098999,1.3330903053283691,1.3279467821121216,1.470071792602539,1.6736762523651123
SNRdb10_p306_083_802,1.144834041595459,1.8379205465316768,2.274312973022461,2.2219133377075195,2.3808746337890625,2.6150355339050293,2.1654527187347408,2.168721914291382,2.2268657684326167,2.3892230987548833,2.334479331970215
SNRdb20_p281_018_802,1.8281537294387815,2.0077943801879883,2.1464293003082275,2.078519344329834,2.1250641345977783,2.5557796955108643,2.1563868522644043,2.1469469070434566,2.0808150768280034,2.4461286067962646,2.693784236907959
SNRdb0_p251_019_821,1.049385666847229,1.1281070709228516,1.2086260318756104,1.1609513759613037,1.182276964187622,1.3216159343719482,1.1609737873077393,1.1767823696136477,1.2429345846176147,1.2509667873382568,1.3188210725784302
SNRdb5_p360_322_821,1.4819394350051882,1.7810735702514648,1.649210810661316,1.4736294746398926,1.832322359085083,1.9088821411132808,1.7744321823120115,1.7663729190826416,1.9878982305526731,2.0630455017089844,2.105545282363892
SNRdb10_p335_240_821,1.1782227754592896,1.6616017818450928,1.953086853027344,1.5033327341079712,1.9722568988800049,1.982307195663452,1.577887773513794,1.7311935424804688,1.7078285217285156,1.8706920146942136,1.869298219680786
SNRdb20_p299_219_821,2.0573804378509517,2.499189853668213,2.458597421646118,2.601454973220825,2.618092536926269,2.8084607124328613,2.5045385360717773,2.498432159423828,2.706771850585937,2.731118440628052,2.882656574249268
SNRdb0_p299_318_848,1.105235576629639,1.4720449447631836,1.324973702430725,1.5643935203552246,1.7695059776306152,1.702033758163452,1.4650540351867676,1.6855912208557131,1.7095372676849363,1.7687113285064695,1.7197473049163818
SNRdb5_p281_398_848,1.4766787290573118,1.775439739227295,1.774099349975586,1.756858229637146,1.7946600914001465,2.033792495727539,2.12511682510376,2.203761577606201,2.0455245971679688,2.2663166522979736,2.03369665145874
SNRdb10_p299_349_848,1.4579019546508791,2.535986423492432,2.7208456993103027,2.3306009769439697,2.822758436203003,2.9247832298278813,2.3267416954040527,2.6474449634552,2.7555994987487797,2.1719105243682857,2.8022103309631348
SNRdb20_p306_083_848,2.6008803844451904,2.8949785232543945,3.3432202339172363,3.149359941482544,3.1576106548309326,3.2164974212646484,2.9109108448028564,3.2915499210357666,3.0161683559417725,3.1509273052215576,3.1047329902648926
SNRdb0_p281_139_852,1.1383222341537476,1.2251769304275513,1.231682062149048,1.2505478858947754,1.285730242729187,1.2798924446105957,1.293450951576233,1.3527240753173828,1.381983757019043,1.3734391927719116,1.3436667919158936
SNRdb5_p343_019_852,1.115505933761597,1.315017819404602,1.414192795753479,1.4230705499649048,1.4527151584625244,1.5174572467803955,1.3899586200714111,1.5271664857864382,1.4829833507537842,1.636390209197998,1.623030424118042
SNRdb10_p360_342_852,1.6302444934844968,2.03795862197876,1.9291505813598635,2.2489967346191406,2.2356200218200684,2.469130754470825,2.202535390853882,2.504188776016236,2.5925734043121342,2.57684063911438,2.8087453842163086
SNRdb20_p281_414_852,2.151254653930664,2.680854320526123,2.5608913898468018,2.665043830871582,2.751652479171753,2.982090950012207,2.4860355854034424,2.6804211139678955,2.579351663589477,2.6941885948181152,2.594404697418213
SNRdb0_p343_087_877,1.0855927467346191,1.2788631916046145,1.2615535259246826,1.2809243202209473,1.890788435935974,1.8883721828460691,1.2951970100402832,1.413129448890686,1.7502334117889404,1.8015260696411133,1.871637344360352
SNRdb5_p251_356_877,1.1987059116363523,1.4343364238739014,1.4656205177307131,1.6262352466583252,1.655259370803833,1.7019912004470823,1.5073699951171875,1.6929244995117188,1.5914855003356934,1.7332074642181396,1.8016990423202517
SNRdb10_p360_084_877,1.570606708526611,1.6488862037658691,1.5457413196563718,2.0811080932617188,1.7366324663162231,1.9235026836395264,1.5149247646331787,1.8240931034088133,1.8963310718536377,1.8674976825714111,1.9732551574707031
SNRdb20_p299_364_877,1.5216925144195557,3.1359283924102783,3.10856032371521,3.121961832046509,2.9119346141815186,3.230219841003418,2.6961557865142822,3.0627458095550537,2.8680050373077397,2.9972472190856934,3.418808460235596
SNRdb0_p339_007_89,1.089359998703003,1.2709176540374756,1.3984346389770508,1.2165086269378662,1.3952587842941284,1.579594969749451,1.4581766128540041,1.509906768798828,1.447337627410889,1.5146028995513916,1.7684698104858398
SNRdb5_p299_262_89,1.3305330276489258,2.1439893245697017,2.2823755741119385,2.204230785369873,2.349915742874145,2.4624860286712646,1.9833222627639768,2.0975046157836914,2.08343505859375,2.3969957828521733,2.5829625129699707
SNRdb10_p360_169_89,1.8438653945922847,1.8495222330093384,1.5900815725326538,1.7795212268829346,2.370383977890014,2.8866693973541264,2.0042250156402592,1.6847696304321291,2.234350681304932,2.721508502960205,2.53139328956604
SNRdb20_p298_366_89,2.9999279975891118,3.4287445545196533,3.304353952407837,3.1887726783752437,3.4195964336395264,3.2194042205810547,3.3279356956481934,3.3270246982574463,3.339919090270996,3.366583585739136,3.3439502716064453
SNRdb0_p343_186_934,1.0855977535247805,1.2152427434921265,1.3487801551818848,1.3775399923324585,1.5609763860702517,1.8883039951324463,1.3897587060928345,1.7051997184753418,1.3957993984222412,1.6814985275268557,1.8189141750335691
SNRdb5_p246_050_934,1.280943751335144,1.6758720874786377,1.5908212661743164,1.5606857538223269,1.572644829750061,2.291077852249145,1.5723342895507812,1.619121789932251,1.5524544715881348,2.144956350326538,2.3769402503967285
SNRdb10_p360_201_934,1.7530317306518557,2.0823869705200195,2.028360366821289,2.21944522857666,2.012927532196045,2.3571691513061523,1.954958438873291,2.375211000442505,2.3423876762390137,2.2979257106781006,2.422433853149414
SNRdb20_p298_170_934,2.5338642597198486,3.076314210891724,3.0544557571411133,3.0508217811584477,3.088741540908813,3.0493319034576416,2.6674983501434326,3.1259047985076904,3.0581848621368413,3.1110727787017822,3.015294075012207
